,Student_ID,Daily_Study_Hours,Debate_Prep_Hours,Gym_Hours,Average_Sleep_Hours,Reported_Stress_Level,Academic_Score
0,STU_00001,5.2,0.6,0.8,8.0,3.0,87.0
1,STU_00002,4.3,0.2,0.4,7.5,4.0,81.0
2,STU_00003,5.5,0.1,1.2165816326530612,1.216581632653061,4.010084804033921,82.0
3,STU_00004,6.8,0.1,0.0,7.2,3.0,93.0
4,STU_00005,4.1,1.3,1.0,6.1,4.0,81.0
5,STU_00006,4.1,0.1,0.0,8.8,2.0,73.0
6,STU_00007,6.9,0.6,0.1,7.4,3.0,87.0
7,STU_00008,5.7,2.1,0.5,7.0,5.0,90.0
8,STU_00009,3.8,0.5,2.1,6.8,4.0,77.0
9,STU_00010,5.3,2.2,1.8,6.5,6.0,88.0
10,STU_00011,3.8,2.1,0.8,8.6,2.0,74.0
11,STU_00012,3.8,0.4,1.8,9.2,3.0,80.0
12,STU_00013,4.9,2.0,1.9,8.8,2.0,83.0
13,STU_00014,1.6,2.1,1.1,8.3,3.0,58.0
14,STU_00015,1.9,0.8,0.1,8.2,3.0,56.0
15,STU_00016,3.7,0.4,1.0,6.3,7.0,71.0
16,STU_00017,3.0,1.1,1.1,1.216581632653061,4.0,70.0
17,STU_00018,5.0,3.8,0.2,9.0,4.0,84.0
18,STU_00019,3.1,1.5,1.5,6.8,4.0,79.0
19,STU_00020,2.4,0.3,1.4,9.1,2.0,66.0
20,STU_00021,6.7,1.7,1.6,7.2,4.0,89.0
21,STU_00022,4.2,0.8,1.4,4.8,7.0,67.0
22,STU_00023,4.6,1.3,1.8,7.9,3.0,81.0
23,STU_00024,2.4,2.0,1.1,8.5,4.0,71.0
24,STU_00025,3.7,1.1,1.4,7.4,2.0,81.0
25,STU_00026,4.7,2.5,0.9,8.3,5.0,81.0
26,STU_00027,2.8,1.9,0.7,1.216581632653061,5.0,76.0
27,STU_00028,5.1,1.4,2.3,5.7,7.0,77.0
28,STU_00029,3.6,0.2,0.0,8.1,4.010084804033921,71.0
29,STU_00030,4.1,2.7,1.9,7.3,5.0,74.0
30,STU_00031,3.6,4.1,0.7,8.0,3.0,81.0
31,STU_00032,7.3,0.2,0.6,8.5,3.0,89.0
32,STU_00033,4.5,1.0,1.4,6.2,6.0,80.0
33,STU_00034,2.9,0.4,0.0,8.1,2.0,63.0
34,STU_00035,5.7,2.1,0.5,7.9,4.0,95.0
35,STU_00036,2.7,1.9,0.5,5.4,7.0,67.0
36,STU_00037,4.8,0.2,1.0,7.7,2.0,81.0
37,STU_00038,1.6,3.1,0.6,6.6,4.0,57.0
38,STU_00039,2.5,0.3,1.2165816326530612,6.8,3.0,60.0
39,STU_00040,4.8,2.4,2.6,7.3,4.0,79.0
40,STU_00041,5.6,0.9,0.0,6.6,3.0,88.0
41,STU_00042,4.8,0.6,1.6,7.9,4.0,82.0
42,STU_00043,4.3,0.3,1.9,8.1,3.0,81.0
43,STU_00044,4.0,0.3,1.6,8.7,4.010084804033921,69.0
44,STU_00045,2.3,1.6,0.7,6.3,4.0,68.0
45,STU_00046,3.4,1.2,1.0,5.9,4.0,70.0
46,STU_00047,3.8,0.2,0.6,8.1,3.0,70.0
47,STU_00048,6.1,0.2,0.9,7.5,2.0,85.0
48,STU_00049,5.0,0.1,0.2,10.0,4.010084804033921,80.0
49,STU_00050,1.9,2.0,1.1,7.6,4.0,67.0
50,STU_00051,5.0,1.9,0.0,7.5,4.0,87.0
51,STU_00052,3.9,0.1,1.0,7.6,2.0,76.0
52,STU_00053,3.5,1.2,0.2,6.4,4.0,75.0
53,STU_00054,5.4,0.1,1.4,8.3,4.010084804033921,90.0
54,STU_00055,6.0,3.5,0.7,6.7,6.0,94.0
55,STU_00056,5.9,3.6,1.4,6.6,5.0,90.0
56,STU_00057,3.2,1.8,2.1,7.1,4.0,74.0
57,STU_00058,4.0,3.9,2.5,6.6,6.0,87.0
58,STU_00059,5.0,2.5,0.0,5.5,6.0,80.0
59,STU_00060,6.0,2.6,0.5,7.9,4.0,88.0
60,STU_00061,3.8,1.3,1.0,6.6,6.0,80.0
61,STU_00062,4.2,0.5,1.6,7.4,5.0,75.0
62,STU_00063,2.8,0.4,0.0,9.2,4.010084804033921,71.0
63,STU_00064,2.7,0.6,0.4,9.5,4.010084804033921,72.0
64,STU_00065,5.7,1.5,1.3,5.6,7.0,82.0
65,STU_00066,6.5,0.3,1.3,7.7,4.0,88.0
66,STU_00067,4.4,0.4,1.5,7.8,2.0,82.0
67,STU_00068,6.0,0.9,1.6,5.9,6.0,87.0
68,STU_00069,5.0,0.4,1.5,8.4,3.0,73.0
69,STU_00070,3.5,1.3,1.4,7.4,5.0,71.0
70,STU_00071,5.0,3.8,1.2,6.8,7.0,89.0
71,STU_00072,6.8,2.1,1.7,6.1,4.0,99.0
72,STU_00073,4.4,1.6,0.0,7.9,2.0,79.0
73,STU_00074,6.8,1.3,2.4,8.0,4.0,95.0
74,STU_00075,0.6,1.0,0.0,7.8,3.0,53.0
75,STU_00076,5.7,0.3,0.3,7.3,4.010084804033921,88.0
76,STU_00077,4.6,3.4,1.0,6.3,4.0,89.0
77,STU_00078,4.1,0.4,1.7,7.7,4.0,78.0
78,STU_00079,4.6,0.1,0.0,8.0,3.0,78.0
79,STU_00080,1.5,2.1,1.2,8.0,2.0,64.0
80,STU_00081,4.2,0.3,1.8,7.1,5.0,79.0
81,STU_00082,5.0,0.7,2.0,6.2,5.0,81.0
82,STU_00083,6.7,0.0,0.6,8.2,4.010084804033921,94.0
83,STU_00084,3.7,0.2,1.0,7.3,3.0,74.0
84,STU_00085,3.3,0.3,0.7,8.6,4.010084804033921,76.0
85,STU_00086,3.7,0.1,0.9,7.8,2.0,75.0
86,STU_00087,5.9,1.6,0.4,8.1,4.010084804033921,86.0
87,STU_00088,5.0,2.7,0.5,6.1,5.0,90.0
88,STU_00089,3.7,0.7,1.5,7.6,4.0,75.0
89,STU_00090,5.3,3.1,1.3,1.216581632653061,4.0,86.0
90,STU_00091,4.6,0.4,1.6,6.4,4.0,73.0
91,STU_00092,6.0,0.6,1.4,1.216581632653061,3.0,88.0
92,STU_00093,3.4,0.2,1.8,7.0,4.0,78.0
93,STU_00094,4.0,1.5,1.9,8.4,4.010084804033921,65.0
94,stu_00095 ,3.9,0.8,0.0,7.2,4.0,64.0
95,STU_00096,2.3,1.4,0.5,6.2,3.0,69.0
96,STU_00097,4.9,2.2,1.0,7.3,4.0,84.0
97,STU_00098,4.9,1.2,1.2,7.4,3.0,84.0
98,STU_00099,4.5,1.5,0.7,6.9,4.0,77.0
99,STU_00100,4.1,4.1,1.9,6.2,5.0,72.0
100,STU_00101,2.4,0.5,2.8,8.3,5.0,62.0
101,STU_00102,3.9,0.7,1.3,8.2,4.010084804033921,80.0
102,STU_00103,4.0,1.9,1.3,7.8,2.0,75.0
103,STU_00104,3.3,1.4,1.9,6.0,7.0,70.0
104,STU_00105,4.3,0.3,0.0,10.0,4.010084804033921,65.0
105,STU_00106,5.1,0.7,1.2,8.6,4.010084804033921,74.0
106,STU_00107,7.3,0.9,2.0,7.8,3.0,100.0
107,STU_00108,4.8,0.8,0.7,6.5,4.0,79.0
108,STU_00109,4.9,0.3,0.2,8.8,4.010084804033921,84.0
109,STU_00110,4.4,3.9,1.1,6.1,5.0,79.0
110,STU_00111,1.6,2.2,1.2,6.9,4.0,57.0
111,STU_00112,4.5,1.0,0.5,5.9,6.0,77.0
112,STU_00113,4.6,1.7,2.9,5.7,6.0,78.0
113,STU_00114,8.2,3.4,0.8,7.3,5.0,100.0
114,STU_00115,4.2,0.2,0.3,8.9,4.010084804033921,72.0
115,STU_00116,5.0,0.4,1.1,8.3,3.0,80.0
116,STU_00117,4.4,1.2,1.9,7.9,4.0,76.0
117,STU_00118,2.7,2.4,1.2,7.0,5.0,66.0
118,STU_00119,6.2,0.1,1.6,7.3,3.0,95.0
119,STU_00120,5.6,6.0,0.5,6.4,5.0,95.0
120,STU_00121,5.7,0.9,2.4,8.1,4.0,86.0
121,STU_00122,3.1,0.7,1.6,7.5,3.0,70.0
122,STU_00123,6.6,0.5,2.0,8.6,2.0,93.0
123,STU_00124,2.4,0.3,1.2165816326530612,7.4,4.0,67.0
124,STU_00125,5.4,2.4,1.9,5.9,6.0,82.0
125,STU_00126,7.8,4.7,0.5,6.5,5.0,98.0
126,STU_00127,3.0,0.8,0.8,7.7,3.0,60.0
127,STU_00128,3.7,4.6,2.3,6.1,5.0,86.0
128,STU_00129,4.6,2.6,2.4,8.0,4.0,80.0
129,STU_00130,3.7,1.0,0.3,8.5,3.0,76.0
130,STU_00131,2.2,1.7,1.4,5.8,4.0,66.0
131,STU_00132,4.6,0.9,0.9,9.1,2.0,83.0
132,STU_00133,2.9,1.2,0.6,4.8,7.0,69.0
133,STU_00134,5.2,0.1,1.4,9.8,4.010084804033921,76.0
134,STU_00135,3.1,1.8,2.1,6.8,4.0,67.0
135,STU_00136,6.8,0.1,1.6,7.5,2.0,90.0
136,STU_00137,3.3,2.5,0.9,7.0,4.0,67.0
137,STU_00138,4.0,2.6,1.6,7.3,6.0,75.0
138,STU_00139,5.7,0.4,0.9,7.7,4.010084804033921,80.0
139,STU_00140,2.7,0.6,1.5,7.4,2.0,65.0
140,STU_00141,4.8,1.0,2.3,1.216581632653061,2.0,79.0
141,STU_00142,6.5,1.4,0.0,8.2,2.0,91.0
142,STU_00143,2.1,0.5,1.8,6.5,4.0,67.0
143,STU_00144,4.8,1.3,0.0,8.3,4.0,80.0
144,STU_00145,4.9,0.5,2.2,7.9,2.0,74.0
145,STU_00146,5.7,0.1,0.7,7.3,3.0,76.0
146,STU_00147,2.6,0.0,0.2,8.7,4.010084804033921,67.0
147,STU_00148,2.5,0.2,1.8,7.4,3.0,63.0
148,STU_00149,5.3,2.4,1.5,6.8,3.0,85.0
149,STU_00150,4.9,4.9,0.4,6.2,6.0,88.0
150,STU_00151,4.9,0.8,0.2,5.3,5.0,86.0
151,STU_00152,5.0,1.1,1.1,6.9,5.0,75.0
152,STU_00153,3.5,0.2,0.2,8.6,2.0,67.0
153,STU_00154,4.8,1.2,0.4,7.5,2.0,81.0
154,STU_00155,4.9,0.2,1.2165816326530612,6.4,4.0,75.0
155,STU_00156,3.4,1.4,0.4,8.5,2.0,67.0
156,STU_00157,7.3,4.1,1.5,6.2,4.010084804033921,97.0
157,STU_00158,5.2,0.3,2.4,6.2,5.0,78.0
158,STU_00159,2.7,2.2,1.1,9.3,4.010084804033921,64.0
159,STU_00160,5.5,0.0,1.3,6.7,3.0,78.0
160,STU_00161,3.0,0.7,2.8,8.1,3.0,74.0
161,STU_00162,5.7,0.2,0.2,7.1,3.0,82.0
162,STU_00163,6.2,0.7,2.2,7.5,4.0,83.0
163,STU_00164,3.3,0.3,2.1,6.6,4.0,67.0
164,STU_00165,5.9,0.7,1.9,6.2,5.0,87.0
165,STU_00166,5.1,0.8,2.2,7.8,3.0,85.0
166,STU_00167,5.7,0.5,1.4,8.0,3.0,88.0
167,STU_00168,7.3,1.6,0.7,8.5,4.010084804033921,93.0
168,STU_00169,4.1,3.8,2.1,6.4,6.0,78.0
169,STU_00170,3.4,0.8,2.1,1.216581632653061,4.010084804033921,80.0
170,STU_00171,3.2,0.3,2.1,7.8,4.010084804033921,73.0
171,STU_00172,3.3,0.5,1.2,8.2,5.0,69.0
172,STU_00173,4.4,2.9,0.6,5.7,6.0,71.0
173,STU_00174,5.0,1.3,1.4,6.7,4.0,80.0
174,STU_00175,4.9,0.9,2.0,7.9,3.0,76.0
175,STU_00176,5.7,0.2,2.0,7.4,4.0,81.0
176,STU_00177,4.5,0.9,0.9,7.7,2.0,75.0
177,STU_00178,6.7,0.5,1.5,6.7,4.0,90.0
178,STU_00179,4.1,4.3,0.2,6.8,4.0,81.0
179,STU_00180,8.6,3.2,2.0,6.8,6.0,100.0
180,STU_00181,5.4,0.1,0.6,6.7,3.0,78.0
181,STU_00182,3.2,1.1,1.8,7.9,4.0,70.0
182,STU_00183,2.9,0.4,0.3,6.1,4.0,66.0
183,STU_00184,5.2,0.8,2.0,7.5,4.0,75.0
184,STU_00185,4.2,3.1,1.5,8.5,4.0,82.0
185,STU_00186,5.6,1.1,0.6,8.2,4.0,82.0
186,STU_00187,5.2,0.6,1.8,1.216581632653061,2.0,81.0
187,STU_00188,4.4,0.3,0.7,6.9,4.0,76.0
188,STU_00189,3.2,2.4,1.8,8.7,4.010084804033921,73.0
189,STU_00190,2.2,1.5,1.0,8.7,2.0,66.0
190,STU_00191,3.8,0.9,0.0,6.9,3.0,69.0
191,STU_00192,5.8,0.4,0.4,7.3,2.0,87.0
192,STU_00193,4.8,0.6,0.9,8.9,4.010084804033921,78.0
193,STU_00194,2.6,4.8,2.3,7.9,5.0,77.0
194,STU_00195,4.8,1.1,1.9,6.0,5.0,83.0
195,STU_00196,5.1,0.8,2.5,6.3,4.0,87.0
196,STU_00197,3.2,1.1,2.5,7.0,4.0,67.0
197,STU_00198,4.7,2.3,0.8,5.0,6.0,87.0
198,STU_00199,4.6,0.6,1.2165816326530612,7.6,3.0,79.0
199,STU_00200,2.8,0.3,0.9,8.9,4.010084804033921,70.0
200,STU_00201,5.0,1.3,0.7,6.0,5.0,85.0
201,STU_00202,5.3,1.6,0.0,7.6,4.0,86.0
202,STU_00203,6.1,1.9,1.2,6.6,6.0,85.0
203,STU_00204,6.1,3.2,0.2,8.6,3.0,95.0
204,STU_00205,2.4,0.7,1.2,7.0,4.0,67.0
205,STU_00206,3.1,0.1,2.9,8.9,2.0,63.0
206,STU_00207,5.3,4.8,0.8,5.8,6.0,87.0
207,STU_00208,5.3,0.9,1.4,8.2,3.0,78.0
208,STU_00209,5.3,1.5,1.9,7.4,3.0,78.0
209,STU_00210,10.0,1.6,1.4,7.1,2.0,100.0
210,STU_00211,5.4,1.2,1.4,6.6,3.0,78.0
211,STU_00212,6.2,0.3,0.9,8.0,4.0,82.0
212,STU_00213,5.9,2.1,1.0,6.7,4.0,97.0
213,STU_00214,5.5,2.4,0.4,6.5,5.0,85.0
214,STU_00215,4.0,1.2,1.9,8.7,2.0,79.0
215,STU_00216,5.6,1.0,0.0,8.2,3.0,90.0
216,STU_00217,3.3,0.2,2.0,8.2,3.0,73.0
217,stu_00218 ,4.1,0.1,0.1,7.6,2.0,76.0
218,STU_00219,3.8,0.6,2.0,7.2,4.0,73.0
219,STU_00220,4.6,0.6,0.9,7.4,3.0,81.0
220,STU_00221,8.0,4.6,0.2,6.9,6.0,100.0
221,STU_00222,1.7,2.3,1.7,7.6,4.0,66.0
222,STU_00223,5.5,1.6,1.9,7.1,4.0,85.0
223,STU_00224,2.1,1.1,0.8,6.7,3.0,64.0
224,STU_00225,3.8,0.3,1.8,1.216581632653061,2.0,81.0
225,STU_00226,6.1,5.8,0.0,6.3,6.0,94.0
226,STU_00227,4.6,0.7,0.1,6.3,5.0,79.0
227,STU_00228,2.9,0.2,2.2,5.4,4.0,69.0
228,STU_00229,3.4,1.0,1.0,7.8,4.0,74.0
229,STU_00230,5.5,3.1,0.0,6.2,4.0,89.0
230,STU_00231,3.4,3.3,0.6,7.3,5.0,70.0
231,STU_00232,4.8,0.0,0.5,7.1,2.0,80.0
232,STU_00233,4.6,3.3,1.1,6.9,6.0,83.0
233,STU_00234,3.5,0.5,0.9,7.3,3.0,76.0
234,STU_00235,7.7,0.1,1.3,9.5,4.010084804033921,99.0
235,STU_00236,5.5,2.8,1.1,7.9,5.0,92.0
236,STU_00237,1.5,3.0,2.3,8.0,5.0,59.0
237,STU_00238,4.8,1.4,1.5,7.3,4.0,77.0
238,STU_00239,3.5,1.3,1.6,8.1,2.0,74.0
239,STU_00240,5.8,2.5,2.1,6.9,6.0,93.0
240,STU_00241,3.3,2.3,0.9,8.6,2.0,73.0
241,STU_00242,4.3,3.3,0.2,6.9,3.0,78.0
242,STU_00243,5.3,1.2,2.2,5.8,4.0,77.0
243,STU_00244,5.8,5.1,1.3,4.2,4.010084804033921,86.0
244,STU_00245,2.7,6.0,1.3,7.6,5.0,75.0
245,STU_00246,4.0,0.2,0.7,8.3,2.0,73.0
246,STU_00247,3.8,2.8,0.7,7.6,4.0,81.0
247,STU_00248,3.5,1.0,1.9,8.8,2.0,72.0
248,STU_00249,7.1,0.7,2.0,5.7,3.0,94.0
249,STU_00250,5.1,1.4,1.8,6.8,5.0,86.0
250,STU_00251,2.6,0.1,1.8,7.4,3.0,75.0
251,STU_00252,5.9,1.1,1.7,8.1,2.0,85.0
252,STU_00253,7.7,3.1,1.3,6.1,7.0,97.0
253,STU_00254,6.0,0.4,1.1,6.5,4.0,83.0
254,STU_00255,2.2,0.8,2.2,6.1,5.0,66.0
255,STU_00256,3.8,4.2,1.2165816326530612,7.7,5.0,75.0
256,STU_00257,6.4,0.8,1.5,6.7,3.0,88.0
257,STU_00258,3.4,0.7,0.6,7.1,3.0,70.0
258,STU_00259,5.2,0.9,0.7,8.2,3.0,89.0
259,STU_00260,5.7,1.1,1.0,6.8,4.0,90.0
260,STU_00261,3.1,1.5,0.6,5.7,4.0,65.0
261,STU_00262,4.4,2.4,1.8,5.3,6.0,86.0
262,STU_00263,0.0,0.9,0.1,7.6,3.0,46.0
263,STU_00264,3.0,2.6,1.3,7.5,2.0,72.0
264,STU_00265,4.1,1.1,1.3,7.2,2.0,73.0
265,STU_00266,2.6,0.6,0.0,8.2,4.0,65.0
266,STU_00267,6.9,1.6,0.8,1.216581632653061,6.0,90.0
267,STU_00268,2.4,1.9,1.4,5.6,7.0,74.0
268,STU_00269,3.8,1.2,1.5,9.6,2.0,74.0
269,STU_00270,4.7,0.1,1.0,9.0,2.0,79.0
270,STU_00271,6.7,0.3,1.7,8.3,2.0,86.0
271,STU_00272,2.3,0.5,1.1,7.0,4.0,59.0
272,STU_00273,6.2,0.5,1.2,7.4,5.0,86.0
273,STU_00274,4.5,1.7,1.4,7.2,5.0,82.0
274,STU_00275,3.0,0.0,1.9,8.9,2.0,68.0
275,STU_00276,5.2,2.1,0.7,7.6,3.0,88.0
276,STU_00277,4.8,0.5,0.8,8.2,3.0,80.0
277,STU_00278,3.6,0.6,0.7,7.5,2.0,72.0
278,STU_00279,4.6,1.1,0.9,8.3,3.0,81.0
279,STU_00280,3.9,0.4,2.3,7.7,2.0,74.0
280,STU_00281,4.7,3.2,1.7,6.7,5.0,87.0
281,STU_00282,5.5,0.1,0.3,7.2,2.0,85.0
282,STU_00283,6.9,0.9,0.7,7.5,3.0,96.0
283,STU_00284,2.6,2.8,1.5,5.8,5.0,73.0
284,STU_00285,7.7,1.4,0.5,7.4,5.0,100.0
285,STU_00286,1.6,0.5,0.6,7.8,2.0,64.0
286,STU_00287,4.3,0.8,2.3,4.9,7.0,84.0
287,STU_00288,5.4,1.8,0.7,7.1,3.0,83.0
288,STU_00289,4.9,5.4,2.0,4.8,4.010084804033921,75.0
289,STU_00290,3.6,3.4,1.2165816326530612,7.1,6.0,71.0
290,STU_00291,4.2,0.6,0.6,8.3,4.010084804033921,80.0
291,STU_00292,3.8,6.0,0.5,5.7,6.0,82.0
292,STU_00293,3.6,0.0,1.0,8.4,4.010084804033921,75.0
293,STU_00294,5.8,0.0,0.3,8.5,4.010084804033921,91.0
294,STU_00295,5.0,2.6,1.3,1.216581632653061,5.0,87.0
295,STU_00296,3.5,0.3,1.0,9.2,4.010084804033921,70.0
296,STU_00297,5.8,0.1,1.5,6.9,2.0,81.0
297,STU_00298,5.0,0.4,2.3,8.9,2.0,83.0
298,STU_00299,5.7,0.8,1.9,7.2,3.0,84.0
299,STU_00300,5.4,2.0,1.6,6.2,5.0,88.0
300,STU_00301,3.3,1.5,0.0,7.2,3.0,70.0
301,STU_00302,3.7,0.4,1.6,6.5,5.0,69.0
302,STU_00303,5.6,1.0,2.6,8.0,5.0,84.0
303,stu_00304 ,5.4,3.9,0.0,5.2,4.010084804033921,82.0
304,STU_00305,4.5,2.5,1.8,8.3,5.0,81.0
305,STU_00306,4.7,0.6,1.1,6.7,3.0,76.0
306,STU_00307,6.4,6.0,0.5,6.9,6.0,100.0
307,STU_00308,3.6,1.8,1.8,7.1,5.0,74.0
308,STU_00309,5.3,0.1,2.6,7.7,5.0,73.0
309,STU_00310,4.2,0.1,1.8,7.0,4.0,79.0
310,STU_00311,4.2,0.3,0.9,8.1,4.010084804033921,75.0
311,stu_00312 ,6.1,2.0,0.4,7.5,3.0,89.0
312,STU_00313,5.7,0.3,1.3,6.2,5.0,84.0
313,STU_00314,5.7,1.1,1.9,6.3,5.0,85.0
314,STU_00315,6.5,0.1,0.9,7.2,2.0,96.0
315,STU_00316,4.5,3.8,1.0,5.9,6.0,85.0
316,STU_00317,5.5,0.6,3.0,8.5,3.0,85.0
317,STU_00318,4.0,3.6,2.1,6.5,5.0,79.0
318,STU_00319,5.0,4.3,2.1,1.216581632653061,4.010084804033921,85.0
319,STU_00320,4.3,0.0,0.0,7.5,2.0,79.0
320,STU_00321,4.6,0.9,0.6,1.216581632653061,3.0,83.0
321,STU_00322,5.4,0.0,1.3,7.4,4.0,84.0
322,STU_00323,3.3,3.6,0.4,5.8,6.0,79.0
323,STU_00324,7.6,1.1,2.5,6.4,6.0,99.0
324,STU_00325,3.0,0.1,2.3,8.3,4.010084804033921,67.0
325,STU_00326,2.7,0.2,0.8,8.0,3.0,68.0
326,STU_00327,6.2,0.7,2.6,7.1,5.0,97.0
327,STU_00328,5.7,4.2,1.2,6.5,5.0,91.0
328,STU_00329,5.4,1.8,3.0,6.8,5.0,90.0
329,STU_00330,5.4,3.0,1.3,6.6,5.0,92.0
330,STU_00331,4.5,0.7,1.7,8.0,3.0,80.0
331,STU_00332,3.2,0.1,2.3,8.0,3.0,76.0
332,STU_00333,4.6,5.5,2.2,4.3,4.010084804033921,69.0
333,STU_00334,3.5,0.0,1.6,1.216581632653061,3.0,64.0
334,STU_00335,6.0,4.4,1.1,4.9,4.010084804033921,83.0
335,STU_00336,4.3,0.7,1.6,8.1,4.0,74.0
336,STU_00337,3.3,0.0,0.5,8.7,2.0,70.0
337,STU_00338,4.0,1.8,1.3,6.6,4.0,84.0
338,STU_00339,5.1,5.9,0.3,6.0,4.010084804033921,74.0
339,STU_00340,3.7,5.1,0.0,4.4,4.010084804033921,70.0
340,STU_00341,3.3,0.3,1.2,8.6,2.0,68.0
341,STU_00342,4.9,0.3,2.2,1.216581632653061,3.0,82.0
342,STU_00343,4.9,1.3,1.9,1.216581632653061,2.0,81.0
343,STU_00344,3.7,1.5,1.1,8.8,3.0,81.0
344,STU_00345,3.8,2.0,2.6,5.7,7.0,75.0
345,STU_00346,4.8,0.3,0.7,8.6,2.0,76.0
346,STU_00347,2.3,4.8,0.0,8.0,4.0,69.0
347,STU_00348,2.4,1.5,0.0,6.0,3.0,65.0
348,STU_00349,3.4,2.8,0.3,6.9,5.0,72.0
349,STU_00350,4.2,1.2,1.9,6.9,5.0,74.0
350,STU_00351,5.0,0.8,0.7,8.5,4.010084804033921,85.0
351,STU_00352,6.7,5.7,1.6,3.6,4.010084804033921,80.0
352,STU_00353,5.8,1.3,2.5,1.216581632653061,4.0,88.0
353,STU_00354,4.3,3.0,0.3,6.9,3.0,78.0
354,STU_00355,4.5,4.6,1.6,7.2,5.0,81.0
355,STU_00356,3.0,1.7,1.6,7.1,6.0,62.0
356,STU_00357,4.5,1.2,1.2165816326530612,8.0,3.0,80.0
357,STU_00358,4.1,0.0,2.3,5.2,5.0,72.0
358,STU_00359,5.0,0.1,1.0,7.4,3.0,86.0
359,STU_00360,3.3,0.3,0.9,8.6,3.0,65.0
360,STU_00361,5.3,0.3,2.9,7.6,3.0,80.0
361,STU_00362,6.8,0.4,1.6,5.9,5.0,91.0
362,STU_00363,4.3,0.5,1.9,7.5,4.0,79.0
363,STU_00364,5.1,0.7,2.3,6.5,5.0,89.0
364,STU_00365,5.5,0.8,0.7,6.7,5.0,79.0
365,STU_00366,3.9,0.2,2.2,6.0,4.0,72.0
366,STU_00367,4.8,0.1,0.8,8.4,4.010084804033921,73.0
367,STU_00368,4.5,1.7,0.8,8.5,3.0,83.0
368,STU_00369,4.6,1.2,1.0,9.6,4.010084804033921,77.0
369,STU_00370,3.3,0.9,0.7,6.1,4.0,71.0
370,STU_00371,4.5,1.5,1.9,7.9,4.0,79.0
371,STU_00372,5.2,2.6,1.4,7.8,5.0,86.0
372,STU_00373,6.7,0.8,0.8,7.0,3.0,91.0
373,STU_00374,5.9,1.5,1.7,6.3,5.0,84.0
374,STU_00375,7.7,4.6,1.0,5.3,6.0,100.0
375,STU_00376,3.3,2.7,0.9,6.5,5.0,71.0
376,STU_00377,5.8,0.8,1.2,7.7,3.0,89.0
377,STU_00378,4.8,1.6,1.6,8.6,3.0,81.0
378,STU_00379,7.8,0.3,1.2165816326530612,8.7,2.0,93.0
379,STU_00380,3.3,1.2,0.9,5.8,6.0,81.0
380,STU_00381,3.2,6.0,1.9,5.0,4.010084804033921,69.0
381,STU_00382,3.6,1.1,1.0,1.216581632653061,5.0,83.0
382,STU_00383,1.3,3.9,0.7,6.0,6.0,62.0
383,STU_00384,3.7,0.8,0.0,7.7,4.010084804033921,70.0
384,STU_00385,3.4,6.0,2.0,4.1,4.010084804033921,74.0
385,STU_00386,4.7,1.3,1.2,8.5,3.0,85.0
386,STU_00387,5.0,0.1,1.4,5.8,4.0,81.0
387,STU_00388,7.3,1.3,2.0,5.6,5.0,87.0
388,STU_00389,5.9,0.5,0.8,8.7,4.010084804033921,82.0
389,STU_00390,3.6,0.0,0.1,9.9,4.010084804033921,74.0
390,STU_00391,3.2,2.6,1.3,6.7,5.0,70.0
391,STU_00392,5.2,0.5,1.4,1.216581632653061,4.0,77.0
392,STU_00393,2.5,2.4,1.0,8.0,2.0,68.0
393,STU_00394,7.2,0.5,2.4,7.7,4.0,81.0
394,STU_00395,6.3,0.3,0.0,7.5,4.010084804033921,86.0
395,STU_00396,3.8,5.5,2.1,5.5,4.010084804033921,71.0
396,STU_00397,1.9,0.7,1.8,5.9,5.0,64.0
397,STU_00398,6.5,1.4,1.6,7.5,3.0,93.0
398,STU_00399,4.3,1.4,0.0,7.5,2.0,80.0
399,STU_00400,6.4,1.2,2.2,1.216581632653061,5.0,94.0
400,STU_00401,2.1,3.7,0.4,5.8,6.0,68.0
401,STU_00402,3.6,1.7,0.8,6.4,4.0,68.0
402,STU_00403,4.5,0.8,1.1,8.2,3.0,78.0
403,STU_00404,4.6,3.0,1.5,7.7,5.0,78.0
404,STU_00405,3.8,0.3,1.7,7.2,3.0,68.0
405,STU_00406,5.4,1.2,1.9,6.8,4.0,87.0
406,STU_00407,2.9,4.5,1.9,5.4,6.0,69.0
407,STU_00408,4.3,1.5,1.4,8.2,4.0,81.0
408,STU_00409,4.7,2.5,1.5,7.0,6.0,77.0
409,STU_00410,5.3,1.6,0.3,7.8,2.0,83.0
410,STU_00411,5.6,2.7,0.6,7.4,4.0,85.0
411,STU_00412,2.8,4.3,1.9,1.216581632653061,4.010084804033921,70.0
412,STU_00413,2.2,0.5,1.9,6.3,5.0,66.0
413,STU_00414,6.4,0.3,1.8,6.6,5.0,86.0
414,STU_00415,5.0,1.0,0.8,8.7,2.0,81.0
415,STU_00416,3.4,1.8,1.9,6.3,4.0,78.0
416,STU_00417,6.8,0.4,0.3,7.4,3.0,98.0
417,STU_00418,4.7,0.0,2.1,6.5,5.0,73.0
418,STU_00419,6.3,0.6,1.0,6.4,5.0,94.0
419,STU_00420,4.6,5.2,2.5,5.2,4.010084804033921,66.0
420,STU_00421,7.6,1.8,0.0,9.2,4.010084804033921,99.0
421,STU_00422,7.1,0.8,2.6,7.9,4.0,94.0
422,STU_00423,4.1,0.3,0.9,7.2,3.0,73.0
423,STU_00424,6.0,0.7,0.9,8.7,4.010084804033921,82.0
424,STU_00425,5.5,0.3,1.4,7.5,4.0,85.0
425,STU_00426,6.6,0.2,0.6,9.2,4.010084804033921,89.0
426,STU_00427,3.1,3.6,1.1,8.9,3.0,75.0
427,stu_00428 ,5.5,6.0,0.6,7.1,6.0,94.0
428,STU_00429,6.1,0.3,0.6,7.9,4.010084804033921,97.0
429,STU_00430,1.9,0.1,1.6,8.4,4.0,66.0
430,STU_00431,2.7,0.6,0.5,1.216581632653061,5.0,69.0
431,STU_00432,1.4,0.9,0.6,5.8,6.0,51.0
432,STU_00433,4.1,0.3,0.1,7.2,3.0,77.0
433,STU_00434,5.6,0.5,0.8,6.7,4.0,91.0
434,STU_00435,6.8,0.3,2.2,6.8,3.0,89.0
435,STU_00436,4.6,2.2,0.5,9.0,3.0,90.0
436,STU_00437,6.9,1.9,0.6,8.4,4.0,97.0
437,STU_00438,2.4,1.5,1.4,7.7,4.0,68.0
438,STU_00439,1.9,0.7,0.9,8.4,3.0,59.0
439,STU_00440,4.4,3.6,3.0,4.4,4.010084804033921,72.0
440,STU_00441,5.1,5.2,1.1,6.9,5.0,85.0
441,STU_00442,4.5,0.3,1.5,8.6,5.0,75.0
442,STU_00443,1.4,0.4,2.0,5.3,5.0,51.0
443,STU_00444,4.4,1.1,1.9,8.0,3.0,81.0
444,STU_00445,2.5,0.1,1.4,6.3,5.0,68.0
445,STU_00446,5.5,0.9,1.1,5.6,5.0,84.0
446,STU_00447,5.0,1.3,2.8,8.4,3.0,85.0
447,STU_00448,3.1,1.1,1.1,6.4,6.0,73.0
448,STU_00449,3.7,0.6,0.8,1.216581632653061,4.0,72.0
449,STU_00450,2.9,1.2,0.7,8.5,3.0,66.0
450,STU_00451,4.4,4.8,0.0,6.3,5.0,77.0
451,STU_00452,5.9,0.3,1.9,7.3,4.0,85.0
452,STU_00453,3.0,1.6,0.0,7.3,2.0,65.0
453,STU_00454,5.3,0.1,1.2,8.1,2.0,82.0
454,STU_00455,3.7,0.1,1.0,7.5,3.0,72.0
455,STU_00456,3.3,1.2,3.0,7.2,4.0,70.0
456,STU_00457,4.3,0.2,0.0,7.4,3.0,80.0
457,STU_00458,2.9,0.0,0.5,8.2,3.0,64.0
458,STU_00459,3.7,0.3,1.1,8.0,3.0,65.0
459,STU_00460,2.7,1.2,1.0,9.3,4.010084804033921,67.0
460,STU_00461,7.4,1.8,0.8,6.9,7.0,94.0
461,STU_00462,4.6,0.3,1.1,7.5,3.0,78.0
462,STU_00463,3.5,1.7,0.2,7.7,4.0,70.0
463,STU_00464,4.8,0.3,1.5,8.6,4.010084804033921,81.0
464,STU_00465,4.3,1.4,1.2165816326530612,6.5,4.0,74.0
465,STU_00466,4.2,0.8,1.2,7.6,2.0,72.0
466,STU_00467,5.4,1.6,0.7,4.9,5.0,87.0
467,STU_00468,5.6,6.0,2.0,5.5,4.010084804033921,85.0
468,STU_00469,3.7,4.2,2.6,7.3,5.0,74.0
469,STU_00470,3.6,0.0,0.9,7.1,5.0,68.0
470,STU_00471,4.1,3.2,2.3,6.7,7.0,78.0
471,STU_00472,1.0,0.1,0.9,7.3,2.0,52.0
472,STU_00473,2.2,4.6,0.4,1.216581632653061,6.0,69.0
473,STU_00474,6.6,0.5,2.6,8.3,2.0,89.0
474,STU_00475,7.0,0.7,1.6,6.4,6.0,89.0
475,STU_00476,4.1,0.1,1.2,8.0,3.0,78.0
476,STU_00477,5.4,0.2,1.7,7.9,3.0,78.0
477,STU_00478,5.0,1.9,1.4,1.216581632653061,5.0,88.0
478,STU_00479,9.1,4.3,1.1,6.6,6.0,100.0
479,STU_00480,6.2,1.4,0.1,6.6,3.0,87.0
480,STU_00481,4.3,1.9,1.0,7.8,4.0,81.0
481,STU_00482,3.1,2.2,1.7,5.7,6.0,72.0
482,STU_00483,2.1,0.5,1.1,7.3,4.0,66.0
483,STU_00484,4.8,0.1,1.9,7.3,2.0,71.0
484,STU_00485,3.4,0.0,1.5,8.8,2.0,72.0
485,STU_00486,2.4,0.6,0.5,7.8,2.0,63.0
486,STU_00487,3.5,0.4,0.1,8.8,2.0,72.0
487,STU_00488,2.9,0.1,1.1,8.3,3.0,67.0
488,STU_00489,7.0,0.3,0.8,8.3,2.0,98.0
489,STU_00490,5.8,0.2,1.5,7.3,4.0,78.0
490,STU_00491,4.5,3.7,0.6,7.8,3.0,89.0
491,STU_00492,6.7,0.2,0.7,7.4,4.0,93.0
492,STU_00493,4.6,1.2,2.0,5.5,7.0,80.0
493,STU_00494,3.2,1.3,1.3,7.1,3.0,66.0
494,STU_00495,6.8,1.2,0.6,8.0,2.0,86.0
495,STU_00496,5.3,0.2,1.2,6.1,3.0,80.0
496,STU_00497,2.9,0.6,2.3,6.5,5.0,71.0
497,STU_00498,4.2,0.1,1.4,6.5,4.0,75.0
498,STU_00499,3.2,0.8,1.7,8.2,2.0,73.0
499,STU_00500,2.4,0.3,0.6,9.5,4.010084804033921,59.0
500,STU_00501,5.9,1.2,2.0,7.0,6.0,87.0
501,STU_00502,7.4,1.8,3.0,7.4,3.0,100.0
502,STU_00503,2.4,1.1,0.6,8.1,3.0,72.0
503,STU_00504,5.3,0.9,0.3,9.2,4.010084804033921,78.0
504,STU_00505,3.5,0.7,1.3,6.9,4.0,71.0
505,STU_00506,3.8,2.8,1.9,6.6,5.0,75.0
506,STU_00507,3.6,0.4,1.1,7.3,3.0,70.0
507,STU_00508,3.2,2.0,0.4,7.4,4.0,76.0
508,STU_00509,4.6,2.1,1.1,9.6,4.010084804033921,92.0
509,STU_00510,3.3,0.8,1.7,7.5,5.0,66.0
510,STU_00511,4.9,0.5,0.9,6.8,3.0,82.0
511,STU_00512,4.4,1.0,1.7,6.2,6.0,79.0
512,STU_00513,4.1,0.1,2.1,8.8,4.010084804033921,76.0
513,STU_00514,3.1,0.1,1.4,6.8,3.0,74.0
514,STU_00515,3.6,0.2,1.2,8.4,4.010084804033921,74.0
515,STU_00516,5.6,0.3,1.9,6.9,3.0,76.0
516,STU_00517,5.3,1.1,1.2165816326530612,6.3,5.0,77.0
517,STU_00518,3.0,2.8,0.4,7.7,4.0,68.0
518,STU_00519,4.6,0.4,1.0,7.1,4.010084804033921,76.0
519,STU_00520,5.6,4.1,0.8,1.216581632653061,7.0,89.0
520,STU_00521,2.0,4.6,0.6,7.0,6.0,68.0
521,STU_00522,5.3,4.8,2.7,6.6,7.0,82.0
522,STU_00523,3.5,2.7,2.9,6.3,7.0,69.0
523,STU_00524,5.4,0.7,0.9,8.3,3.0,75.0
524,STU_00525,3.4,0.1,1.3,6.8,3.0,64.0
525,STU_00526,1.8,1.3,1.0,5.0,4.0,67.0
526,STU_00527,2.1,1.2,2.1,1.216581632653061,4.0,63.0
527,STU_00528,4.6,2.8,2.2,6.9,4.0,78.0
528,STU_00529,4.9,6.0,0.0,5.6,4.010084804033921,65.0
529,STU_00530,3.1,1.1,1.6,5.9,4.0,66.0
530,STU_00531,5.5,0.6,0.2,5.7,4.0,86.0
531,STU_00532,2.0,0.3,2.6,7.4,2.0,64.0
532,STU_00533,4.4,0.0,1.6,9.3,4.010084804033921,75.0
533,STU_00534,2.7,1.1,0.5,7.4,3.0,67.0
534,STU_00535,3.5,1.2,1.0,7.1,4.0,66.0
535,STU_00536,4.6,2.6,1.0,7.0,4.0,78.0
536,STU_00537,3.2,1.1,1.6,9.5,4.0,73.0
537,STU_00538,3.9,3.7,2.0,7.2,6.0,76.0
538,STU_00539,6.0,1.5,0.3,6.6,4.0,95.0
539,STU_00540,3.6,2.8,2.7,6.7,3.0,81.0
540,STU_00541,5.8,0.2,2.5,7.8,4.0,83.0
541,STU_00542,2.8,2.9,0.5,6.0,4.010084804033921,54.0
542,STU_00543,5.3,1.7,1.2165816326530612,8.0,3.0,93.0
543,STU_00544,6.7,0.3,2.6,6.6,4.0,94.0
544,STU_00545,0.8,0.3,2.2,6.0,5.0,56.0
545,STU_00546,3.3,3.9,0.9,6.7,4.0,76.0
546,STU_00547,5.4,0.0,1.9,7.5,4.0,83.0
547,STU_00548,4.2,0.9,3.0,7.1,6.0,77.0
548,STU_00549,5.1,0.6,1.3,6.8,3.0,77.0
549,STU_00550,3.6,1.6,0.7,6.7,4.0,72.0
550,STU_00551,4.6,2.7,1.2165816326530612,8.0,4.0,76.0
551,STU_00552,4.3,0.7,1.4,8.0,2.0,80.0
552,STU_00553,6.3,0.8,0.8,6.6,3.0,88.0
553,STU_00554,4.9,6.0,1.6,3.9,4.010084804033921,75.0
554,STU_00555,5.0,2.3,0.2,6.4,4.0,78.0
555,STU_00556,3.9,3.4,0.7,7.0,6.0,84.0
556,STU_00557,3.8,0.9,1.8,6.7,5.0,79.0
557,STU_00558,3.9,0.4,0.0,7.2,4.0,67.0
558,STU_00559,5.1,0.8,1.9,6.8,5.0,80.0
559,STU_00560,3.9,1.9,0.0,7.4,4.0,74.0
560,STU_00561,4.9,0.2,0.0,8.7,4.010084804033921,74.0
561,STU_00562,7.6,0.5,0.8,7.7,4.0,95.0
562,STU_00563,5.8,0.1,1.4,7.8,3.0,87.0
563,STU_00564,4.0,0.8,2.3,7.1,3.0,73.0
564,STU_00565,6.3,2.6,1.2,6.5,4.0,85.0
565,STU_00566,3.9,0.0,1.0,8.7,4.010084804033921,76.0
566,STU_00567,1.4,1.7,1.7,7.9,4.010084804033921,58.0
567,STU_00568,3.0,4.0,0.5,8.7,4.0,71.0
568,STU_00569,1.7,0.4,1.3,8.2,4.010084804033921,67.0
569,STU_00570,4.0,1.8,0.2,6.9,3.0,78.0
570,STU_00571,4.5,5.5,1.3,5.2,4.010084804033921,74.0
571,STU_00572,7.0,4.9,1.1,7.3,5.0,95.0
572,STU_00573,5.0,0.4,0.6,7.0,3.0,84.0
573,STU_00574,4.2,0.2,1.3,8.5,4.0,79.0
574,STU_00575,5.7,0.2,1.3,6.9,2.0,83.0
575,STU_00576,1.2,1.8,2.1,7.4,3.0,55.0
576,STU_00577,4.9,1.9,0.0,6.4,5.0,84.0
577,STU_00578,5.7,1.7,1.1,8.0,3.0,89.0
578,STU_00579,2.3,0.6,0.6,6.5,3.0,63.0
579,STU_00580,6.2,0.3,1.9,7.8,2.0,83.0
580,STU_00581,5.0,1.3,1.8,7.1,4.0,82.0
581,STU_00582,3.9,1.0,1.6,7.5,4.0,77.0
582,STU_00583,5.4,2.0,0.6,6.9,4.0,84.0
583,STU_00584,7.9,0.9,1.9,6.9,3.0,100.0
584,STU_00585,4.8,0.6,0.0,8.0,2.0,81.0
585,STU_00586,4.9,0.5,0.0,6.8,3.0,85.0
586,STU_00587,3.8,0.4,0.2,6.8,4.0,72.0
587,STU_00588,3.2,0.5,1.2,7.3,5.0,65.0
588,STU_00589,5.7,0.1,1.7,7.2,4.0,84.0
589,STU_00590,3.2,0.6,0.0,6.8,4.0,77.0
590,STU_00591,4.6,0.1,2.3,8.5,3.0,71.0
591,STU_00592,3.8,0.3,1.3,7.3,2.0,64.0
592,STU_00593,5.2,2.1,0.0,7.2,3.0,84.0
593,STU_00594,5.0,0.6,1.3,6.2,5.0,79.0
594,STU_00595,6.1,1.7,2.1,9.2,2.0,88.0
595,stu_00596 ,3.7,1.9,1.7,9.5,2.0,74.0
596,STU_00597,4.1,1.3,2.1,6.4,6.0,81.0
597,STU_00598,3.0,4.8,0.1,7.8,5.0,75.0
598,STU_00599,3.8,0.0,0.9,7.7,4.010084804033921,76.0
599,STU_00600,5.1,2.0,0.5,8.9,2.0,74.0
600,STU_00601,5.6,4.8,2.6,6.4,6.0,89.0
601,STU_00602,3.1,3.0,1.7,6.9,4.0,70.0
602,STU_00603,5.8,0.3,3.0,4.8,5.0,76.0
603,STU_00604,6.5,0.6,0.8,6.8,4.0,91.0
604,STU_00605,5.1,0.3,0.6,7.8,4.010084804033921,81.0
605,STU_00606,7.3,1.4,1.1,7.6,4.0,94.0
606,STU_00607,3.3,1.9,2.3,5.8,7.0,72.0
607,STU_00608,2.6,0.6,0.9,6.9,4.0,67.0
608,STU_00609,1.8,1.2,1.3,7.9,3.0,67.0
609,STU_00610,6.7,1.8,1.3,5.8,7.0,96.0
610,STU_00611,5.5,0.8,1.2,7.6,3.0,85.0
611,STU_00612,4.4,2.9,0.7,8.2,3.0,90.0
612,STU_00613,4.9,2.2,1.1,7.5,4.0,80.0
613,STU_00614,2.8,0.1,1.1,8.1,4.0,62.0
614,STU_00615,8.2,1.5,1.2,5.3,5.0,100.0
615,STU_00616,4.7,0.4,2.0,6.7,3.0,86.0
616,STU_00617,4.7,1.2,2.6,1.216581632653061,3.0,77.0
617,stu_00618 ,5.6,4.7,0.5,5.9,6.0,96.0
618,STU_00619,5.2,3.2,1.2165816326530612,8.1,3.0,84.0
619,STU_00620,4.8,0.8,0.5,7.0,2.0,83.0
620,STU_00621,3.3,0.5,1.2165816326530612,7.3,4.010084804033921,73.0
621,STU_00622,5.2,0.4,0.8,8.2,4.010084804033921,79.0
622,STU_00623,7.3,1.1,1.4,7.5,5.0,100.0
623,STU_00624,6.5,0.2,2.1,7.9,3.0,97.0
624,STU_00625,6.9,1.2,0.0,6.8,2.0,89.0
625,STU_00626,3.7,0.0,1.6,1.216581632653061,5.0,73.0
626,STU_00627,3.0,0.6,0.8,6.8,5.0,73.0
627,STU_00628,4.3,0.4,1.6,7.0,5.0,69.0
628,STU_00629,4.6,5.3,0.5,6.1,6.0,86.0
629,stu_00630 ,6.1,1.9,2.2,8.0,3.0,83.0
630,STU_00631,2.0,0.6,1.9,7.5,4.0,65.0
631,STU_00632,6.8,0.1,1.7,8.1,4.0,91.0
632,STU_00633,4.3,1.1,1.8,7.4,3.0,76.0
633,STU_00634,3.9,0.4,0.6,6.7,3.0,67.0
634,STU_00635,3.0,1.2,0.7,7.5,4.0,67.0
635,STU_00636,2.0,2.7,1.8,7.0,6.0,68.0
636,STU_00637,5.7,1.4,0.6,8.2,3.0,86.0
637,STU_00638,4.6,1.5,2.4,1.216581632653061,6.0,85.0
638,STU_00639,2.6,1.2,0.9,5.4,6.0,72.0
639,STU_00640,2.6,3.9,1.6,6.7,6.0,76.0
640,STU_00641,4.0,4.0,2.9,6.6,5.0,78.0
641,STU_00642,7.0,1.1,0.6,1.216581632653061,2.0,95.0
642,STU_00643,4.1,0.5,1.3,7.6,2.0,72.0
643,STU_00644,2.2,0.9,2.0,8.2,2.0,60.0
644,STU_00645,4.1,0.3,2.0,7.1,4.0,80.0
645,STU_00646,4.1,1.5,0.9,7.1,5.0,72.0
646,STU_00647,0.5,1.0,0.8,7.6,3.0,49.0
647,STU_00648,4.4,0.2,1.0,6.5,3.0,77.0
648,STU_00649,4.2,0.3,2.4,7.3,4.0,74.0
649,STU_00650,5.5,1.0,1.0,7.4,4.0,84.0
650,STU_00651,7.3,3.3,1.3,8.4,4.0,100.0
651,STU_00652,6.2,1.3,0.9,7.2,3.0,85.0
652,STU_00653,4.1,1.7,1.8,7.3,5.0,79.0
653,STU_00654,2.8,0.6,1.3,8.5,3.0,68.0
654,STU_00655,8.4,1.3,0.4,6.7,4.0,100.0
655,STU_00656,4.6,0.9,0.4,9.0,2.0,76.0
656,STU_00657,4.5,1.6,0.0,9.3,3.0,79.0
657,STU_00658,4.5,0.1,0.5,7.8,2.0,77.0
658,STU_00659,4.8,1.0,1.8,6.8,4.0,75.0
659,STU_00660,4.3,0.5,2.3,9.0,2.0,69.0
660,STU_00661,3.6,0.6,1.7,8.3,4.010084804033921,73.0
661,STU_00662,3.7,4.9,1.2165816326530612,6.3,7.0,85.0
662,STU_00663,4.5,0.3,1.1,9.1,2.0,76.0
663,STU_00664,3.7,0.6,1.8,8.8,2.0,72.0
664,STU_00665,3.4,1.1,1.4,7.1,4.0,77.0
665,STU_00666,4.7,3.0,2.6,6.8,7.0,82.0
666,STU_00667,4.1,0.8,1.1,8.1,2.0,79.0
667,STU_00668,6.8,2.0,2.3,7.0,5.0,100.0
668,STU_00669,0.5,2.9,1.9,5.4,6.0,55.0
669,STU_00670,6.1,0.6,1.8,6.5,4.0,87.0
670,STU_00671,6.4,0.7,0.0,6.4,4.0,91.0
671,STU_00672,1.4,0.7,1.9,7.9,3.0,65.0
672,STU_00673,4.0,2.7,1.1,5.8,6.0,77.0
673,STU_00674,3.9,0.1,0.8,8.0,2.0,77.0
674,STU_00675,2.4,0.6,0.0,1.216581632653061,4.010084804033921,67.0
675,STU_00676,3.3,1.7,1.2,8.7,4.0,72.0
676,STU_00677,2.8,1.3,1.2,5.5,7.0,67.0
677,STU_00678,7.1,0.9,0.2,6.4,4.0,92.0
678,STU_00679,5.9,1.2,0.0,6.9,4.0,99.0
679,stu_00680 ,6.4,0.3,1.6,6.4,4.0,83.0
680,STU_00681,5.6,0.8,1.9,5.7,5.0,79.0
681,STU_00682,2.8,1.0,1.4,7.4,4.0,69.0
682,STU_00683,3.7,3.5,2.1,7.2,5.0,78.0
683,STU_00684,5.2,0.5,1.1,8.6,3.0,84.0
684,STU_00685,2.7,3.0,1.2,6.4,7.0,67.0
685,STU_00686,5.6,1.6,0.5,7.2,4.0,82.0
686,STU_00687,4.1,0.0,0.0,8.3,4.010084804033921,74.0
687,STU_00688,3.9,1.9,2.7,6.8,7.0,80.0
688,STU_00689,5.6,0.1,2.1,8.4,2.0,79.0
689,STU_00690,5.2,6.0,0.1,6.6,7.0,91.0
690,STU_00691,4.0,3.1,1.3,6.4,6.0,76.0
691,STU_00692,6.2,0.5,1.1,5.8,6.0,82.0
692,STU_00693,2.9,0.4,1.0,9.2,3.0,63.0
693,STU_00694,5.4,0.7,0.9,1.216581632653061,3.0,87.0
694,STU_00695,5.4,0.7,1.5,7.9,4.0,81.0
695,STU_00696,4.0,0.7,1.9,5.5,6.0,80.0
696,STU_00697,5.0,0.6,1.5,7.5,6.0,81.0
697,STU_00698,2.6,1.5,1.1,7.4,5.0,62.0
698,STU_00699,5.9,0.3,1.1,7.9,2.0,88.0
699,STU_00700,4.2,2.8,1.9,9.8,4.010084804033921,76.0
700,STU_00701,3.7,2.5,1.6,6.3,3.0,75.0
701,STU_00702,6.1,1.0,1.3,8.3,3.0,92.0
702,STU_00703,3.4,2.9,1.2,7.4,5.0,70.0
703,STU_00704,2.4,0.4,1.5,6.9,5.0,63.0
704,STU_00705,2.2,0.0,0.8,8.6,4.010084804033921,59.0
705,STU_00706,5.4,1.4,1.9,7.0,3.0,80.0
706,STU_00707,2.6,0.9,0.3,8.5,3.0,65.0
707,STU_00708,7.1,1.3,1.2165816326530612,9.4,3.0,91.0
708,STU_00709,1.4,3.4,1.7,6.8,5.0,62.0
709,STU_00710,7.0,5.3,0.3,6.1,4.010084804033921,95.0
710,STU_00711,4.8,1.5,0.0,8.6,4.010084804033921,78.0
711,STU_00712,4.4,2.2,1.3,8.5,3.0,74.0
712,STU_00713,3.7,0.1,0.0,7.1,3.0,75.0
713,STU_00714,5.1,0.3,0.2,7.4,4.0,78.0
714,STU_00715,4.4,2.0,1.8,7.7,3.0,87.0
715,STU_00716,6.2,0.8,1.0,7.4,5.0,87.0
716,STU_00717,4.7,0.9,2.2,1.216581632653061,4.0,79.0
717,STU_00718,4.7,0.6,0.2,8.3,4.010084804033921,70.0
718,STU_00719,4.0,1.4,1.1,8.0,2.0,71.0
719,STU_00720,4.4,0.3,1.5,7.3,3.0,68.0
720,STU_00721,5.0,1.5,0.3,7.6,4.0,83.0
721,STU_00722,1.9,0.3,2.0,6.9,3.0,62.0
722,STU_00723,2.5,0.1,1.6,6.6,3.0,68.0
723,STU_00724,5.6,0.6,0.0,7.3,4.0,88.0
724,STU_00725,4.8,0.4,1.2,7.7,4.010084804033921,83.0
725,STU_00726,4.2,3.3,1.5,5.2,6.0,79.0
726,STU_00727,4.5,0.1,0.7,7.4,2.0,78.0
727,STU_00728,5.0,0.3,0.0,1.216581632653061,4.010084804033921,83.0
728,STU_00729,3.7,1.2,1.4,8.6,3.0,71.0
729,STU_00730,3.3,1.0,3.0,1.216581632653061,4.0,68.0
730,STU_00731,4.8,0.1,0.9,6.6,3.0,85.0
731,STU_00732,3.0,0.0,2.5,7.3,5.0,61.0
732,STU_00733,5.1,6.0,0.6,5.5,4.010084804033921,84.0
733,STU_00734,1.9,1.6,1.4,7.8,5.0,65.0
734,STU_00735,6.0,0.7,1.8,7.1,5.0,83.0
735,STU_00736,5.2,1.0,1.2,4.8,5.0,80.0
736,STU_00737,4.9,0.5,1.2165816326530612,10.0,2.0,79.0
737,STU_00738,6.0,0.6,1.8,7.6,4.0,88.0
738,STU_00739,7.0,1.6,2.7,7.1,6.0,96.0
739,STU_00740,6.0,3.2,1.4,5.2,7.0,91.0
740,STU_00741,1.7,0.3,0.8,6.3,4.0,62.0
741,STU_00742,2.6,2.8,1.0,6.9,5.0,72.0
742,STU_00743,3.6,0.2,3.0,7.7,3.0,74.0
743,STU_00744,4.5,0.4,1.3,8.3,4.0,84.0
744,STU_00745,5.3,0.1,0.7,8.1,4.0,86.0
745,STU_00746,3.4,0.2,0.3,6.7,4.010084804033921,71.0
746,STU_00747,4.8,3.7,0.0,4.4,4.010084804033921,79.0
747,STU_00748,3.4,0.9,1.5,7.3,3.0,73.0
748,STU_00749,3.6,0.1,1.7,7.1,4.010084804033921,72.0
749,stu_00750 ,2.4,4.8,0.9,5.1,4.010084804033921,60.0
750,STU_00751,3.1,3.2,1.2,7.6,5.0,74.0
751,STU_00752,2.5,2.1,0.3,5.7,6.0,60.0
752,STU_00753,3.0,4.1,1.3,7.1,6.0,79.0
753,STU_00754,6.1,0.4,1.6,1.216581632653061,5.0,88.0
754,STU_00755,3.1,2.7,0.8,7.2,4.0,72.0
755,STU_00756,8.4,1.8,2.6,7.9,4.0,100.0
756,STU_00757,5.2,3.1,0.5,6.6,6.0,89.0
757,STU_00758,4.8,2.4,1.4,8.7,4.0,90.0
758,STU_00759,3.2,0.6,1.9,9.4,2.0,72.0
759,STU_00760,5.6,2.2,1.1,7.3,4.0,94.0
760,STU_00761,3.6,0.5,1.0,8.2,2.0,76.0
761,STU_00762,4.7,0.6,0.1,8.9,4.010084804033921,76.0
762,STU_00763,8.3,0.2,2.3,8.0,4.0,100.0
763,STU_00764,4.4,4.1,1.1,7.0,4.0,84.0
764,STU_00765,6.2,0.5,1.6,7.0,4.0,85.0
765,STU_00766,3.4,1.1,1.7,5.6,6.0,71.0
766,STU_00767,4.4,0.7,0.7,6.2,3.0,76.0
767,STU_00768,7.2,4.8,1.0,8.7,3.0,100.0
768,STU_00769,3.6,0.6,2.3,7.7,2.0,71.0
769,STU_00770,7.2,2.3,0.3,7.0,4.0,98.0
770,STU_00771,5.6,2.9,2.9,1.216581632653061,6.0,89.0
771,STU_00772,3.7,0.9,0.6,6.9,4.0,78.0
772,STU_00773,5.4,0.7,0.3,8.3,3.0,86.0
773,STU_00774,6.0,2.1,1.3,7.2,5.0,86.0
774,STU_00775,5.4,3.7,3.0,6.8,7.0,97.0
775,STU_00776,2.1,2.1,0.0,7.0,4.0,63.0
776,STU_00777,3.4,0.4,1.1,6.7,3.0,69.0
777,STU_00778,4.1,3.3,1.6,5.9,7.0,82.0
778,STU_00779,4.4,0.7,1.2,6.8,3.0,89.0
779,STU_00780,5.4,1.3,1.5,7.3,6.0,86.0
780,STU_00781,4.8,2.7,0.6,5.5,7.0,80.0
781,STU_00782,2.5,0.3,0.7,6.5,4.0,59.0
782,STU_00783,5.1,2.3,1.1,7.2,5.0,77.0
783,STU_00784,5.4,1.4,0.3,7.4,4.0,85.0
784,STU_00785,5.3,3.4,1.2,7.0,5.0,89.0
785,STU_00786,6.1,0.3,0.9,7.7,3.0,81.0
786,STU_00787,5.8,0.8,0.8,10.0,4.010084804033921,87.0
787,STU_00788,5.2,2.7,1.5,7.0,7.0,80.0
788,STU_00789,4.4,0.0,0.0,7.6,2.0,73.0
789,STU_00790,2.0,0.2,1.0,7.8,3.0,65.0
790,STU_00791,5.1,6.0,3.0,6.6,6.0,87.0
791,STU_00792,4.8,0.5,0.3,7.7,2.0,85.0
792,STU_00793,4.9,5.6,2.2,6.6,5.0,85.0
793,STU_00794,2.6,0.3,1.2,8.1,3.0,70.0
794,STU_00795,2.9,0.7,0.7,7.4,3.0,77.0
795,STU_00796,6.1,2.1,0.1,7.5,5.0,87.0
796,stu_00797 ,4.4,1.6,1.3,8.9,3.0,89.0
797,STU_00798,5.5,1.3,2.4,7.4,4.0,85.0
798,STU_00799,4.5,1.1,0.9,6.5,3.0,76.0
799,STU_00800,4.5,2.8,1.1,6.6,6.0,80.0
800,STU_00801,5.9,0.4,2.0,1.216581632653061,5.0,84.0
801,STU_00802,3.7,0.9,1.5,7.6,2.0,79.0
802,STU_00803,4.6,0.3,0.0,9.2,4.010084804033921,84.0
803,STU_00804,3.8,1.4,1.3,6.0,4.0,80.0
804,STU_00805,3.8,0.4,2.4,7.5,4.010084804033921,69.0
805,STU_00806,4.0,0.6,1.2,8.6,3.0,76.0
806,STU_00807,4.8,1.0,0.0,8.8,4.010084804033921,74.0
807,STU_00808,3.8,0.0,1.5,1.216581632653061,4.010084804033921,77.0
808,STU_00809,6.4,0.1,1.0,5.9,4.0,87.0
809,STU_00810,3.2,1.7,0.0,8.0,2.0,74.0
810,STU_00811,4.2,0.8,0.0,6.2,5.0,75.0
811,STU_00812,3.8,3.0,2.0,5.7,5.0,71.0
812,STU_00813,6.7,1.8,0.6,8.2,2.0,96.0
813,STU_00814,4.8,0.0,0.5,8.1,3.0,83.0
814,STU_00815,6.0,1.4,1.2,8.1,3.0,89.0
815,STU_00816,2.3,0.1,0.7,6.9,4.0,55.0
816,STU_00817,4.9,2.3,1.3,8.5,2.0,86.0
817,STU_00818,5.8,6.0,1.0,6.7,4.010084804033921,75.0
818,STU_00819,4.6,1.1,0.2,8.5,4.010084804033921,82.0
819,STU_00820,6.1,1.7,0.8,6.2,5.0,87.0
820,STU_00821,3.7,0.4,1.6,8.7,3.0,71.0
821,STU_00822,6.6,0.9,1.2,7.2,3.0,93.0
822,STU_00823,7.9,2.9,1.1,6.3,5.0,99.0
823,STU_00824,4.0,0.3,2.7,8.0,4.0,73.0
824,STU_00825,3.8,0.5,1.8,8.1,4.0,76.0
825,STU_00826,6.7,0.9,1.9,6.5,4.0,100.0
826,STU_00827,6.9,1.9,1.1,9.3,3.0,94.0
827,STU_00828,3.7,0.7,1.4,9.3,4.010084804033921,77.0
828,STU_00829,3.9,3.9,0.9,7.3,5.0,74.0
829,STU_00830,4.1,0.1,1.8,8.0,4.0,81.0
830,STU_00831,2.5,0.7,1.1,7.9,4.0,63.0
831,STU_00832,3.1,1.9,1.4,5.6,6.0,71.0
832,STU_00833,3.0,0.4,1.2165816326530612,7.7,2.0,71.0
833,STU_00834,3.3,1.6,1.2,7.4,6.0,69.0
834,STU_00835,4.4,0.3,3.0,6.7,4.0,81.0
835,STU_00836,4.9,0.1,0.7,7.5,3.0,77.0
836,STU_00837,6.8,0.2,0.7,5.4,5.0,95.0
837,STU_00838,3.0,4.0,1.8,5.4,4.010084804033921,70.0
838,STU_00839,6.0,1.2,0.7,8.4,5.0,90.0
839,STU_00840,4.2,2.4,1.0,8.8,3.0,81.0
840,STU_00841,4.4,0.6,0.3,6.8,3.0,88.0
841,STU_00842,5.5,1.3,1.6,7.5,5.0,87.0
842,STU_00843,2.8,1.0,1.6,1.216581632653061,2.0,69.0
843,STU_00844,5.1,4.4,0.9,6.0,7.0,88.0
844,STU_00845,4.7,2.1,1.8,7.7,4.0,87.0
845,STU_00846,5.2,2.0,0.0,7.4,5.0,94.0
846,STU_00847,4.9,0.1,0.6,9.0,2.0,79.0
847,STU_00848,8.2,1.2,1.1,6.1,4.0,97.0
848,STU_00849,3.5,0.9,0.3,6.6,2.0,77.0
849,STU_00850,3.7,3.9,0.0,7.1,3.0,73.0
850,STU_00851,3.6,0.4,1.0,7.8,4.010084804033921,73.0
851,STU_00852,3.7,0.5,1.8,7.5,3.0,74.0
852,STU_00853,3.5,0.8,2.2,7.9,4.010084804033921,72.0
853,STU_00854,6.3,0.4,0.8,6.8,3.0,88.0
854,STU_00855,6.6,0.2,1.8,6.2,5.0,83.0
855,STU_00856,3.6,2.9,1.7,1.216581632653061,7.0,73.0
856,STU_00857,3.3,1.2,2.2,6.8,5.0,75.0
857,STU_00858,5.2,3.0,0.9,6.6,6.0,78.0
858,STU_00859,3.7,2.7,0.0,8.5,3.0,76.0
859,STU_00860,5.4,0.5,1.3,8.4,2.0,82.0
860,STU_00861,4.8,1.2,0.4,8.1,3.0,73.0
861,STU_00862,2.2,0.1,0.6,8.1,4.010084804033921,70.0
862,STU_00863,6.8,3.7,1.0,6.3,6.0,92.0
863,STU_00864,7.2,0.8,0.9,6.7,2.0,97.0
864,STU_00865,3.6,0.8,1.3,6.3,6.0,71.0
865,STU_00866,3.9,0.5,1.8,6.8,3.0,71.0
866,STU_00867,4.9,0.9,0.9,7.5,3.0,80.0
867,STU_00868,5.0,0.4,1.5,6.4,5.0,79.0
868,STU_00869,5.5,0.7,1.2,7.7,4.0,83.0
869,STU_00870,7.5,2.4,1.9,6.7,3.0,96.0
870,STU_00871,4.2,2.7,1.0,6.6,5.0,75.0
871,STU_00872,3.3,0.5,1.1,8.8,2.0,75.0
872,STU_00873,2.4,0.9,0.9,5.1,7.0,66.0
873,STU_00874,3.4,3.1,1.1,6.5,5.0,75.0
874,STU_00875,4.5,0.1,0.6,5.5,4.0,73.0
875,STU_00876,7.2,3.3,1.2165816326530612,7.1,7.0,100.0
876,STU_00877,3.7,0.4,1.8,8.3,3.0,73.0
877,STU_00878,4.8,1.7,0.3,6.1,6.0,74.0
878,STU_00879,4.5,1.3,0.9,6.2,4.0,80.0
879,STU_00880,6.3,1.2,2.0,5.5,6.0,86.0
880,STU_00881,8.3,2.9,0.9,7.0,4.0,100.0
881,STU_00882,3.7,0.2,1.9,7.2,2.0,77.0
882,STU_00883,3.8,0.6,0.7,7.4,4.0,77.0
883,STU_00884,6.1,1.2,0.4,7.2,4.0,86.0
884,STU_00885,5.5,2.5,0.0,6.3,4.0,86.0
885,STU_00886,7.3,0.4,2.3,8.6,4.0,95.0
886,stu_00887 ,5.4,2.4,0.3,7.5,3.0,89.0
887,STU_00888,4.0,0.8,1.2165816326530612,6.2,4.0,71.0
888,STU_00889,5.4,0.3,0.4,7.1,3.0,83.0
889,STU_00890,6.2,2.1,2.3,6.0,5.0,98.0
890,STU_00891,5.7,0.1,3.0,8.8,3.0,82.0
891,STU_00892,5.3,1.1,0.0,8.4,4.010084804033921,83.0
892,STU_00893,6.1,0.1,0.3,7.8,2.0,97.0
893,STU_00894,6.3,0.7,1.8,9.1,4.010084804033921,88.0
894,STU_00895,6.6,1.4,1.6,8.7,4.0,85.0
895,STU_00896,5.5,1.2,1.8,7.0,4.0,84.0
896,STU_00897,4.2,0.8,0.7,1.216581632653061,3.0,83.0
897,STU_00898,4.7,0.8,2.8,6.8,4.0,84.0
898,STU_00899,6.3,0.4,1.3,6.7,5.0,85.0
899,STU_00900,3.3,0.9,0.2,9.4,2.0,73.0
900,STU_00901,5.1,4.6,1.0,5.4,7.0,87.0
901,STU_00902,3.9,2.9,0.2,8.0,3.0,81.0
902,STU_00903,4.5,0.2,2.5,8.1,4.010084804033921,75.0
903,STU_00904,6.4,0.0,0.7,7.5,3.0,91.0
904,STU_00905,4.8,4.1,1.6,8.3,6.0,92.0
905,STU_00906,4.6,1.1,0.8,5.9,4.0,69.0
906,STU_00907,2.5,1.2,0.7,7.4,4.0,69.0
907,STU_00908,5.6,2.3,0.0,6.8,4.0,92.0
908,STU_00909,5.5,0.6,1.7,8.5,4.010084804033921,77.0
909,STU_00910,7.7,1.0,2.2,7.6,4.0,95.0
910,STU_00911,4.0,5.2,0.5,4.6,4.010084804033921,56.0
911,STU_00912,4.8,1.7,0.0,8.7,3.0,79.0
912,STU_00913,4.9,0.3,1.8,8.0,2.0,76.0
913,STU_00914,6.9,0.2,0.0,6.9,3.0,90.0
914,STU_00915,4.4,0.3,2.2,7.1,6.0,80.0
915,STU_00916,4.9,2.2,0.5,5.9,6.0,89.0
916,STU_00917,5.4,0.5,0.3,7.6,2.0,88.0
917,STU_00918,4.8,0.0,1.4,7.9,3.0,83.0
918,STU_00919,3.8,4.3,0.4,6.3,6.0,87.0
919,STU_00920,4.8,0.3,0.6,7.3,3.0,87.0
920,STU_00921,6.1,0.0,1.5,6.1,6.0,87.0
921,STU_00922,3.0,0.4,0.0,8.2,3.0,74.0
922,STU_00923,4.7,0.4,2.5,5.5,6.0,80.0
923,STU_00924,3.4,0.8,1.2,7.5,3.0,71.0
924,STU_00925,6.3,3.8,0.2,5.0,7.0,93.0
925,STU_00926,2.2,3.2,0.4,7.0,4.0,72.0
926,STU_00927,3.7,0.9,2.0,7.3,5.0,79.0
927,STU_00928,5.1,0.8,1.7,7.8,3.0,84.0
928,STU_00929,6.8,1.2,2.3,8.0,4.0,91.0
929,STU_00930,4.4,0.4,0.7,8.8,3.0,75.0
930,STU_00931,3.7,0.1,1.2165816326530612,1.216581632653061,5.0,65.0
931,STU_00932,7.3,4.2,1.5,6.4,6.0,100.0
932,STU_00933,2.3,0.3,1.8,9.6,4.010084804033921,66.0
933,STU_00934,1.2,0.3,2.1,7.6,3.0,54.0
934,STU_00935,5.2,1.0,0.6,1.216581632653061,3.0,84.0
935,stu_00936 ,3.7,1.0,1.1,7.4,4.0,76.0
936,STU_00937,3.0,0.0,0.7,7.5,4.010084804033921,62.0
937,STU_00938,5.6,0.2,1.2,6.5,5.0,82.0
938,STU_00939,4.9,0.7,1.8,8.3,3.0,86.0
939,STU_00940,3.7,1.7,0.0,8.1,3.0,72.0
940,STU_00941,2.6,0.4,2.1,6.1,4.0,66.0
941,STU_00942,5.8,0.8,0.3,7.6,3.0,87.0
942,STU_00943,5.5,1.2,1.0,6.9,2.0,85.0
943,STU_00944,4.4,3.3,2.2,5.0,4.010084804033921,76.0
944,STU_00945,7.3,0.6,1.5,6.1,4.0,98.0
945,STU_00946,2.9,0.2,1.5,6.4,6.0,73.0
946,STU_00947,2.2,1.0,0.3,7.6,3.0,64.0
947,STU_00948,3.5,2.1,0.4,1.216581632653061,5.0,76.0
948,STU_00949,4.4,0.2,2.0,6.6,4.0,80.0
949,STU_00950,4.9,0.8,0.7,7.2,2.0,80.0
950,STU_00951,4.1,0.0,0.8,8.6,4.010084804033921,72.0
951,STU_00952,5.0,0.1,2.0,7.9,3.0,81.0
952,STU_00953,2.6,1.0,1.2165816326530612,8.6,2.0,65.0
953,STU_00954,6.7,0.5,1.4,7.3,3.0,88.0
954,STU_00955,4.4,2.8,1.2,8.5,3.0,81.0
955,STU_00956,6.2,1.4,1.2,7.7,3.0,88.0
956,STU_00957,5.0,0.9,0.8,7.1,6.0,82.0
957,STU_00958,5.2,0.8,0.7,7.7,3.0,76.0
958,STU_00959,5.4,1.0,0.3,6.4,4.0,83.0
959,STU_00960,5.2,0.1,1.6,7.4,3.0,72.0
960,STU_00961,5.5,3.3,0.7,7.3,6.0,84.0
961,STU_00962,6.5,6.0,2.0,1.216581632653061,4.010084804033921,82.0
962,STU_00963,4.8,0.3,1.0,7.3,5.0,84.0
963,STU_00964,5.6,0.2,0.4,1.216581632653061,4.010084804033921,86.0
964,STU_00965,4.4,0.2,1.0,7.6,4.0,77.0
965,STU_00966,6.7,1.6,0.9,5.7,4.0,91.0
966,STU_00967,3.5,1.6,2.0,8.3,3.0,72.0
967,STU_00968,7.2,2.8,0.9,7.6,3.0,100.0
968,STU_00969,4.4,2.1,1.0,7.4,4.0,75.0
969,STU_00970,2.4,0.9,2.3,6.8,4.0,63.0
970,STU_00971,4.7,1.4,1.6,7.6,4.0,85.0
971,STU_00972,3.5,1.7,2.5,8.6,2.0,72.0
972,stu_00973 ,5.8,1.1,2.2,7.4,5.0,94.0
973,STU_00974,3.5,1.0,0.5,6.1,2.0,75.0
974,STU_00975,3.8,1.6,2.0,3.7,7.0,80.0
975,STU_00976,1.7,1.2,2.4,7.5,4.0,55.0
976,STU_00977,3.8,1.5,2.4,6.1,3.0,79.0
977,STU_00978,0.9,1.4,2.0,7.1,5.0,54.0
978,STU_00979,2.1,1.9,2.0,6.2,5.0,68.0
979,STU_00980,5.6,1.5,1.0,6.5,5.0,85.0
980,STU_00981,5.7,1.1,0.5,6.8,6.0,87.0
981,STU_00982,5.1,1.7,0.9,6.6,5.0,79.0
982,STU_00983,3.0,0.9,0.0,8.5,3.0,63.0
983,STU_00984,4.4,0.4,2.3,8.0,4.0,78.0
984,STU_00985,4.5,0.0,1.2165816326530612,6.6,4.0,76.0
985,STU_00986,2.8,1.2,2.2,6.1,4.0,65.0
986,STU_00987,6.8,1.3,0.2,7.9,4.010084804033921,86.0
987,STU_00988,5.8,5.4,2.1,7.0,7.0,82.0
988,STU_00989,4.2,0.7,0.8,8.7,2.0,78.0
989,STU_00990,4.5,0.8,0.2,6.7,5.0,77.0
990,STU_00991,4.8,0.3,2.5,8.4,2.0,77.0
991,STU_00992,1.4,0.1,2.1,5.8,5.0,60.0
992,STU_00993,4.1,2.2,1.4,6.9,4.0,82.0
993,STU_00994,3.5,0.4,1.2,8.1,2.0,73.0
994,STU_00995,3.0,1.4,1.6,5.2,5.0,68.0
995,STU_00996,4.1,1.7,1.4,9.3,4.010084804033921,86.0
996,STU_00997,7.2,1.0,0.6,8.9,2.0,92.0
997,STU_00998,5.5,3.1,0.9,7.5,4.0,82.0
998,STU_00999,3.6,0.9,1.2165816326530612,6.2,4.010084804033921,66.0
999,STU_01000,5.4,0.5,3.0,7.2,5.0,82.0
1000,STU_01001,6.6,3.4,2.5,7.3,6.0,98.0
1001,STU_01002,5.9,3.0,1.6,5.7,6.0,88.0
1002,STU_01003,4.6,0.3,0.9,7.6,3.0,77.0
1003,STU_01004,3.5,0.0,0.6,8.8,4.010084804033921,68.0
1004,STU_01005,5.5,0.1,0.6,6.3,7.0,87.0
1005,STU_01006,5.1,0.5,0.8,8.0,2.0,82.0
1006,STU_01007,5.8,5.4,2.9,4.0,4.010084804033921,76.0
1007,STU_01008,5.5,1.2,2.6,6.2,4.0,84.0
1008,STU_01009,6.1,0.7,1.8,6.9,4.0,87.0
1009,STU_01010,3.7,3.3,0.4,7.4,6.0,71.0
1010,STU_01011,6.5,0.9,1.9,6.6,5.0,95.0
1011,STU_01012,4.8,0.6,1.0,7.8,2.0,84.0
1012,STU_01013,7.6,4.3,0.0,6.0,5.0,100.0
1013,STU_01014,3.5,2.8,1.4,6.3,7.0,75.0
1014,STU_01015,7.1,2.8,1.2165816326530612,8.3,5.0,93.0
1015,STU_01016,4.8,1.1,0.6,6.4,4.0,87.0
1016,stu_01017 ,3.5,2.3,1.0,7.9,5.0,81.0
1017,STU_01018,3.8,0.3,0.8,7.7,4.010084804033921,75.0
1018,STU_01019,4.0,1.3,1.2,6.8,3.0,79.0
1019,STU_01020,5.1,6.0,1.1,4.8,4.010084804033921,87.0
1020,STU_01021,5.3,0.5,0.0,6.7,4.0,87.0
1021,STU_01022,3.6,2.4,2.4,6.1,6.0,72.0
1022,STU_01023,4.5,1.0,0.4,7.5,3.0,77.0
1023,STU_01024,7.7,0.1,0.4,8.5,3.0,98.0
1024,STU_01025,7.1,2.2,0.9,6.9,4.0,97.0
1025,STU_01026,5.2,0.3,1.1,1.216581632653061,3.0,84.0
1026,STU_01027,4.6,1.5,2.4,7.0,3.0,82.0
1027,STU_01028,4.7,0.1,1.4,8.2,4.0,79.0
1028,STU_01029,5.4,4.4,1.7,7.0,7.0,79.0
1029,STU_01030,3.0,0.5,1.4,6.2,5.0,73.0
1030,STU_01031,4.1,0.4,1.4,7.3,3.0,79.0
1031,STU_01032,2.0,0.2,1.4,8.9,4.010084804033921,71.0
1032,STU_01033,5.1,4.4,0.0,5.4,5.0,85.0
1033,STU_01034,5.5,1.9,1.0,7.3,4.0,78.0
1034,STU_01035,3.8,2.0,2.1,6.8,6.0,75.0
1035,STU_01036,6.9,1.0,3.0,6.5,7.0,95.0
1036,STU_01037,2.7,1.0,0.2,9.3,4.010084804033921,66.0
1037,STU_01038,2.3,0.2,1.5,7.7,3.0,70.0
1038,STU_01039,4.8,1.2,0.7,9.0,3.0,78.0
1039,STU_01040,6.1,0.4,2.8,7.3,5.0,87.0
1040,STU_01041,7.0,5.7,0.1,6.7,6.0,100.0
1041,STU_01042,3.8,2.4,1.7,6.4,5.0,88.0
1042,STU_01043,6.1,0.8,0.1,7.2,3.0,84.0
1043,STU_01044,4.4,0.2,1.2165816326530612,8.1,4.010084804033921,79.0
1044,STU_01045,4.2,2.3,1.2,1.216581632653061,5.0,74.0
1045,STU_01046,5.8,0.2,2.1,8.1,3.0,87.0
1046,STU_01047,5.5,0.3,0.3,8.2,2.0,80.0
1047,STU_01048,2.1,0.4,1.7,6.2,5.0,68.0
1048,STU_01049,6.7,1.2,1.2,6.6,4.0,96.0
1049,STU_01050,6.6,2.3,1.4,7.9,3.0,94.0
1050,STU_01051,3.6,0.6,2.0,5.5,5.0,67.0
1051,STU_01052,5.1,0.1,0.2,8.2,3.0,81.0
1052,STU_01053,5.2,0.9,1.8,7.2,3.0,82.0
1053,STU_01054,4.9,2.1,0.7,8.1,2.0,86.0
1054,STU_01055,3.7,0.4,2.1,7.9,3.0,69.0
1055,STU_01056,3.5,0.4,1.5,6.9,6.0,76.0
1056,STU_01057,4.5,4.4,1.0,5.8,6.0,87.0
1057,STU_01058,6.3,4.6,0.7,5.9,7.0,89.0
1058,STU_01059,5.3,6.0,1.9,6.4,7.0,90.0
1059,STU_01060,3.9,2.5,2.2,4.5,4.010084804033921,69.0
1060,STU_01061,5.7,0.3,0.8,7.9,3.0,88.0
1061,STU_01062,0.2,0.4,0.3,7.0,2.0,49.0
1062,STU_01063,6.2,0.6,1.8,7.7,2.0,89.0
1063,STU_01064,1.9,0.6,0.0,8.2,3.0,67.0
1064,STU_01065,4.0,4.7,0.2,4.9,4.010084804033921,74.0
1065,STU_01066,2.8,2.3,0.3,7.0,4.0,63.0
1066,STU_01067,2.6,1.9,0.9,1.216581632653061,5.0,66.0
1067,STU_01068,6.2,0.3,0.1,8.0,4.010084804033921,92.0
1068,STU_01069,3.8,3.6,0.0,6.8,6.0,81.0
1069,STU_01070,5.0,2.6,0.3,5.9,6.0,75.0
1070,STU_01071,4.4,0.3,1.7,6.5,4.0,78.0
1071,STU_01072,5.2,3.1,0.2,5.7,6.0,90.0
1072,STU_01073,4.6,0.5,0.9,8.2,3.0,81.0
1073,STU_01074,2.6,0.1,2.8,7.3,3.0,68.0
1074,STU_01075,6.0,1.6,1.2,7.2,5.0,97.0
1075,STU_01076,3.8,1.6,1.5,5.5,7.0,75.0
1076,STU_01077,2.2,0.1,0.4,7.8,3.0,64.0
1077,STU_01078,3.9,0.6,2.9,7.9,3.0,70.0
1078,STU_01079,6.8,6.0,0.8,1.216581632653061,4.010084804033921,73.0
1079,STU_01080,5.8,1.7,1.0,6.8,5.0,86.0
1080,STU_01081,4.0,2.0,2.3,5.4,4.010084804033921,72.0
1081,STU_01082,4.0,0.4,1.1,7.3,3.0,71.0
1082,STU_01083,4.0,0.1,1.2,6.8,5.0,79.0
1083,STU_01084,7.6,0.5,1.0,8.0,2.0,92.0
1084,stu_01085 ,5.1,0.4,1.0,7.8,3.0,84.0
1085,STU_01086,5.1,0.4,1.5,8.9,4.010084804033921,84.0
1086,STU_01087,6.0,0.3,1.6,7.5,5.0,88.0
1087,STU_01088,4.9,1.3,0.7,1.216581632653061,3.0,85.0
1088,STU_01089,4.1,0.6,0.6,7.1,2.0,73.0
1089,STU_01090,4.2,2.6,0.7,6.0,6.0,77.0
1090,STU_01091,4.4,0.3,0.1,8.7,2.0,73.0
1091,STU_01092,4.4,0.9,0.0,9.0,4.010084804033921,78.0
1092,STU_01093,5.6,0.0,1.4,8.4,4.010084804033921,83.0
1093,STU_01094,4.6,1.0,2.0,7.4,5.0,82.0
1094,STU_01095,5.6,0.1,1.9,6.6,5.0,85.0
1095,STU_01096,4.4,5.7,0.0,7.4,4.0,88.0
1096,STU_01097,4.6,2.3,1.0,7.7,3.0,80.0
1097,STU_01098,1.5,1.0,0.3,9.7,4.010084804033921,62.0
1098,STU_01099,5.9,0.1,1.3,6.5,3.0,93.0
1099,STU_01100,5.0,1.3,0.9,8.3,3.0,77.0
1100,STU_01101,6.0,2.1,1.7,7.6,6.0,82.0
1101,STU_01102,0.2,0.3,1.2,7.3,3.0,54.0
1102,STU_01103,7.6,1.3,0.0,9.0,3.0,94.0
1103,STU_01104,4.3,2.5,0.4,7.6,2.0,74.0
1104,STU_01105,6.2,2.2,1.2,6.2,6.0,92.0
1105,STU_01106,2.9,2.4,1.3,6.9,4.0,67.0
1106,STU_01107,5.4,3.2,0.1,6.1,6.0,93.0
1107,STU_01108,2.9,4.2,0.0,6.3,4.0,74.0
1108,STU_01109,3.6,0.8,1.2,8.2,4.010084804033921,72.0
1109,STU_01110,7.4,1.3,0.1,8.6,3.0,93.0
1110,STU_01111,4.2,2.3,0.0,7.5,3.0,80.0
1111,STU_01112,4.8,1.8,0.8,6.5,4.0,75.0
1112,STU_01113,5.8,6.0,0.8,6.4,4.010084804033921,68.0
1113,STU_01114,5.2,0.0,0.5,8.6,2.0,75.0
1114,STU_01115,4.7,0.7,0.6,5.7,6.0,84.0
1115,STU_01116,5.0,0.5,1.2,7.7,2.0,77.0
1116,STU_01117,8.1,0.5,0.6,7.5,2.0,94.0
1117,STU_01118,4.4,0.4,1.3,8.6,2.0,77.0
1118,STU_01119,4.8,1.9,0.9,7.7,2.0,90.0
1119,STU_01120,6.1,0.1,1.3,8.2,2.0,91.0
1120,STU_01121,6.2,2.0,1.9,6.5,5.0,87.0
1121,STU_01122,6.3,1.8,1.9,7.1,4.0,87.0
1122,STU_01123,5.5,0.4,2.2,8.4,3.0,80.0
1123,STU_01124,2.8,0.4,1.9,7.4,4.0,64.0
1124,STU_01125,7.0,1.5,1.4,1.216581632653061,3.0,96.0
1125,STU_01126,2.8,2.2,1.2165816326530612,1.216581632653061,5.0,69.0
1126,STU_01127,5.0,3.1,0.9,6.8,3.0,80.0
1127,STU_01128,3.4,2.9,0.5,5.0,6.0,69.0
1128,STU_01129,4.4,5.0,1.2165816326530612,5.7,4.010084804033921,85.0
1129,STU_01130,5.0,1.3,1.8,7.3,5.0,85.0
1130,STU_01131,5.0,3.6,0.6,7.6,5.0,82.0
1131,STU_01132,5.1,2.5,1.2,6.0,7.0,89.0
1132,STU_01133,6.9,3.4,1.2165816326530612,7.2,5.0,92.0
1133,STU_01134,5.2,0.0,1.4,9.2,4.010084804033921,81.0
1134,STU_01135,4.1,5.1,0.8,5.7,6.0,81.0
1135,STU_01136,5.9,1.0,0.6,6.0,2.0,88.0
1136,STU_01137,6.3,2.4,0.7,7.4,5.0,88.0
1137,STU_01138,2.7,0.2,1.6,6.4,4.0,67.0
1138,STU_01139,5.4,0.8,1.1,6.7,5.0,77.0
1139,STU_01140,5.6,0.5,0.9,8.6,4.010084804033921,83.0
1140,STU_01141,4.1,0.5,1.4,9.4,4.0,80.0
1141,STU_01142,6.6,0.2,0.9,6.8,3.0,94.0
1142,STU_01143,4.3,2.5,2.1,6.1,5.0,77.0
1143,STU_01144,4.7,0.0,0.4,7.5,2.0,72.0
1144,STU_01145,4.2,0.6,1.1,7.1,4.0,68.0
1145,STU_01146,4.5,0.3,0.1,9.8,4.010084804033921,80.0
1146,STU_01147,2.9,1.3,0.9,6.9,4.0,70.0
1147,STU_01148,2.3,0.4,0.0,7.5,4.010084804033921,66.0
1148,STU_01149,6.9,0.4,1.8,9.1,4.010084804033921,99.0
1149,STU_01150,3.2,1.0,1.8,7.9,4.0,71.0
1150,STU_01151,3.0,1.6,1.8,8.1,2.0,71.0
1151,STU_01152,1.3,0.2,1.2,1.216581632653061,2.0,52.0
1152,STU_01153,3.5,0.3,0.5,7.3,2.0,78.0
1153,STU_01154,2.5,0.4,0.6,6.7,4.0,65.0
1154,STU_01155,7.0,5.5,2.4,6.7,6.0,97.0
1155,STU_01156,6.0,0.8,2.3,8.5,2.0,88.0
1156,STU_01157,3.5,1.4,1.3,6.7,4.0,81.0
1157,STU_01158,7.9,0.4,0.8,7.4,4.0,100.0
1158,STU_01159,6.0,1.0,2.3,6.9,5.0,83.0
1159,STU_01160,4.0,0.1,0.6,6.3,6.0,79.0
1160,STU_01161,0.8,0.1,1.4,7.0,3.0,56.0
1161,STU_01162,7.9,0.9,2.3,8.0,3.0,100.0
1162,STU_01163,2.4,0.8,0.5,6.8,5.0,67.0
1163,STU_01164,2.0,0.2,1.9,7.7,3.0,65.0
1164,STU_01165,6.0,1.7,1.6,5.8,5.0,94.0
1165,STU_01166,8.2,6.0,1.2,5.8,4.010084804033921,93.0
1166,STU_01167,6.6,0.8,0.4,7.1,4.0,92.0
1167,STU_01168,5.3,1.5,0.6,6.2,3.0,80.0
1168,STU_01169,5.4,4.9,1.4,1.216581632653061,5.0,88.0
1169,STU_01170,5.8,2.7,0.1,8.0,4.0,89.0
1170,STU_01171,5.6,0.9,1.3,6.5,6.0,81.0
1171,STU_01172,4.9,2.0,1.6,6.9,5.0,80.0
1172,STU_01173,4.7,0.2,2.0,7.6,3.0,73.0
1173,STU_01174,4.4,1.1,0.1,5.8,4.0,76.0
1174,STU_01175,3.4,0.5,2.3,6.0,6.0,73.0
1175,STU_01176,4.1,0.3,2.6,8.7,4.010084804033921,78.0
1176,STU_01177,2.0,0.8,1.5,6.4,4.0,60.0
1177,STU_01178,4.4,0.2,0.4,9.1,3.0,82.0
1178,STU_01179,3.0,1.8,0.9,5.9,6.0,73.0
1179,STU_01180,2.8,0.9,1.2,8.2,2.0,74.0
1180,STU_01181,4.8,1.1,1.4,7.1,3.0,73.0
1181,STU_01182,6.6,0.2,1.2,7.5,4.0,91.0
1182,STU_01183,5.9,0.2,1.4,9.5,4.010084804033921,88.0
1183,STU_01184,2.1,1.3,1.1,6.1,5.0,58.0
1184,STU_01185,3.0,6.0,1.4,6.5,7.0,87.0
1185,STU_01186,5.9,0.2,0.8,8.3,2.0,83.0
1186,STU_01187,3.0,0.5,0.9,10.0,4.010084804033921,71.0
1187,STU_01188,4.2,3.1,0.7,5.9,5.0,83.0
1188,STU_01189,5.3,0.1,1.2165816326530612,6.8,3.0,83.0
1189,stu_01190 ,3.0,3.1,2.4,7.4,6.0,79.0
1190,STU_01191,4.7,1.1,1.6,7.1,4.0,88.0
1191,STU_01192,2.5,0.8,2.3,6.8,5.0,62.0
1192,STU_01193,3.6,0.6,1.8,8.4,2.0,73.0
1193,STU_01194,5.0,0.5,1.3,7.3,4.0,84.0
1194,STU_01195,2.1,0.5,0.0,6.9,3.0,57.0
1195,STU_01196,5.2,3.2,1.0,7.6,6.0,90.0
1196,STU_01197,4.5,1.9,0.9,7.6,3.0,87.0
1197,STU_01198,5.3,1.7,0.3,7.1,3.0,90.0
1198,STU_01199,4.8,2.4,0.0,6.9,4.0,84.0
1199,STU_01200,6.5,0.4,1.6,6.6,5.0,96.0
1200,STU_01201,4.7,1.4,1.5,8.0,3.0,82.0
1201,STU_01202,3.9,0.9,0.3,7.3,3.0,69.0
1202,STU_01203,4.7,2.3,0.6,6.4,5.0,79.0
1203,STU_01204,5.3,0.6,2.1,1.216581632653061,5.0,82.0
1204,STU_01205,4.6,1.5,0.5,7.8,3.0,80.0
1205,STU_01206,4.6,3.2,1.3,6.3,5.0,82.0
1206,STU_01207,3.4,0.8,1.0,5.5,5.0,70.0
1207,STU_01208,3.5,0.1,1.6,6.4,4.0,72.0
1208,STU_01209,2.4,1.1,0.5,7.3,6.0,72.0
1209,STU_01210,7.1,0.6,1.3,7.3,3.0,95.0
1210,STU_01211,2.6,1.7,1.3,7.0,3.0,71.0
1211,STU_01212,3.5,4.5,1.4,6.0,7.0,69.0
1212,STU_01213,3.4,1.0,1.3,6.0,4.0,73.0
1213,STU_01214,5.8,0.9,1.5,6.5,3.0,91.0
1214,STU_01215,4.1,1.6,3.0,8.1,2.0,82.0
1215,STU_01216,6.4,0.2,3.0,8.4,2.0,93.0
1216,STU_01217,3.5,0.4,0.7,8.3,4.010084804033921,73.0
1217,STU_01218,4.9,3.8,0.0,7.4,3.0,87.0
1218,STU_01219,3.2,1.7,1.7,8.1,3.0,69.0
1219,STU_01220,7.7,0.0,1.3,6.6,4.010084804033921,100.0
1220,STU_01221,2.7,0.3,2.0,7.5,4.0,64.0
1221,STU_01222,5.0,1.7,1.4,6.1,5.0,85.0
1222,STU_01223,5.5,2.2,1.2,6.0,5.0,86.0
1223,STU_01224,5.1,2.7,2.1,7.1,5.0,85.0
1224,STU_01225,4.2,0.5,2.2,8.3,3.0,80.0
1225,STU_01226,4.3,4.0,0.1,6.6,5.0,84.0
1226,STU_01227,4.6,1.2,0.5,9.2,2.0,80.0
1227,STU_01228,4.3,1.8,1.1,7.5,5.0,76.0
1228,STU_01229,5.9,1.4,1.3,1.216581632653061,3.0,94.0
1229,STU_01230,7.8,0.2,1.0,6.7,5.0,99.0
1230,STU_01231,3.7,4.9,1.5,1.216581632653061,5.0,82.0
1231,STU_01232,2.4,0.2,2.0,7.7,4.0,65.0
1232,STU_01233,4.4,0.4,2.6,8.0,2.0,74.0
1233,STU_01234,8.4,2.5,1.7,4.3,7.0,100.0
1234,STU_01235,3.3,1.4,1.2165816326530612,7.7,4.0,70.0
1235,STU_01236,7.0,2.7,1.1,6.5,6.0,98.0
1236,STU_01237,7.0,1.1,1.1,6.1,4.0,81.0
1237,STU_01238,3.7,0.7,1.6,7.4,4.0,71.0
1238,STU_01239,5.4,3.8,1.5,7.6,4.0,88.0
1239,STU_01240,6.9,0.1,2.8,9.7,4.010084804033921,88.0
1240,STU_01241,3.9,2.9,0.8,7.2,5.0,79.0
1241,STU_01242,4.2,0.4,1.5,6.9,3.0,74.0
1242,STU_01243,3.6,2.8,3.0,5.8,6.0,76.0
1243,STU_01244,3.0,0.2,0.7,8.7,3.0,66.0
1244,STU_01245,3.5,1.3,1.3,6.3,4.0,77.0
1245,STU_01246,2.7,3.3,0.4,7.5,4.0,73.0
1246,STU_01247,4.6,1.0,1.3,7.8,4.0,80.0
1247,STU_01248,3.3,2.1,0.6,7.5,3.0,73.0
1248,STU_01249,4.9,2.4,2.0,5.3,6.0,93.0
1249,STU_01250,2.2,2.0,1.3,6.8,5.0,65.0
1250,STU_01251,5.0,3.9,0.5,5.3,7.0,83.0
1251,STU_01252,5.8,0.9,1.9,6.8,5.0,81.0
1252,STU_01253,1.5,0.3,1.3,8.6,4.0,63.0
1253,STU_01254,5.1,0.1,2.0,8.8,4.010084804033921,87.0
1254,STU_01255,6.3,0.4,0.3,8.0,2.0,85.0
1255,STU_01256,2.7,0.2,1.5,7.1,2.0,65.0
1256,STU_01257,7.0,1.2,1.8,8.9,3.0,92.0
1257,STU_01258,5.1,0.3,0.9,7.2,3.0,81.0
1258,STU_01259,3.4,0.1,0.2,6.8,3.0,64.0
1259,STU_01260,4.4,0.1,1.2,8.4,4.010084804033921,80.0
1260,STU_01261,5.3,2.7,2.2,7.2,4.0,91.0
1261,STU_01262,4.6,1.3,2.1,6.6,5.0,72.0
1262,STU_01263,5.3,0.7,0.9,7.7,2.0,90.0
1263,STU_01264,3.1,3.4,0.2,7.4,4.0,80.0
1264,STU_01265,4.8,0.1,0.9,1.216581632653061,2.0,66.0
1265,STU_01266,2.4,5.9,0.8,6.5,5.0,64.0
1266,STU_01267,4.3,1.4,1.6,6.8,3.0,78.0
1267,STU_01268,3.1,0.3,1.1,8.2,2.0,75.0
1268,STU_01269,3.4,1.7,0.6,7.4,5.0,74.0
1269,STU_01270,6.4,2.2,2.1,6.5,4.0,91.0
1270,STU_01271,6.1,0.8,1.3,7.2,4.0,90.0
1271,STU_01272,5.4,3.0,1.5,6.7,4.0,84.0
1272,STU_01273,2.9,0.2,0.0,6.5,3.0,73.0
1273,STU_01274,4.0,0.5,0.0,7.2,2.0,74.0
1274,STU_01275,6.3,0.1,0.0,8.0,3.0,82.0
1275,STU_01276,4.7,0.4,0.8,6.4,3.0,76.0
1276,STU_01277,8.0,0.4,1.7,6.9,5.0,100.0
1277,STU_01278,5.1,3.7,0.0,1.216581632653061,3.0,85.0
1278,STU_01279,4.8,0.1,2.5,6.3,4.0,77.0
1279,STU_01280,4.0,0.8,1.3,7.1,5.0,76.0
1280,STU_01281,4.7,1.1,2.3,6.4,4.010084804033921,73.0
1281,STU_01282,4.3,3.4,1.2165816326530612,6.8,6.0,76.0
1282,STU_01283,5.6,6.0,1.6,5.1,7.0,97.0
1283,STU_01284,5.9,2.1,1.3,6.9,6.0,88.0
1284,STU_01285,3.3,5.3,1.9,5.3,4.010084804033921,72.0
1285,STU_01286,2.5,2.3,1.0,8.2,5.0,69.0
1286,STU_01287,1.7,5.0,1.6,6.3,6.0,66.0
1287,STU_01288,5.3,1.8,2.1,1.216581632653061,7.0,88.0
1288,STU_01289,2.8,0.1,0.7,1.216581632653061,2.0,68.0
1289,STU_01290,1.3,0.8,1.4,1.216581632653061,7.0,59.0
1290,STU_01291,5.1,1.6,0.0,6.0,5.0,73.0
1291,STU_01292,8.2,0.6,1.8,7.5,6.0,100.0
1292,STU_01293,4.5,0.5,2.8,9.2,2.0,77.0
1293,STU_01294,5.8,1.3,0.2,5.7,6.0,90.0
1294,STU_01295,4.6,4.1,1.1,5.2,4.010084804033921,74.0
1295,STU_01296,4.4,0.1,1.9,8.4,4.010084804033921,79.0
1296,STU_01297,5.9,2.2,1.2,6.5,6.0,89.0
1297,STU_01298,4.1,1.9,1.3,7.8,3.0,76.0
1298,STU_01299,4.9,5.0,0.9,5.5,7.0,97.0
1299,STU_01300,5.0,4.0,0.9,6.8,6.0,88.0
1300,STU_01301,3.5,2.2,1.1,8.9,3.0,75.0
1301,STU_01302,6.0,1.1,1.2,6.2,5.0,87.0
1302,STU_01303,4.2,0.3,0.3,8.9,4.010084804033921,72.0
1303,STU_01304,3.4,1.2,1.1,8.1,3.0,64.0
1304,STU_01305,5.3,2.2,2.5,5.4,4.0,91.0
1305,STU_01306,3.2,3.4,0.9,7.4,6.0,71.0
1306,STU_01307,4.5,2.3,0.2,1.216581632653061,6.0,80.0
1307,STU_01308,4.5,0.3,1.1,7.8,3.0,77.0
1308,STU_01309,6.1,1.4,0.6,7.8,4.010084804033921,95.0
1309,STU_01310,5.2,0.6,0.1,7.4,4.0,79.0
1310,STU_01311,4.5,0.0,1.3,7.8,2.0,78.0
1311,STU_01312,5.7,0.3,0.6,8.0,3.0,87.0
1312,STU_01313,6.6,0.2,0.7,8.6,2.0,84.0
1313,STU_01314,5.3,2.8,1.3,5.4,7.0,80.0
1314,STU_01315,4.5,0.4,0.0,9.2,2.0,75.0
1315,STU_01316,2.5,0.5,0.0,6.7,4.0,67.0
1316,STU_01317,2.9,4.8,1.7,7.0,6.0,75.0
1317,STU_01318,4.0,0.7,0.0,7.9,3.0,75.0
1318,STU_01319,3.6,0.0,0.4,6.6,3.0,74.0
1319,STU_01320,4.2,0.5,0.0,8.4,4.010084804033921,73.0
1320,STU_01321,4.6,0.2,1.2165816326530612,6.8,4.0,77.0
1321,STU_01322,5.3,0.2,1.5,1.216581632653061,4.010084804033921,82.0
1322,stu_01323 ,4.4,0.1,1.3,7.0,3.0,73.0
1323,STU_01324,5.2,1.3,3.0,5.5,5.0,93.0
1324,STU_01325,4.6,0.3,2.1,9.0,4.010084804033921,69.0
1325,STU_01326,1.5,0.7,0.5,7.9,2.0,65.0
1326,STU_01327,3.1,3.0,0.2,7.9,3.0,76.0
1327,STU_01328,4.3,0.8,3.0,6.3,6.0,80.0
1328,STU_01329,2.7,3.7,2.1,1.216581632653061,4.010084804033921,56.0
1329,STU_01330,5.4,1.0,1.7,1.216581632653061,3.0,89.0
1330,STU_01331,6.8,0.8,1.3,7.5,3.0,90.0
1331,STU_01332,6.3,2.1,1.2165816326530612,7.6,3.0,93.0
1332,STU_01333,4.2,0.1,0.0,8.6,2.0,76.0
1333,STU_01334,6.7,0.1,1.3,7.4,3.0,90.0
1334,STU_01335,4.7,1.6,1.3,1.216581632653061,4.0,81.0
1335,STU_01336,4.0,1.0,0.5,1.216581632653061,4.010084804033921,72.0
1336,STU_01337,3.6,2.3,0.8,7.1,5.0,72.0
1337,STU_01338,4.0,3.7,2.4,1.216581632653061,6.0,86.0
1338,STU_01339,3.9,0.7,1.1,5.6,5.0,86.0
1339,STU_01340,4.8,1.4,2.9,1.216581632653061,4.0,83.0
1340,STU_01341,4.7,1.0,0.0,6.2,5.0,83.0
1341,STU_01342,4.5,6.0,0.8,7.1,5.0,87.0
1342,STU_01343,5.2,2.7,0.0,7.6,4.0,87.0
1343,STU_01344,6.3,3.6,0.2,6.8,4.0,95.0
1344,STU_01345,5.9,0.4,0.5,7.7,4.0,90.0
1345,STU_01346,2.3,2.2,1.5,6.8,6.0,73.0
1346,STU_01347,0.7,0.5,1.4,6.8,3.0,51.0
1347,STU_01348,5.9,0.4,0.7,7.6,3.0,97.0
1348,STU_01349,2.4,4.3,0.0,8.9,4.0,72.0
1349,STU_01350,4.2,0.0,2.4,8.8,4.010084804033921,76.0
1350,STU_01351,2.7,5.0,1.0,5.4,4.010084804033921,64.0
1351,STU_01352,1.8,0.2,0.3,8.1,3.0,60.0
1352,STU_01353,5.3,2.6,1.4,7.0,6.0,88.0
1353,STU_01354,5.6,0.5,1.4,7.4,6.0,87.0
1354,STU_01355,3.6,0.6,0.9,6.6,4.0,75.0
1355,STU_01356,0.6,0.4,1.3,8.1,2.0,52.0
1356,STU_01357,3.7,1.3,0.3,8.4,3.0,63.0
1357,stu_01358 ,5.1,0.6,1.8,6.6,4.0,74.0
1358,STU_01359,2.3,1.6,0.4,9.4,4.010084804033921,66.0
1359,STU_01360,4.8,0.0,0.7,9.4,4.010084804033921,80.0
1360,STU_01361,4.5,0.1,1.7,8.2,4.010084804033921,75.0
1361,STU_01362,5.4,0.2,2.2,6.3,5.0,80.0
1362,STU_01363,4.7,0.8,2.5,7.7,2.0,80.0
1363,STU_01364,3.0,2.5,2.0,7.1,4.0,72.0
1364,STU_01365,6.3,3.3,0.9,7.3,5.0,91.0
1365,STU_01366,4.3,0.4,0.0,9.5,4.010084804033921,70.0
1366,STU_01367,4.5,1.3,2.3,7.0,7.0,75.0
1367,STU_01368,3.1,2.2,2.3,8.9,4.010084804033921,76.0
1368,STU_01369,3.8,0.5,0.7,8.1,5.0,70.0
1369,STU_01370,3.2,0.8,1.9,7.1,5.0,73.0
1370,STU_01371,4.2,1.1,0.9,9.9,2.0,83.0
1371,STU_01372,7.1,0.2,2.4,8.3,4.0,90.0
1372,STU_01373,2.4,0.0,0.8,7.4,3.0,63.0
1373,STU_01374,2.1,0.2,2.8,7.5,2.0,67.0
1374,STU_01375,6.7,1.5,1.8,7.8,4.0,97.0
1375,STU_01376,4.2,0.1,2.6,7.3,2.0,73.0
1376,STU_01377,3.5,0.3,0.8,7.9,2.0,65.0
1377,STU_01378,6.1,0.6,1.5,6.7,4.0,92.0
1378,STU_01379,3.6,0.1,0.4,6.2,3.0,74.0
1379,STU_01380,7.2,0.3,1.9,7.6,4.0,96.0
1380,STU_01381,5.5,3.6,1.9,6.7,6.0,92.0
1381,STU_01382,3.8,0.0,3.0,7.9,3.0,68.0
1382,STU_01383,7.7,1.6,1.6,6.6,5.0,100.0
1383,STU_01384,3.6,0.7,1.8,6.1,5.0,71.0
1384,STU_01385,5.6,1.7,0.8,6.4,4.0,89.0
1385,STU_01386,4.9,1.3,1.6,8.3,2.0,85.0
1386,STU_01387,6.5,0.4,0.9,7.0,3.0,93.0
1387,STU_01388,6.8,2.8,1.3,6.5,4.0,98.0
1388,STU_01389,4.5,1.0,1.3,7.1,5.0,80.0
1389,STU_01390,3.4,2.6,0.9,6.4,4.0,75.0
1390,STU_01391,5.2,0.8,1.3,6.8,6.0,84.0
1391,STU_01392,3.5,6.0,0.9,5.1,4.010084804033921,69.0
1392,STU_01393,7.5,2.2,0.9,8.6,3.0,97.0
1393,STU_01394,4.7,5.1,2.1,6.7,6.0,87.0
1394,STU_01395,4.0,1.1,1.3,8.7,3.0,78.0
1395,STU_01396,4.8,1.0,1.5,8.9,2.0,78.0
1396,STU_01397,2.5,2.1,0.0,5.0,6.0,64.0
1397,STU_01398,3.0,3.2,1.2165816326530612,7.1,6.0,66.0
1398,STU_01399,6.3,5.0,1.6,5.6,4.010084804033921,82.0
1399,STU_01400,3.5,0.6,0.9,8.8,3.0,70.0
1400,STU_01401,2.9,2.4,2.9,6.0,7.0,69.0
1401,STU_01402,5.3,0.4,0.0,6.8,2.0,81.0
1402,STU_01403,6.3,1.2,1.8,1.216581632653061,3.0,85.0
1403,STU_01404,5.6,0.3,1.8,7.3,4.0,77.0
1404,STU_01405,6.0,0.6,1.6,8.4,3.0,87.0
1405,stu_01406 ,3.4,4.0,1.3,6.8,4.010084804033921,69.0
1406,STU_01407,2.4,0.2,1.6,6.4,4.0,67.0
1407,STU_01408,6.8,1.5,1.9,9.3,2.0,96.0
1408,STU_01409,4.0,1.3,0.6,8.1,4.0,78.0
1409,STU_01410,4.1,0.2,1.4,8.4,3.0,75.0
1410,STU_01411,6.5,0.6,1.1,8.9,3.0,93.0
1411,STU_01412,5.3,1.2,0.3,5.9,4.0,90.0
1412,stu_01413 ,5.2,0.3,1.8,6.6,3.0,79.0
1413,STU_01414,7.7,2.4,0.7,7.9,3.0,100.0
1414,STU_01415,3.5,5.4,0.0,5.6,5.0,77.0
1415,STU_01416,5.9,0.4,0.8,7.5,3.0,87.0
1416,STU_01417,4.6,0.3,0.6,7.7,2.0,82.0
1417,STU_01418,4.9,0.9,2.0,6.0,5.0,80.0
1418,STU_01419,6.8,2.1,1.3,6.8,4.0,90.0
1419,STU_01420,5.3,0.5,2.3,8.3,2.0,80.0
1420,STU_01421,5.3,0.0,0.7,8.6,3.0,78.0
1421,STU_01422,6.1,1.2,1.9,8.4,3.0,84.0
1422,STU_01423,4.0,4.7,3.0,7.0,7.0,86.0
1423,STU_01424,3.2,0.7,1.5,7.9,3.0,73.0
1424,STU_01425,2.9,0.8,1.9,7.7,4.0,66.0
1425,STU_01426,1.6,5.2,1.8,6.3,5.0,63.0
1426,STU_01427,7.6,1.8,0.1,6.8,5.0,95.0
1427,STU_01428,2.8,1.9,1.7,6.1,6.0,67.0
1428,STU_01429,4.2,1.2,1.2165816326530612,6.6,4.0,81.0
1429,STU_01430,4.1,5.5,1.0,5.8,4.010084804033921,74.0
1430,STU_01431,5.0,1.8,0.5,6.7,5.0,91.0
1431,STU_01432,5.7,3.4,1.8,7.0,5.0,89.0
1432,STU_01433,5.8,1.8,0.4,7.6,2.0,85.0
1433,STU_01434,3.6,2.0,2.9,7.1,4.0,78.0
1434,STU_01435,4.2,0.5,1.3,7.9,3.0,70.0
1435,STU_01436,4.9,0.5,0.2,9.0,4.010084804033921,81.0
1436,STU_01437,4.1,2.3,0.8,7.1,6.0,73.0
1437,STU_01438,6.9,0.5,1.0,1.216581632653061,4.010084804033921,84.0
1438,STU_01439,5.2,1.2,3.0,7.5,3.0,83.0
1439,STU_01440,5.6,0.4,0.5,8.9,4.010084804033921,88.0
1440,STU_01441,5.5,2.5,1.1,8.6,3.0,88.0
1441,STU_01442,6.3,0.2,0.8,8.4,4.010084804033921,88.0
1442,STU_01443,4.8,2.7,1.6,7.0,6.0,72.0
1443,STU_01444,2.6,1.4,0.8,7.5,2.0,67.0
1444,STU_01445,5.1,0.3,0.3,7.4,2.0,80.0
1445,STU_01446,3.5,1.2,1.0,6.9,6.0,75.0
1446,STU_01447,3.7,0.5,1.0,8.6,3.0,69.0
1447,STU_01448,5.4,0.6,0.7,6.7,4.0,86.0
1448,STU_01449,6.4,0.6,0.8,9.3,4.010084804033921,87.0
1449,STU_01450,4.5,0.1,2.1,7.4,5.0,76.0
1450,STU_01451,5.0,6.0,0.9,8.9,4.0,91.0
1451,STU_01452,7.1,0.0,0.3,7.2,3.0,88.0
1452,STU_01453,4.9,1.6,0.8,7.6,4.0,85.0
1453,STU_01454,8.4,0.7,1.2,7.2,2.0,96.0
1454,STU_01455,5.3,1.6,0.1,6.7,3.0,87.0
1455,STU_01456,1.9,0.7,2.5,1.216581632653061,3.0,61.0
1456,STU_01457,5.6,1.7,1.9,6.0,6.0,86.0
1457,STU_01458,5.1,2.0,2.3,6.3,4.0,71.0
1458,STU_01459,6.4,1.8,1.5,7.8,4.0,89.0
1459,STU_01460,5.5,0.2,0.0,8.7,4.010084804033921,82.0
1460,STU_01461,4.3,1.6,2.4,5.6,4.010084804033921,76.0
1461,STU_01462,2.7,0.5,1.2165816326530612,8.3,3.0,67.0
1462,STU_01463,4.2,0.0,0.6,8.0,2.0,73.0
1463,STU_01464,3.2,0.8,1.3,6.6,4.0,74.0
1464,STU_01465,3.6,0.9,2.3,6.5,6.0,71.0
1465,STU_01466,5.4,0.9,2.0,5.3,6.0,88.0
1466,STU_01467,7.0,1.8,1.9,8.8,4.010084804033921,96.0
1467,STU_01468,5.1,0.6,1.0,8.7,4.0,78.0
1468,STU_01469,2.7,0.6,0.9,6.4,3.0,71.0
1469,STU_01470,5.2,0.1,1.5,8.5,4.0,84.0
1470,STU_01471,6.3,1.7,1.1,6.7,5.0,94.0
1471,STU_01472,3.6,1.3,1.9,8.2,2.0,73.0
1472,STU_01473,4.3,0.6,1.9,6.9,2.0,79.0
1473,STU_01474,4.5,1.8,1.7,6.8,5.0,88.0
1474,STU_01475,3.3,1.2,0.0,7.4,2.0,72.0
1475,STU_01476,5.5,1.0,1.3,6.8,4.0,83.0
1476,STU_01477,4.3,1.1,1.1,8.9,4.0,84.0
1477,STU_01478,5.1,1.5,1.3,8.2,2.0,86.0
1478,STU_01479,3.2,1.6,0.6,7.5,4.0,70.0
1479,STU_01480,3.8,0.5,0.1,8.8,4.010084804033921,81.0
1480,STU_01481,5.6,0.2,1.6,6.0,6.0,79.0
1481,STU_01482,3.9,0.3,0.9,6.5,4.0,76.0
1482,STU_01483,7.1,1.5,1.7,7.7,4.0,99.0
1483,STU_01484,3.9,3.1,0.7,7.7,5.0,82.0
1484,STU_01485,4.8,0.8,2.3,7.6,4.0,77.0
1485,STU_01486,5.9,0.3,2.0,5.6,4.0,81.0
1486,STU_01487,2.4,2.1,1.4,6.0,7.0,68.0
1487,STU_01488,1.9,2.7,1.0,7.4,3.0,68.0
1488,STU_01489,2.2,3.2,1.9,9.1,3.0,64.0
1489,STU_01490,6.4,1.4,1.5,8.5,2.0,92.0
1490,STU_01491,3.7,3.0,1.4,8.4,2.0,71.0
1491,STU_01492,8.3,0.0,2.0,7.9,2.0,100.0
1492,STU_01493,3.7,0.2,2.3,7.8,3.0,70.0
1493,STU_01494,4.8,0.1,0.2,6.9,4.0,78.0
1494,STU_01495,6.8,1.9,0.4,8.3,4.0,97.0
1495,STU_01496,7.5,0.1,0.6,7.8,4.0,98.0
1496,STU_01497,7.6,1.0,0.0,8.4,2.0,99.0
1497,STU_01498,6.3,1.0,1.1,7.5,3.0,93.0
1498,STU_01499,6.0,0.6,1.7,7.8,4.0,89.0
1499,STU_01500,5.4,3.1,1.2,6.8,5.0,93.0
1500,STU_01501,5.7,0.3,0.8,8.0,4.010084804033921,78.0
1501,STU_01502,3.7,0.7,2.1,8.4,4.0,73.0
1502,STU_01503,3.3,2.2,1.3,5.8,7.0,73.0
1503,STU_01504,4.5,0.0,1.5,6.2,3.0,76.0
1504,STU_01505,4.2,1.7,2.1,7.5,6.0,80.0
1505,stu_01506 ,3.8,2.5,1.1,8.5,4.0,78.0
1506,STU_01507,5.5,4.0,2.8,7.9,5.0,93.0
1507,STU_01508,5.9,3.1,0.8,5.7,6.0,86.0
1508,STU_01509,4.6,0.6,2.8,6.9,5.0,88.0
1509,STU_01510,6.7,1.3,0.4,6.0,3.0,91.0
1510,STU_01511,2.8,0.1,1.6,7.1,3.0,68.0
1511,STU_01512,4.2,0.4,0.7,8.9,4.010084804033921,75.0
1512,STU_01513,3.4,0.1,2.1,7.5,2.0,71.0
1513,STU_01514,1.7,0.6,0.8,7.3,4.0,59.0
1514,STU_01515,4.4,3.1,1.4,7.3,5.0,82.0
1515,STU_01516,4.3,0.6,0.7,6.9,4.0,79.0
1516,STU_01517,6.8,1.2,1.9,8.8,2.0,83.0
1517,STU_01518,5.4,0.9,0.7,7.6,4.0,83.0
1518,STU_01519,3.0,0.9,2.5,6.8,4.0,68.0
1519,STU_01520,7.3,5.2,0.4,6.9,5.0,100.0
1520,STU_01521,6.3,0.5,0.1,8.8,4.010084804033921,92.0
1521,STU_01522,5.4,1.5,2.0,8.8,4.010084804033921,90.0
1522,STU_01523,4.2,0.8,0.7,7.4,4.0,78.0
1523,STU_01524,3.1,0.1,1.2,8.8,3.0,69.0
1524,STU_01525,3.9,1.0,0.9,7.6,6.0,77.0
1525,STU_01526,6.1,2.5,0.1,6.6,4.0,95.0
1526,STU_01527,7.3,0.2,1.1,6.9,3.0,100.0
1527,STU_01528,6.8,0.1,2.2,6.4,3.0,92.0
1528,STU_01529,3.8,0.3,2.0,6.8,5.0,70.0
1529,STU_01530,2.8,2.2,1.4,8.2,4.0,74.0
1530,STU_01531,4.7,1.9,2.1,7.7,5.0,78.0
1531,STU_01532,1.8,1.2,0.4,6.3,3.0,65.0
1532,STU_01533,5.0,0.9,0.9,5.8,6.0,84.0
1533,STU_01534,4.3,3.3,1.5,5.6,6.0,80.0
1534,STU_01535,3.8,2.2,1.1,6.3,6.0,72.0
1535,STU_01536,2.1,2.5,1.0,6.7,5.0,65.0
1536,STU_01537,5.3,2.5,0.2,8.4,4.010084804033921,84.0
1537,STU_01538,3.7,1.5,0.0,7.0,4.0,70.0
1538,STU_01539,2.7,0.9,1.9,9.0,4.010084804033921,66.0
1539,STU_01540,0.2,3.0,1.4,5.1,6.0,50.0
1540,STU_01541,4.5,3.9,1.9,6.1,5.0,85.0
1541,STU_01542,7.2,0.0,0.9,1.216581632653061,4.010084804033921,94.0
1542,STU_01543,7.0,0.1,0.6,8.7,4.010084804033921,93.0
1543,STU_01544,3.8,4.8,1.2,6.0,7.0,79.0
1544,STU_01545,3.6,0.5,1.9,8.5,2.0,71.0
1545,STU_01546,5.2,3.1,1.0,7.7,4.0,83.0
1546,stu_01547 ,3.0,0.7,1.8,6.7,5.0,71.0
1547,STU_01548,5.0,0.2,0.4,8.2,4.010084804033921,75.0
1548,STU_01549,5.6,0.1,1.1,8.5,2.0,84.0
1549,STU_01550,6.3,0.3,1.1,7.1,5.0,86.0
1550,STU_01551,4.3,0.4,2.2,9.1,2.0,84.0
1551,STU_01552,4.2,1.0,1.4,6.6,5.0,79.0
1552,STU_01553,3.2,1.8,2.6,7.1,5.0,72.0
1553,STU_01554,3.3,6.0,0.1,4.9,4.010084804033921,58.0
1554,STU_01555,4.2,0.9,1.3,7.6,4.0,71.0
1555,STU_01556,5.1,1.1,1.3,6.3,5.0,84.0
1556,STU_01557,5.9,1.1,1.7,7.0,5.0,94.0
1557,STU_01558,3.3,1.2,0.5,6.0,5.0,73.0
1558,STU_01559,6.7,1.1,2.5,8.0,4.0,93.0
1559,STU_01560,4.1,0.0,1.2,8.1,4.010084804033921,75.0
1560,STU_01561,4.5,0.0,0.3,9.0,4.010084804033921,77.0
1561,STU_01562,3.4,0.2,1.2,7.4,3.0,71.0
1562,STU_01563,0.9,0.2,0.9,8.9,3.0,53.0
1563,STU_01564,5.8,1.8,3.0,6.9,5.0,84.0
1564,STU_01565,5.6,0.3,2.0,7.6,3.0,85.0
1565,STU_01566,4.1,3.4,1.2,8.9,4.010084804033921,86.0
1566,STU_01567,4.6,4.0,1.1,6.1,6.0,87.0
1567,STU_01568,5.3,5.6,2.0,7.2,6.0,85.0
1568,STU_01569,2.2,4.2,2.0,6.8,3.0,68.0
1569,STU_01570,3.7,0.5,0.0,7.3,3.0,76.0
1570,STU_01571,5.7,1.1,1.7,6.0,3.0,92.0
1571,STU_01572,2.6,0.3,1.2,6.6,3.0,73.0
1572,STU_01573,4.9,2.5,0.2,8.4,4.0,82.0
1573,STU_01574,2.5,3.3,1.9,8.4,4.0,73.0
1574,STU_01575,5.2,2.9,3.0,6.6,5.0,86.0
1575,STU_01576,4.4,0.9,1.6,7.6,3.0,77.0
1576,STU_01577,2.1,2.1,2.1,7.7,4.0,66.0
1577,STU_01578,6.2,0.2,2.6,7.5,4.0,88.0
1578,STU_01579,3.4,0.1,0.5,9.0,4.010084804033921,75.0
1579,STU_01580,3.3,2.1,0.0,7.7,5.0,67.0
1580,STU_01581,4.8,0.8,1.7,7.5,2.0,82.0
1581,STU_01582,6.2,6.0,1.0,5.3,6.0,100.0
1582,STU_01583,3.0,0.2,0.1,7.0,4.0,74.0
1583,STU_01584,4.6,2.9,1.1,3.7,4.010084804033921,76.0
1584,STU_01585,5.1,1.0,1.8,8.6,3.0,79.0
1585,STU_01586,5.5,2.6,1.1,6.8,5.0,90.0
1586,STU_01587,4.8,2.5,0.6,6.7,4.0,88.0
1587,STU_01588,3.9,3.7,1.0,4.7,4.010084804033921,69.0
1588,STU_01589,3.3,0.5,1.2,7.0,4.0,72.0
1589,STU_01590,4.6,4.5,0.0,5.9,4.010084804033921,76.0
1590,STU_01591,2.9,0.2,1.1,6.9,3.0,65.0
1591,STU_01592,0.1,0.1,0.1,8.3,4.010084804033921,50.0
1592,STU_01593,5.2,0.8,1.7,7.5,4.0,83.0
1593,STU_01594,5.9,2.6,0.0,5.8,6.0,85.0
1594,STU_01595,1.0,1.0,2.0,6.0,5.0,53.0
1595,STU_01596,3.0,2.7,0.9,5.7,7.0,68.0
1596,STU_01597,5.4,2.0,0.8,9.1,4.010084804033921,87.0
1597,STU_01598,7.6,0.4,1.4,9.1,4.010084804033921,90.0
1598,STU_01599,4.5,4.5,0.5,5.7,5.0,75.0
1599,STU_01600,3.4,0.1,1.4,5.7,6.0,76.0
1600,STU_01601,4.2,3.4,0.6,7.0,5.0,76.0
1601,STU_01602,6.6,0.5,0.8,7.7,4.010084804033921,89.0
1602,STU_01603,3.5,1.0,1.5,7.7,3.0,76.0
1603,STU_01604,3.3,0.8,0.3,8.4,2.0,65.0
1604,STU_01605,3.8,0.3,1.2165816326530612,8.3,4.010084804033921,67.0
1605,STU_01606,3.1,0.7,1.4,6.4,5.0,67.0
1606,STU_01607,4.7,0.3,1.2,8.0,4.010084804033921,82.0
1607,STU_01608,6.9,0.3,1.3,8.5,3.0,92.0
1608,STU_01609,5.0,0.3,1.5,6.9,3.0,80.0
1609,STU_01610,4.1,1.0,1.2,7.7,3.0,75.0
1610,STU_01611,4.1,2.4,1.7,6.4,7.0,80.0
1611,STU_01612,2.2,1.3,1.3,9.4,3.0,71.0
1612,STU_01613,5.8,3.4,0.0,5.7,7.0,100.0
1613,STU_01614,4.4,1.5,0.0,8.7,2.0,78.0
1614,STU_01615,4.2,1.8,2.7,5.3,5.0,84.0
1615,STU_01616,9.3,1.7,1.2,9.1,2.0,100.0
1616,STU_01617,4.9,0.9,2.0,6.2,5.0,82.0
1617,STU_01618,3.4,1.8,0.9,7.5,3.0,64.0
1618,STU_01619,3.9,0.1,1.2,6.1,3.0,72.0
1619,STU_01620,6.2,2.9,0.8,5.6,7.0,90.0
1620,STU_01621,4.7,2.3,3.0,7.6,3.0,83.0
1621,STU_01622,2.3,0.4,1.4,8.6,4.0,64.0
1622,STU_01623,5.9,2.2,0.8,7.4,4.0,86.0
1623,stu_01624 ,3.5,0.0,1.2165816326530612,8.7,2.0,79.0
1624,STU_01625,7.3,0.4,2.8,8.4,4.0,100.0
1625,STU_01626,6.1,0.1,1.1,7.1,5.0,79.0
1626,STU_01627,3.8,2.3,1.8,5.6,6.0,75.0
1627,STU_01628,6.4,2.1,1.9,7.0,4.0,94.0
1628,STU_01629,4.6,2.5,0.8,6.5,5.0,87.0
1629,STU_01630,5.8,0.0,1.7,1.216581632653061,4.0,83.0
1630,STU_01631,5.2,1.0,1.2165816326530612,8.1,4.010084804033921,82.0
1631,STU_01632,3.2,1.8,0.4,6.7,3.0,73.0
1632,STU_01633,3.5,0.3,2.1,8.2,3.0,74.0
1633,STU_01634,6.0,1.6,1.1,8.0,3.0,82.0
1634,STU_01635,4.0,0.1,1.6,8.4,3.0,66.0
1635,STU_01636,3.9,0.3,1.5,7.2,2.0,79.0
1636,STU_01637,3.1,1.0,1.7,8.1,3.0,66.0
1637,STU_01638,5.1,1.6,0.0,8.0,3.0,92.0
1638,STU_01639,7.6,0.2,0.7,8.4,4.010084804033921,92.0
1639,STU_01640,2.9,0.3,0.9,9.4,2.0,67.0
1640,STU_01641,4.5,0.3,0.5,8.1,2.0,79.0
1641,STU_01642,6.6,0.4,1.5,7.0,4.0,82.0
1642,STU_01643,4.4,0.4,2.1,6.3,4.0,88.0
1643,STU_01644,5.2,0.8,2.3,8.4,2.0,81.0
1644,STU_01645,2.9,1.6,0.9,7.7,2.0,66.0
1645,STU_01646,5.1,0.9,1.4,9.1,3.0,77.0
1646,STU_01647,4.2,2.2,1.6,5.0,4.010084804033921,72.0
1647,STU_01648,6.0,1.9,1.7,8.0,5.0,90.0
1648,STU_01649,6.3,0.2,0.5,7.6,3.0,83.0
1649,STU_01650,8.4,0.1,2.7,7.1,3.0,95.0
1650,STU_01651,5.4,3.2,1.9,5.9,6.0,91.0
1651,STU_01652,5.0,0.1,2.0,8.5,3.0,77.0
1652,STU_01653,4.8,0.2,2.2,8.1,3.0,72.0
1653,STU_01654,4.0,0.0,1.6,6.5,4.0,73.0
1654,STU_01655,5.0,1.5,0.4,7.6,3.0,81.0
1655,STU_01656,4.1,1.3,1.1,8.1,4.0,84.0
1656,STU_01657,4.8,6.0,1.2165816326530612,6.4,6.0,85.0
1657,STU_01658,6.5,3.3,1.5,7.8,6.0,93.0
1658,STU_01659,3.0,0.8,1.1,7.3,4.0,70.0
1659,STU_01660,6.2,0.7,1.2,5.3,5.0,86.0
1660,STU_01661,6.5,0.5,2.2,7.6,3.0,91.0
1661,STU_01662,4.3,0.2,0.8,7.9,2.0,72.0
1662,STU_01663,1.3,0.2,1.0,8.0,3.0,57.0
1663,STU_01664,3.6,0.2,1.2,1.216581632653061,4.010084804033921,73.0
1664,STU_01665,6.4,0.2,0.0,1.216581632653061,5.0,93.0
1665,STU_01666,4.5,0.4,1.0,7.4,3.0,75.0
1666,STU_01667,3.0,0.5,0.0,6.9,3.0,66.0
1667,STU_01668,3.7,4.9,0.7,1.216581632653061,6.0,86.0
1668,STU_01669,5.8,1.3,1.9,7.2,5.0,84.0
1669,STU_01670,5.3,6.0,1.6,6.6,7.0,91.0
1670,STU_01671,4.1,0.7,0.7,7.9,4.0,83.0
1671,STU_01672,3.9,0.9,1.2,6.8,5.0,75.0
1672,STU_01673,3.9,0.6,0.3,7.6,3.0,73.0
1673,STU_01674,3.1,0.3,1.2,8.6,3.0,68.0
1674,STU_01675,6.9,0.2,1.2165816326530612,8.0,3.0,89.0
1675,STU_01676,4.0,4.4,2.7,5.6,4.010084804033921,74.0
1676,STU_01677,6.3,6.0,1.2,5.3,7.0,93.0
1677,STU_01678,6.8,0.1,1.3,6.0,5.0,94.0
1678,STU_01679,6.0,0.2,0.4,7.4,3.0,86.0
1679,STU_01680,3.9,0.8,0.6,5.9,3.0,75.0
1680,STU_01681,5.1,0.3,1.5,9.7,2.0,88.0
1681,STU_01682,4.5,0.7,0.8,6.8,3.0,72.0
1682,STU_01683,3.1,0.2,1.9,8.7,4.010084804033921,69.0
1683,STU_01684,5.0,0.9,2.5,9.1,4.010084804033921,84.0
1684,STU_01685,2.7,0.5,1.5,7.8,3.0,65.0
1685,STU_01686,6.3,0.7,1.3,7.4,2.0,92.0
1686,STU_01687,3.8,0.1,0.0,6.6,3.0,71.0
1687,STU_01688,4.8,0.8,1.8,6.9,5.0,81.0
1688,STU_01689,4.9,6.0,0.3,7.7,6.0,88.0
1689,STU_01690,4.1,0.6,0.9,8.0,2.0,76.0
1690,STU_01691,5.4,3.1,2.0,6.7,4.0,87.0
1691,STU_01692,3.8,2.8,2.0,8.1,4.0,77.0
1692,STU_01693,5.8,4.6,0.8,7.2,6.0,90.0
1693,STU_01694,2.5,2.3,0.9,7.0,5.0,66.0
1694,STU_01695,4.7,1.6,0.6,7.6,5.0,82.0
1695,STU_01696,7.4,2.9,0.2,6.3,5.0,99.0
1696,STU_01697,3.0,0.1,0.7,7.3,2.0,65.0
1697,STU_01698,3.5,0.9,0.0,7.5,3.0,74.0
1698,STU_01699,5.3,6.0,1.7,1.216581632653061,7.0,89.0
1699,STU_01700,4.8,2.2,1.5,5.8,6.0,88.0
1700,STU_01701,5.0,4.9,1.6,6.3,6.0,97.0
1701,STU_01702,5.2,2.3,0.4,6.8,2.0,90.0
1702,STU_01703,5.5,3.1,0.2,6.1,5.0,93.0
1703,STU_01704,6.2,1.8,1.2,6.8,5.0,93.0
1704,STU_01705,5.1,2.1,1.3,4.8,7.0,83.0
1705,STU_01706,4.1,1.1,1.2165816326530612,6.7,5.0,69.0
1706,STU_01707,5.5,3.9,1.0,5.5,7.0,85.0
1707,STU_01708,7.3,2.6,2.6,6.4,6.0,95.0
1708,STU_01709,4.3,2.8,1.5,4.6,4.010084804033921,77.0
1709,STU_01710,3.0,1.7,2.8,7.1,5.0,72.0
1710,STU_01711,6.2,0.5,2.2,8.3,3.0,85.0
1711,STU_01712,4.3,0.1,2.6,7.4,4.010084804033921,69.0
1712,STU_01713,1.2,4.1,0.3,7.2,4.0,73.0
1713,STU_01714,5.8,1.3,1.7,6.8,4.0,89.0
1714,STU_01715,3.7,0.5,0.9,6.1,4.0,77.0
1715,STU_01716,4.4,0.2,0.0,7.9,4.010084804033921,74.0
1716,STU_01717,5.0,2.7,2.4,7.4,6.0,83.0
1717,STU_01718,4.8,2.7,1.0,5.7,5.0,81.0
1718,STU_01719,5.6,2.5,0.4,6.7,6.0,87.0
1719,STU_01720,3.8,1.6,0.9,7.1,3.0,83.0
1720,STU_01721,5.3,0.7,0.6,10.0,4.010084804033921,78.0
1721,STU_01722,4.1,0.5,0.6,7.9,2.0,75.0
1722,STU_01723,5.6,0.0,1.2165816326530612,5.9,4.0,85.0
1723,STU_01724,5.4,2.7,2.6,4.5,4.010084804033921,70.0
1724,STU_01725,3.1,0.1,0.7,8.6,4.010084804033921,73.0
1725,STU_01726,6.1,1.5,2.5,9.5,2.0,82.0
1726,STU_01727,3.7,1.1,1.9,7.0,3.0,81.0
1727,STU_01728,5.7,1.1,1.5,7.0,4.0,80.0
1728,STU_01729,5.1,3.9,1.8,6.9,6.0,82.0
1729,STU_01730,7.3,0.0,1.2,6.9,3.0,92.0
1730,STU_01731,4.2,2.2,2.2,4.3,7.0,76.0
1731,STU_01732,4.0,0.1,1.7,8.7,3.0,76.0
1732,STU_01733,4.5,0.1,0.0,7.4,3.0,78.0
1733,STU_01734,4.0,0.8,1.4,8.5,4.010084804033921,76.0
1734,STU_01735,5.7,0.1,1.8,6.8,4.0,79.0
1735,STU_01736,2.1,2.3,1.0,7.2,4.0,65.0
1736,STU_01737,2.9,1.1,1.3,8.3,3.0,69.0
1737,STU_01738,2.9,0.0,0.7,8.9,4.010084804033921,72.0
1738,STU_01739,5.9,0.1,0.1,8.2,3.0,86.0
1739,STU_01740,7.1,1.4,0.0,7.8,2.0,96.0
1740,STU_01741,4.3,2.5,0.0,7.9,3.0,88.0
1741,stu_01742 ,4.2,0.9,1.7,7.9,2.0,72.0
1742,STU_01743,4.6,1.2,0.0,6.3,4.0,78.0
1743,STU_01744,6.2,2.4,0.7,5.9,4.0,87.0
1744,STU_01745,3.1,1.4,0.6,5.3,6.0,77.0
1745,STU_01746,4.9,0.4,1.0,8.5,2.0,86.0
1746,STU_01747,6.0,1.4,0.0,7.2,4.0,94.0
1747,STU_01748,5.3,1.5,1.5,8.1,4.0,86.0
1748,STU_01749,4.8,2.0,0.2,7.8,4.0,83.0
1749,STU_01750,6.0,1.5,2.1,6.1,4.0,86.0
1750,STU_01751,0.4,5.2,0.7,1.216581632653061,6.0,64.0
1751,STU_01752,5.5,0.3,1.1,7.2,3.0,78.0
1752,STU_01753,3.5,4.5,1.2,5.8,7.0,73.0
1753,STU_01754,1.8,1.2,1.4,8.3,3.0,61.0
1754,STU_01755,5.3,1.7,1.2,9.8,3.0,92.0
1755,STU_01756,6.6,0.2,0.9,8.9,2.0,88.0
1756,STU_01757,4.3,0.7,1.5,7.5,4.0,75.0
1757,STU_01758,5.9,2.2,1.6,8.3,4.010084804033921,90.0
1758,STU_01759,6.9,1.8,0.6,9.0,3.0,98.0
1759,STU_01760,6.5,0.1,1.5,6.3,7.0,94.0
1760,STU_01761,7.0,1.2,2.2,8.4,4.0,89.0
1761,STU_01762,5.6,0.1,1.8,8.4,2.0,84.0
1762,STU_01763,4.6,6.0,1.9,7.0,4.010084804033921,72.0
1763,STU_01764,2.1,3.4,1.3,7.5,5.0,69.0
1764,STU_01765,4.1,0.0,0.5,7.7,3.0,78.0
1765,STU_01766,3.2,2.9,0.6,9.0,2.0,77.0
1766,STU_01767,7.8,3.8,1.5,6.9,5.0,100.0
1767,STU_01768,4.2,0.7,2.0,7.0,2.0,81.0
1768,STU_01769,4.7,1.9,3.0,7.3,5.0,85.0
1769,STU_01770,5.3,0.9,2.0,8.3,2.0,87.0
1770,STU_01771,4.6,1.6,0.3,1.216581632653061,3.0,78.0
1771,STU_01772,7.0,0.6,0.6,8.1,3.0,96.0
1772,STU_01773,3.6,0.6,3.0,7.3,3.0,77.0
1773,STU_01774,4.8,0.8,1.0,6.9,4.0,78.0
1774,STU_01775,3.4,0.2,1.2,6.9,5.0,71.0
1775,STU_01776,2.5,2.7,0.4,5.7,6.0,75.0
1776,STU_01777,3.6,0.6,2.5,8.8,2.0,74.0
1777,STU_01778,4.4,0.8,1.6,7.2,4.0,77.0
1778,STU_01779,3.9,3.4,0.6,3.4,4.010084804033921,68.0
1779,STU_01780,3.5,1.0,0.4,8.0,2.0,70.0
1780,STU_01781,2.4,1.2,1.4,7.7,3.0,59.0
1781,STU_01782,4.4,4.7,1.2,4.5,4.010084804033921,64.0
1782,STU_01783,2.2,3.3,1.9,5.8,6.0,73.0
1783,STU_01784,5.6,0.3,1.6,6.7,3.0,86.0
1784,STU_01785,4.6,1.0,1.0,6.8,4.0,79.0
1785,STU_01786,2.3,5.3,0.8,7.5,6.0,76.0
1786,STU_01787,4.0,0.7,1.1,7.4,2.0,76.0
1787,STU_01788,3.4,0.7,0.8,7.2,3.0,70.0
1788,STU_01789,5.0,0.3,1.1,8.8,4.010084804033921,84.0
1789,STU_01790,6.5,0.2,1.2,8.2,2.0,88.0
1790,STU_01791,1.7,2.0,0.5,5.6,6.0,65.0
1791,STU_01792,4.7,2.2,1.7,6.4,7.0,78.0
1792,STU_01793,4.3,5.2,0.9,1.216581632653061,4.010084804033921,71.0
1793,STU_01794,5.5,2.2,0.5,6.3,4.0,83.0
1794,STU_01795,4.8,0.4,0.9,1.216581632653061,4.010084804033921,79.0
1795,STU_01796,3.4,0.1,1.4,7.8,2.0,68.0
1796,STU_01797,4.0,6.0,1.3,5.2,4.010084804033921,57.0
1797,STU_01798,3.3,0.6,1.5,6.4,6.0,70.0
1798,STU_01799,6.1,0.6,1.9,8.4,3.0,87.0
1799,STU_01800,4.5,3.5,2.2,5.8,6.0,76.0
1800,STU_01801,7.4,1.3,1.4,7.7,4.010084804033921,86.0
1801,STU_01802,4.4,0.4,0.3,6.7,2.0,79.0
1802,STU_01803,3.4,3.3,1.0,6.9,3.0,76.0
1803,STU_01804,2.2,6.0,0.4,5.5,6.0,67.0
1804,STU_01805,1.8,0.1,2.6,7.1,6.0,63.0
1805,STU_01806,2.1,3.0,2.8,5.8,5.0,69.0
1806,STU_01807,4.9,0.7,1.7,1.216581632653061,4.010084804033921,79.0
1807,STU_01808,5.3,1.1,1.9,6.8,3.0,91.0
1808,STU_01809,2.1,3.7,1.4,6.5,4.010084804033921,65.0
1809,STU_01810,5.8,5.4,1.5,6.0,7.0,92.0
1810,STU_01811,3.8,0.5,0.0,9.5,2.0,72.0
1811,STU_01812,4.7,0.4,1.1,8.6,2.0,73.0
1812,STU_01813,6.9,0.1,0.5,8.7,4.010084804033921,97.0
1813,STU_01814,5.8,1.2,1.4,1.216581632653061,7.0,88.0
1814,STU_01815,4.1,0.0,1.2,7.1,4.0,78.0
1815,STU_01816,3.2,0.8,2.8,8.4,3.0,62.0
1816,STU_01817,1.3,0.1,1.9,6.4,6.0,61.0
1817,STU_01818,3.4,0.8,1.4,7.6,3.0,70.0
1818,STU_01819,4.2,0.1,1.0,6.7,3.0,78.0
1819,STU_01820,3.0,2.7,2.5,5.7,6.0,74.0
1820,STU_01821,4.3,0.4,1.2,9.3,2.0,76.0
1821,STU_01822,4.6,0.6,1.5,8.2,3.0,76.0
1822,STU_01823,4.2,3.1,1.2,7.8,4.0,81.0
1823,STU_01824,3.5,2.1,0.9,8.0,2.0,71.0
1824,STU_01825,4.8,0.4,1.2,7.5,3.0,83.0
1825,STU_01826,5.2,0.1,0.0,7.3,2.0,78.0
1826,STU_01827,2.9,1.9,0.0,7.0,5.0,70.0
1827,STU_01828,6.6,0.7,1.5,7.3,2.0,88.0
1828,STU_01829,4.4,2.2,2.5,8.6,5.0,80.0
1829,STU_01830,4.5,0.9,1.5,6.1,6.0,74.0
1830,STU_01831,5.6,0.6,0.6,7.1,2.0,81.0
1831,STU_01832,4.8,0.9,0.0,6.8,3.0,90.0
1832,STU_01833,5.9,2.1,1.8,8.1,3.0,92.0
1833,STU_01834,4.9,3.5,0.7,1.216581632653061,4.0,86.0
1834,STU_01835,3.6,0.1,1.7,7.9,4.0,74.0
1835,STU_01836,5.0,1.1,1.2165816326530612,7.8,4.0,83.0
1836,STU_01837,2.8,0.1,1.6,7.8,2.0,66.0
1837,STU_01838,4.7,0.9,1.2165816326530612,7.9,4.0,82.0
1838,STU_01839,4.5,3.2,1.5,1.216581632653061,6.0,78.0
1839,STU_01840,4.2,0.7,1.2165816326530612,8.0,2.0,83.0
1840,STU_01841,4.3,4.0,0.7,7.1,5.0,82.0
1841,STU_01842,1.7,1.5,0.4,8.2,4.0,66.0
1842,STU_01843,3.7,4.1,0.0,5.0,4.010084804033921,76.0
1843,STU_01844,4.6,2.1,1.1,7.2,5.0,83.0
1844,STU_01845,4.7,0.2,2.4,7.8,6.0,75.0
1845,STU_01846,3.0,0.4,1.8,7.9,3.0,73.0
1846,STU_01847,6.4,0.8,1.4,7.3,4.0,96.0
1847,STU_01848,3.2,0.3,0.6,8.0,4.0,62.0
1848,STU_01849,6.0,1.0,2.0,6.6,7.0,87.0
1849,STU_01850,5.1,1.0,1.2165816326530612,5.7,4.0,83.0
1850,STU_01851,3.5,4.7,2.5,7.1,6.0,77.0
1851,STU_01852,7.2,0.9,0.4,6.5,3.0,89.0
1852,STU_01853,2.7,2.3,0.6,7.0,5.0,66.0
1853,STU_01854,5.9,4.3,0.5,5.9,7.0,84.0
1854,STU_01855,6.0,3.1,0.0,8.6,2.0,95.0
1855,STU_01856,3.5,0.4,0.5,7.7,4.0,77.0
1856,STU_01857,6.6,1.0,1.3,7.1,3.0,97.0
1857,STU_01858,4.1,0.6,0.6,8.4,2.0,76.0
1858,STU_01859,4.9,0.8,0.0,9.9,2.0,82.0
1859,STU_01860,4.9,0.7,2.1,7.8,3.0,85.0
1860,STU_01861,4.3,2.6,0.0,6.8,3.0,79.0
1861,STU_01862,5.7,0.9,1.7,8.1,4.0,82.0
1862,STU_01863,5.7,1.1,1.2,5.8,5.0,84.0
1863,STU_01864,1.9,6.0,2.9,5.7,4.010084804033921,55.0
1864,STU_01865,6.5,0.1,2.0,1.216581632653061,2.0,86.0
1865,STU_01866,2.0,1.0,0.8,7.7,4.010084804033921,65.0
1866,STU_01867,6.0,2.2,0.6,7.3,5.0,84.0
1867,STU_01868,6.2,0.2,2.4,7.5,5.0,87.0
1868,STU_01869,2.9,1.4,0.0,7.2,5.0,71.0
1869,STU_01870,3.9,0.4,1.4,7.9,4.0,74.0
1870,STU_01871,2.8,3.0,1.1,7.6,4.0,69.0
1871,STU_01872,4.2,0.6,0.9,7.3,3.0,79.0
1872,STU_01873,4.0,0.6,1.5,5.0,6.0,76.0
1873,STU_01874,5.7,1.4,1.4,7.8,4.0,78.0
1874,STU_01875,6.5,0.3,1.6,9.7,2.0,91.0
1875,STU_01876,6.6,0.5,1.3,7.2,3.0,89.0
1876,STU_01877,3.7,0.8,1.5,1.216581632653061,4.0,71.0
1877,STU_01878,4.2,0.7,1.3,8.2,4.010084804033921,73.0
1878,STU_01879,2.0,1.1,0.7,9.3,2.0,60.0
1879,STU_01880,3.3,1.4,1.2,7.9,3.0,73.0
1880,STU_01881,5.9,1.3,0.6,9.2,4.010084804033921,90.0
1881,STU_01882,6.9,1.6,0.6,8.2,4.0,95.0
1882,STU_01883,2.6,0.6,0.9,1.216581632653061,3.0,71.0
1883,STU_01884,3.6,0.2,1.1,7.2,4.0,74.0
1884,STU_01885,4.5,2.1,1.2,7.4,5.0,72.0
1885,STU_01886,4.9,2.9,1.9,6.7,7.0,80.0
1886,STU_01887,3.3,0.4,0.8,7.6,4.010084804033921,75.0
1887,STU_01888,5.1,0.8,1.4,7.2,3.0,77.0
1888,STU_01889,3.8,1.0,1.3,7.7,3.0,63.0
1889,STU_01890,4.5,1.1,0.7,1.216581632653061,4.0,86.0
1890,STU_01891,5.3,1.6,1.3,8.1,3.0,86.0
1891,STU_01892,4.5,0.1,2.0,6.7,2.0,74.0
1892,STU_01893,3.8,1.9,1.3,6.9,5.0,73.0
1893,STU_01894,4.3,0.1,1.4,8.0,2.0,79.0
1894,STU_01895,4.4,0.9,0.6,6.7,4.0,80.0
1895,STU_01896,3.9,2.6,2.8,4.7,4.010084804033921,71.0
1896,STU_01897,4.1,0.9,0.7,7.2,4.0,75.0
1897,STU_01898,6.9,0.2,0.0,6.5,4.010084804033921,87.0
1898,STU_01899,5.3,6.0,1.9,6.5,7.0,91.0
1899,STU_01900,4.1,3.3,1.1,5.6,6.0,84.0
1900,STU_01901,5.5,2.2,1.0,8.6,3.0,84.0
1901,STU_01902,4.0,0.8,0.8,7.6,2.0,78.0
1902,STU_01903,6.3,0.3,2.7,7.4,4.0,86.0
1903,STU_01904,5.1,4.3,1.5,4.4,4.010084804033921,74.0
1904,STU_01905,4.3,1.1,1.6,7.5,4.0,74.0
1905,stu_01906 ,5.2,2.9,1.3,6.8,4.0,85.0
1906,STU_01907,2.1,0.6,1.4,6.2,4.0,66.0
1907,STU_01908,2.8,0.6,2.3,7.4,4.0,65.0
1908,STU_01909,2.7,6.0,1.0,1.216581632653061,4.010084804033921,69.0
1909,STU_01910,4.7,1.1,0.0,7.4,3.0,80.0
1910,STU_01911,7.1,0.2,1.9,7.6,3.0,93.0
1911,STU_01912,7.8,0.4,1.6,7.1,4.0,95.0
1912,STU_01913,5.5,1.0,1.2165816326530612,7.7,3.0,88.0
1913,STU_01914,5.3,0.1,1.6,7.6,3.0,78.0
1914,STU_01915,1.8,0.9,0.9,8.0,3.0,63.0
1915,STU_01916,3.7,0.8,1.2,7.0,4.0,70.0
1916,STU_01917,3.3,2.3,1.1,6.0,7.0,73.0
1917,STU_01918,3.6,0.7,0.7,6.9,5.0,75.0
1918,STU_01919,4.2,6.0,2.2,7.2,7.0,83.0
1919,STU_01920,3.8,0.3,0.1,8.9,2.0,61.0
1920,STU_01921,1.5,1.3,3.0,8.2,2.0,56.0
1921,STU_01922,5.6,0.1,1.9,8.9,2.0,75.0
1922,STU_01923,2.9,2.0,0.0,6.9,4.0,71.0
1923,STU_01924,4.9,6.0,1.0,6.3,5.0,88.0
1924,STU_01925,7.6,2.6,1.1,7.1,5.0,98.0
1925,STU_01926,3.1,1.2,1.5,8.0,2.0,68.0
1926,STU_01927,0.7,1.0,0.4,7.3,2.0,57.0
1927,STU_01928,4.1,2.7,1.2,7.0,4.0,73.0
1928,STU_01929,6.2,4.1,1.1,6.6,6.0,97.0
1929,STU_01930,7.4,6.0,0.6,6.6,5.0,100.0
1930,STU_01931,2.7,0.8,0.5,8.3,3.0,63.0
1931,STU_01932,5.2,6.0,1.9,5.9,4.010084804033921,81.0
1932,STU_01933,3.8,0.3,0.0,8.0,4.0,73.0
1933,STU_01934,4.3,0.4,1.6,7.8,3.0,71.0
1934,STU_01935,8.5,0.1,1.8,9.2,2.0,100.0
1935,STU_01936,2.2,0.5,1.0,5.9,4.0,68.0
1936,STU_01937,4.9,2.2,1.2,6.1,4.0,83.0
1937,STU_01938,5.2,2.9,2.1,7.4,5.0,89.0
1938,STU_01939,6.1,2.3,0.6,7.5,3.0,100.0
1939,STU_01940,4.6,1.5,0.7,7.7,4.0,73.0
1940,STU_01941,5.0,1.1,0.8,8.2,4.0,82.0
1941,STU_01942,3.9,1.9,2.1,7.2,5.0,71.0
1942,STU_01943,4.9,0.7,2.2,6.8,5.0,87.0
1943,STU_01944,4.0,2.8,0.1,7.8,4.0,79.0
1944,STU_01945,5.4,1.7,2.0,7.1,4.0,82.0
1945,STU_01946,3.9,1.8,1.9,6.6,5.0,75.0
1946,STU_01947,5.1,1.2,2.4,7.9,3.0,87.0
1947,STU_01948,4.5,3.2,1.5,7.4,3.0,83.0
1948,STU_01949,6.2,0.4,1.2,7.9,3.0,90.0
1949,STU_01950,4.4,0.7,2.1,9.1,3.0,84.0
1950,STU_01951,1.8,2.3,1.8,8.3,2.0,68.0
1951,STU_01952,6.4,1.0,3.0,8.1,5.0,94.0
1952,STU_01953,3.1,3.3,2.0,9.2,4.0,73.0
1953,STU_01954,3.5,0.6,1.3,7.4,4.0,63.0
1954,STU_01955,3.6,0.7,0.3,7.3,4.0,73.0
1955,STU_01956,6.6,3.3,0.7,1.216581632653061,4.0,92.0
1956,STU_01957,1.3,0.9,0.1,7.5,3.0,62.0
1957,STU_01958,9.2,1.1,1.0,7.5,3.0,100.0
1958,STU_01959,6.1,0.6,1.9,6.4,4.0,91.0
1959,STU_01960,4.8,0.5,1.2,8.2,3.0,80.0
1960,STU_01961,4.4,1.6,2.0,5.6,4.010084804033921,72.0
1961,STU_01962,4.9,0.2,1.5,7.6,4.0,82.0
1962,STU_01963,5.3,3.2,0.9,6.9,5.0,86.0
1963,STU_01964,5.5,2.3,1.3,6.6,5.0,85.0
1964,STU_01965,5.3,0.3,1.6,5.8,4.0,87.0
1965,stu_01966 ,4.6,1.8,1.3,5.4,5.0,83.0
1966,stu_01967 ,4.2,1.4,1.3,6.6,5.0,80.0
1967,STU_01968,4.3,0.3,0.6,8.3,2.0,76.0
1968,STU_01969,4.2,0.5,0.9,8.0,2.0,76.0
1969,STU_01970,6.2,0.8,3.0,7.1,4.0,88.0
1970,STU_01971,5.4,1.8,2.2,6.1,5.0,78.0
1971,STU_01972,0.1,1.5,0.0,7.9,4.0,47.0
1972,STU_01973,5.5,1.1,0.0,5.9,5.0,84.0
1973,STU_01974,4.8,2.2,1.3,4.7,7.0,75.0
1974,STU_01975,4.5,2.1,1.9,6.7,5.0,80.0
1975,STU_01976,3.9,1.4,0.8,6.9,4.0,72.0
1976,STU_01977,6.2,2.3,2.0,7.9,3.0,90.0
1977,STU_01978,5.9,0.6,1.2165816326530612,7.7,2.0,87.0
1978,STU_01979,3.3,3.2,1.1,8.5,5.0,67.0
1979,STU_01980,5.1,1.4,1.8,6.7,6.0,84.0
1980,STU_01981,3.0,2.6,0.8,7.6,4.0,70.0
1981,STU_01982,2.4,1.2,1.0,7.2,5.0,57.0
1982,STU_01983,3.6,0.4,1.7,8.9,4.0,70.0
1983,STU_01984,5.8,1.2,1.2,7.2,3.0,88.0
1984,STU_01985,5.9,0.7,2.7,8.1,2.0,85.0
1985,STU_01986,5.3,1.8,1.8,6.0,6.0,82.0
1986,STU_01987,5.6,1.0,1.7,7.0,3.0,86.0
1987,STU_01988,5.3,2.7,1.2,6.9,5.0,84.0
1988,STU_01989,3.5,1.7,1.9,8.4,3.0,73.0
1989,STU_01990,5.1,1.7,0.9,5.1,7.0,78.0
1990,STU_01991,5.7,0.4,1.4,1.216581632653061,3.0,83.0
1991,STU_01992,5.6,6.0,0.5,5.7,4.010084804033921,84.0
1992,STU_01993,6.3,2.8,2.0,4.7,7.0,93.0
1993,STU_01994,5.6,2.3,1.4,6.5,6.0,88.0
1994,STU_01995,5.0,0.6,2.8,5.7,5.0,78.0
1995,STU_01996,6.1,1.2,3.0,4.7,7.0,87.0
1996,STU_01997,4.5,0.2,1.8,7.3,2.0,76.0
1997,STU_01998,3.2,1.2,1.3,7.1,4.0,74.0
1998,STU_01999,4.3,0.2,0.4,7.6,4.0,81.0
1999,STU_02000,3.4,1.2,1.9,7.5,4.0,70.0
2000,STU_02001,3.5,1.6,1.4,6.4,6.0,73.0
2001,STU_02002,4.3,0.7,1.6,9.2,2.0,76.0
2002,STU_02003,3.3,1.0,2.6,7.1,4.0,74.0
2003,STU_02004,4.0,3.1,0.5,8.2,4.0,81.0
2004,STU_02005,1.7,0.2,0.5,6.2,5.0,60.0
2005,STU_02006,4.8,2.4,1.0,6.3,3.0,86.0
2006,STU_02007,4.5,0.3,1.2165816326530612,8.2,3.0,80.0
2007,STU_02008,3.3,0.1,1.6,7.4,2.0,67.0
2008,STU_02009,5.5,0.3,0.5,1.216581632653061,2.0,83.0
2009,STU_02010,5.9,2.2,1.8,5.1,7.0,88.0
2010,STU_02011,2.1,0.8,0.2,8.5,3.0,60.0
2011,STU_02012,3.4,3.1,0.5,7.6,4.0,74.0
2012,STU_02013,3.3,1.1,1.1,7.7,2.0,76.0
2013,STU_02014,3.1,0.0,0.8,7.3,2.0,73.0
2014,STU_02015,5.7,1.9,1.9,5.9,5.0,91.0
2015,STU_02016,4.2,0.2,1.4,7.6,3.0,79.0
2016,STU_02017,4.1,2.3,2.6,5.5,6.0,79.0
2017,STU_02018,1.5,0.3,1.0,7.0,4.0,57.0
2018,STU_02019,5.5,0.6,1.1,8.9,3.0,86.0
2019,STU_02020,2.6,2.1,2.2,5.1,7.0,62.0
2020,STU_02021,4.6,4.6,1.1,7.1,6.0,82.0
2021,STU_02022,4.9,0.7,2.4,8.8,2.0,85.0
2022,STU_02023,6.5,2.7,1.6,7.7,7.0,91.0
2023,STU_02024,2.5,0.3,0.0,8.3,2.0,68.0
2024,STU_02025,0.0,2.5,2.1,6.4,6.0,52.0
2025,STU_02026,4.8,1.6,1.9,6.5,7.0,83.0
2026,STU_02027,7.2,0.3,2.0,5.3,6.0,88.0
2027,STU_02028,6.4,0.5,0.0,7.9,2.0,94.0
2028,STU_02029,4.8,0.2,0.7,7.4,4.0,75.0
2029,STU_02030,3.8,0.7,0.7,6.9,5.0,68.0
2030,STU_02031,5.7,0.3,0.5,7.8,3.0,90.0
2031,STU_02032,3.0,1.5,2.6,7.1,6.0,71.0
2032,STU_02033,5.2,6.0,1.2,5.3,4.010084804033921,81.0
2033,STU_02034,5.3,0.0,1.2,9.4,2.0,88.0
2034,STU_02035,6.1,1.2,1.6,8.1,5.0,91.0
2035,STU_02036,8.6,1.3,1.7,8.2,3.0,100.0
2036,STU_02037,5.1,3.7,0.0,6.8,6.0,86.0
2037,STU_02038,3.7,1.1,0.7,1.216581632653061,4.0,78.0
2038,STU_02039,4.5,1.2,0.1,6.7,4.0,75.0
2039,STU_02040,1.8,1.0,1.5,8.1,2.0,68.0
2040,STU_02041,3.5,0.5,1.0,7.5,4.0,70.0
2041,STU_02042,3.9,0.1,1.2,6.7,4.0,70.0
2042,stu_02043 ,3.7,0.8,0.0,7.7,2.0,78.0
2043,STU_02044,4.7,0.1,1.0,7.5,3.0,81.0
2044,STU_02045,3.3,1.2,2.1,9.5,2.0,64.0
2045,STU_02046,6.2,0.6,2.3,7.8,2.0,87.0
2046,STU_02047,4.5,1.1,1.8,8.9,3.0,74.0
2047,STU_02048,4.5,0.2,0.1,9.0,2.0,80.0
2048,STU_02049,4.0,4.0,2.2,6.4,4.010084804033921,79.0
2049,STU_02050,4.7,3.4,1.8,6.2,6.0,86.0
2050,STU_02051,5.7,0.3,1.1,5.9,6.0,82.0
2051,STU_02052,3.2,0.6,0.0,6.9,3.0,74.0
2052,STU_02053,3.5,1.4,2.0,7.8,4.0,73.0
2053,STU_02054,4.0,0.2,0.7,7.5,3.0,74.0
2054,STU_02055,2.5,0.7,1.5,7.9,5.0,64.0
2055,STU_02056,3.3,0.4,1.3,5.6,4.0,71.0
2056,STU_02057,3.8,3.7,2.4,6.9,6.0,78.0
2057,STU_02058,5.8,2.9,1.1,8.0,4.0,80.0
2058,STU_02059,4.9,1.3,1.2,5.6,5.0,81.0
2059,STU_02060,4.8,1.1,2.5,7.5,4.0,80.0
2060,STU_02061,5.8,4.0,0.7,8.0,5.0,92.0
2061,STU_02062,4.3,4.0,1.9,8.1,5.0,74.0
2062,STU_02063,5.1,5.2,1.0,5.7,4.010084804033921,82.0
2063,STU_02064,4.3,0.2,0.4,8.6,4.010084804033921,76.0
2064,STU_02065,4.9,0.3,1.2,9.1,4.010084804033921,82.0
2065,STU_02066,3.6,1.7,1.8,7.5,3.0,68.0
2066,STU_02067,0.8,1.2,2.3,8.5,5.0,52.0
2067,STU_02068,4.3,0.0,2.4,7.5,3.0,68.0
2068,STU_02069,6.6,0.1,1.0,8.2,2.0,91.0
2069,STU_02070,5.9,3.3,0.4,6.3,6.0,89.0
2070,STU_02071,5.9,3.0,0.9,6.7,6.0,90.0
2071,STU_02072,6.4,0.7,0.3,8.2,2.0,84.0
2072,STU_02073,4.6,3.3,1.0,6.1,7.0,78.0
2073,STU_02074,4.8,1.4,0.9,7.2,3.0,71.0
2074,STU_02075,3.6,2.5,1.8,7.7,6.0,70.0
2075,STU_02076,4.0,0.8,0.0,9.8,4.010084804033921,73.0
2076,STU_02077,5.4,0.2,0.6,5.8,5.0,80.0
2077,STU_02078,6.3,0.9,0.6,9.6,4.010084804033921,89.0
2078,STU_02079,4.3,0.9,2.1,7.0,3.0,80.0
2079,STU_02080,3.8,1.2,0.3,8.5,4.010084804033921,72.0
2080,STU_02081,4.5,0.2,1.4,8.8,4.010084804033921,79.0
2081,STU_02082,5.4,6.0,1.1,7.5,7.0,95.0
2082,STU_02083,2.3,0.4,2.0,6.7,2.0,69.0
2083,STU_02084,1.1,0.3,1.7,7.3,4.0,59.0
2084,STU_02085,3.7,1.1,1.3,7.4,4.0,74.0
2085,STU_02086,2.7,1.2,0.8,7.1,2.0,63.0
2086,STU_02087,3.7,0.9,0.0,9.1,4.010084804033921,75.0
2087,STU_02088,4.3,2.2,1.4,7.0,4.0,77.0
2088,STU_02089,3.8,1.1,1.6,5.7,5.0,80.0
2089,STU_02090,6.7,1.4,0.0,6.9,5.0,93.0
2090,STU_02091,5.0,1.9,0.2,5.8,6.0,82.0
2091,STU_02092,5.0,0.0,1.4,7.5,3.0,85.0
2092,STU_02093,5.4,1.3,1.5,8.0,2.0,83.0
2093,STU_02094,2.8,3.2,0.4,6.3,4.0,72.0
2094,STU_02095,6.1,0.0,0.7,7.4,2.0,94.0
2095,STU_02096,4.4,0.8,0.0,7.5,2.0,79.0
2096,STU_02097,5.5,3.9,2.3,6.5,6.0,93.0
2097,STU_02098,2.9,0.7,0.2,8.3,2.0,74.0
2098,STU_02099,2.2,0.9,1.6,8.2,2.0,62.0
2099,STU_02100,5.7,6.0,1.2,8.2,5.0,97.0
2100,STU_02101,5.1,0.3,2.2,7.6,3.0,80.0
2101,STU_02102,3.1,0.1,0.6,8.6,4.010084804033921,77.0
2102,STU_02103,3.2,2.9,1.2,5.3,4.010084804033921,71.0
2103,STU_02104,6.2,3.0,0.0,6.7,5.0,95.0
2104,STU_02105,2.7,1.0,0.0,7.4,4.0,72.0
2105,STU_02106,7.0,1.1,1.7,6.3,6.0,91.0
2106,STU_02107,3.1,2.7,0.0,6.7,6.0,80.0
2107,STU_02108,5.5,2.0,1.0,7.1,6.0,82.0
2108,STU_02109,4.0,0.5,2.0,1.216581632653061,4.0,76.0
2109,STU_02110,5.4,0.0,1.8,10.0,4.010084804033921,80.0
2110,STU_02111,3.7,1.0,0.7,8.1,2.0,77.0
2111,STU_02112,4.3,2.9,0.0,9.1,2.0,87.0
2112,STU_02113,4.6,3.4,1.6,8.2,5.0,84.0
2113,STU_02114,3.0,4.7,2.3,5.5,7.0,76.0
2114,STU_02115,5.6,3.2,0.7,7.0,3.0,88.0
2115,STU_02116,3.7,1.3,0.6,7.1,2.0,75.0
2116,STU_02117,4.2,0.9,0.8,7.4,5.0,75.0
2117,STU_02118,3.0,2.2,1.7,6.0,5.0,78.0
2118,STU_02119,0.7,2.0,2.2,6.5,4.0,60.0
2119,STU_02120,4.2,1.2,0.2,8.0,4.0,76.0
2120,STU_02121,8.1,0.1,0.0,8.3,4.010084804033921,99.0
2121,STU_02122,5.7,3.9,3.0,6.5,7.0,100.0
2122,STU_02123,4.5,0.9,1.1,7.5,5.0,79.0
2123,STU_02124,4.1,0.7,1.4,8.4,4.0,81.0
2124,STU_02125,4.5,1.5,0.6,7.2,3.0,77.0
2125,STU_02126,5.3,1.7,1.6,8.6,3.0,86.0
2126,STU_02127,2.7,0.4,2.0,5.7,5.0,64.0
2127,STU_02128,6.2,2.7,1.4,7.6,4.0,89.0
2128,STU_02129,5.6,0.5,2.6,7.8,5.0,87.0
2129,STU_02130,5.6,0.3,0.9,7.0,2.0,80.0
2130,STU_02131,5.2,0.8,1.0,7.2,4.0,77.0
2131,STU_02132,4.5,2.0,1.4,7.6,4.0,83.0
2132,STU_02133,5.5,5.0,1.6,7.1,7.0,89.0
2133,STU_02134,5.4,2.5,1.4,5.2,4.010084804033921,77.0
2134,STU_02135,4.0,4.2,0.2,7.3,4.0,73.0
2135,STU_02136,3.6,0.2,1.5,7.2,3.0,67.0
2136,STU_02137,4.7,0.1,0.9,8.9,2.0,79.0
2137,STU_02138,6.8,1.2,0.7,5.6,6.0,92.0
2138,STU_02139,2.6,0.5,1.2,10.0,4.010084804033921,70.0
2139,STU_02140,2.3,2.6,0.4,6.2,6.0,64.0
2140,STU_02141,4.7,1.7,0.3,8.9,4.0,80.0
2141,STU_02142,4.6,5.3,0.0,6.3,7.0,86.0
2142,STU_02143,4.8,0.4,2.6,6.5,5.0,78.0
2143,STU_02144,4.9,1.0,1.6,7.6,5.0,83.0
2144,STU_02145,4.2,1.0,1.1,8.5,3.0,72.0
2145,STU_02146,6.7,0.4,0.7,6.2,5.0,93.0
2146,STU_02147,2.1,1.3,0.0,8.3,2.0,69.0
2147,STU_02148,3.3,0.9,0.6,7.6,3.0,68.0
2148,STU_02149,4.3,0.9,1.8,8.0,2.0,79.0
2149,STU_02150,2.0,0.7,2.0,7.4,4.0,65.0
2150,STU_02151,4.2,0.0,1.7,7.1,5.0,78.0
2151,STU_02152,7.0,1.1,1.3,6.3,4.0,94.0
2152,STU_02153,4.5,0.6,2.2,8.0,4.0,84.0
2153,STU_02154,4.8,0.0,0.9,1.216581632653061,2.0,88.0
2154,STU_02155,2.6,0.6,2.1,8.1,4.0,69.0
2155,STU_02156,3.6,0.5,0.9,8.1,4.0,73.0
2156,STU_02157,3.9,0.7,0.5,8.6,4.010084804033921,75.0
2157,STU_02158,4.0,0.2,0.4,9.3,4.010084804033921,69.0
2158,STU_02159,6.4,1.1,0.3,1.216581632653061,4.0,84.0
2159,STU_02160,5.3,1.8,1.7,4.8,6.0,80.0
2160,STU_02161,2.8,1.5,0.6,9.1,4.010084804033921,70.0
2161,STU_02162,4.9,2.4,0.4,5.9,6.0,82.0
2162,STU_02163,5.2,0.9,1.8,6.3,4.0,89.0
2163,STU_02164,6.2,1.1,1.5,7.1,3.0,79.0
2164,STU_02165,6.9,2.5,2.0,5.2,6.0,95.0
2165,STU_02166,3.0,0.8,1.6,7.0,4.0,71.0
2166,STU_02167,3.3,1.8,0.6,6.4,5.0,76.0
2167,STU_02168,2.6,0.9,1.3,7.3,3.0,68.0
2168,STU_02169,4.1,0.8,1.3,7.8,2.0,78.0
2169,STU_02170,5.2,2.1,0.5,6.9,3.0,85.0
2170,STU_02171,6.0,0.3,0.3,7.5,4.0,88.0
2171,STU_02172,4.4,0.6,0.7,7.9,2.0,77.0
2172,STU_02173,4.0,0.4,2.8,1.216581632653061,5.0,83.0
2173,STU_02174,4.7,0.7,0.9,9.2,2.0,82.0
2174,STU_02175,3.2,0.4,2.2,7.2,5.0,71.0
2175,STU_02176,7.6,1.3,0.8,9.3,3.0,95.0
2176,STU_02177,2.1,2.4,1.9,7.8,4.0,65.0
2177,STU_02178,4.8,2.3,1.9,5.7,5.0,88.0
2178,STU_02179,7.5,0.7,2.0,6.1,4.0,86.0
2179,STU_02180,4.5,6.0,1.5,1.216581632653061,4.010084804033921,70.0
2180,STU_02181,4.2,1.4,2.3,8.6,3.0,77.0
2181,STU_02182,4.0,0.8,1.5,7.0,4.0,77.0
2182,STU_02183,4.2,2.7,2.6,4.8,4.010084804033921,72.0
2183,STU_02184,6.6,2.0,0.0,7.2,4.0,98.0
2184,stu_02185 ,1.2,2.1,1.5,5.1,6.0,61.0
2185,STU_02186,6.8,0.3,1.4,6.6,5.0,91.0
2186,STU_02187,2.4,0.9,0.5,7.0,3.0,69.0
2187,STU_02188,4.1,3.0,1.7,6.9,5.0,85.0
2188,STU_02189,3.9,1.1,0.0,8.7,3.0,77.0
2189,STU_02190,5.4,1.7,0.7,8.0,3.0,89.0
2190,STU_02191,2.1,1.3,0.0,6.4,2.0,64.0
2191,STU_02192,5.2,2.8,2.4,6.3,7.0,86.0
2192,STU_02193,7.5,0.5,1.0,7.7,4.0,100.0
2193,STU_02194,2.5,1.3,2.9,6.8,3.0,69.0
2194,STU_02195,4.8,0.2,1.8,7.3,2.0,78.0
2195,STU_02196,3.5,1.8,1.6,5.4,4.010084804033921,66.0
2196,STU_02197,5.1,2.0,0.7,6.1,5.0,88.0
2197,STU_02198,4.5,0.1,0.4,7.5,3.0,82.0
2198,STU_02199,3.5,1.7,1.6,4.1,7.0,70.0
2199,STU_02200,5.2,0.8,1.1,8.2,2.0,84.0
2200,STU_02201,7.2,0.2,0.1,6.5,3.0,94.0
2201,STU_02202,4.2,0.8,0.0,8.4,3.0,76.0
2202,STU_02203,5.6,0.3,0.4,1.216581632653061,2.0,89.0
2203,STU_02204,2.6,0.8,2.7,6.7,5.0,66.0
2204,STU_02205,3.1,0.7,3.0,8.2,5.0,67.0
2205,STU_02206,5.2,2.0,1.4,7.9,3.0,81.0
2206,STU_02207,6.7,2.2,1.3,6.8,5.0,93.0
2207,STU_02208,5.0,1.4,0.9,7.0,5.0,79.0
2208,STU_02209,4.0,0.0,0.5,9.0,4.010084804033921,71.0
2209,STU_02210,4.5,4.0,2.3,6.6,6.0,79.0
2210,stu_02211 ,2.6,1.7,2.7,8.0,6.0,65.0
2211,STU_02212,5.4,0.1,0.5,5.5,4.0,79.0
2212,STU_02213,5.8,2.6,1.1,7.1,6.0,90.0
2213,STU_02214,3.8,0.3,0.8,6.2,4.0,66.0
2214,STU_02215,3.8,1.3,1.2165816326530612,7.4,5.0,72.0
2215,STU_02216,4.9,0.9,2.1,8.0,4.010084804033921,80.0
2216,STU_02217,3.8,0.8,0.2,9.5,4.010084804033921,79.0
2217,STU_02218,4.4,3.3,1.6,5.8,5.0,80.0
2218,STU_02219,7.6,0.9,1.8,6.9,3.0,97.0
2219,STU_02220,4.1,0.1,1.1,7.7,2.0,75.0
2220,STU_02221,4.0,4.4,1.9,5.3,7.0,73.0
2221,STU_02222,3.5,3.8,1.3,7.6,4.0,80.0
2222,STU_02223,5.6,1.7,2.2,7.0,4.0,89.0
2223,STU_02224,4.2,0.9,0.0,7.8,3.0,80.0
2224,STU_02225,3.5,0.1,0.9,8.4,4.010084804033921,81.0
2225,STU_02226,6.5,2.3,1.1,7.0,4.0,87.0
2226,STU_02227,6.6,0.1,0.0,7.1,5.0,84.0
2227,STU_02228,3.6,0.1,0.3,7.8,3.0,75.0
2228,STU_02229,1.7,1.2,0.5,6.7,2.0,61.0
2229,stu_02230 ,6.0,0.3,2.0,7.6,2.0,83.0
2230,STU_02231,3.5,0.0,0.6,8.9,2.0,70.0
2231,STU_02232,5.7,0.8,0.5,6.5,4.0,83.0
2232,STU_02233,1.5,0.2,1.9,6.0,4.0,67.0
2233,STU_02234,5.8,0.3,0.0,8.0,4.0,94.0
2234,STU_02235,2.7,0.1,0.0,7.2,5.0,60.0
2235,STU_02236,5.6,0.3,0.9,7.7,2.0,78.0
2236,STU_02237,4.5,1.9,0.0,7.7,4.0,77.0
2237,STU_02238,3.1,2.5,0.1,5.1,7.0,69.0
2238,STU_02239,3.9,0.9,1.7,8.1,4.0,72.0
2239,STU_02240,5.5,1.1,1.9,6.1,4.0,84.0
2240,STU_02241,4.7,0.0,1.8,7.6,5.0,76.0
2241,STU_02242,5.4,0.1,2.1,6.9,4.0,77.0
2242,STU_02243,7.5,0.4,2.2,6.9,4.0,91.0
2243,STU_02244,2.2,1.2,0.0,9.3,4.010084804033921,71.0
2244,STU_02245,6.9,2.0,1.6,7.4,4.0,93.0
2245,STU_02246,4.7,1.4,0.8,1.216581632653061,3.0,78.0
2246,STU_02247,3.2,0.7,0.6,7.8,2.0,64.0
2247,STU_02248,2.5,0.2,1.6,8.2,4.010084804033921,63.0
2248,STU_02249,4.2,2.3,0.0,7.7,3.0,83.0
2249,STU_02250,5.9,0.7,0.0,8.1,4.010084804033921,89.0
2250,STU_02251,4.3,2.0,1.7,8.2,4.0,82.0
2251,STU_02252,6.8,1.1,1.6,7.5,4.0,87.0
2252,STU_02253,2.3,2.0,1.3,9.4,2.0,62.0
2253,STU_02254,4.5,3.6,0.5,7.8,6.0,87.0
2254,STU_02255,2.6,3.8,1.8,5.4,7.0,75.0
2255,STU_02256,5.0,1.1,1.7,7.1,3.0,81.0
2256,STU_02257,5.8,1.1,1.3,7.8,3.0,90.0
2257,STU_02258,3.9,0.5,0.3,7.9,4.0,69.0
2258,STU_02259,0.6,4.1,0.9,7.3,3.0,55.0
2259,STU_02260,4.8,0.9,1.9,8.1,3.0,74.0
2260,STU_02261,5.2,0.2,2.3,6.1,5.0,83.0
2261,STU_02262,5.1,0.9,0.9,8.8,5.0,83.0
2262,STU_02263,6.4,0.2,1.0,7.2,4.0,86.0
2263,STU_02264,2.9,1.0,1.1,6.9,4.0,66.0
2264,STU_02265,5.5,1.2,1.4,6.7,5.0,95.0
2265,STU_02266,6.3,0.6,0.7,8.5,4.010084804033921,88.0
2266,STU_02267,1.8,0.1,0.0,7.7,4.010084804033921,67.0
2267,STU_02268,5.0,4.3,2.2,5.6,4.010084804033921,78.0
2268,STU_02269,3.7,2.2,2.6,6.4,6.0,74.0
2269,STU_02270,4.4,2.7,0.7,5.2,7.0,86.0
2270,STU_02271,5.0,0.7,0.3,6.9,4.0,84.0
2271,STU_02272,3.8,2.1,1.1,5.9,5.0,76.0
2272,STU_02273,3.5,1.0,1.0,7.2,4.0,77.0
2273,STU_02274,4.6,0.3,2.0,8.2,2.0,88.0
2274,STU_02275,2.9,0.2,1.2,8.2,2.0,65.0
2275,STU_02276,2.9,0.6,0.6,9.0,4.010084804033921,70.0
2276,STU_02277,5.5,0.2,0.1,8.9,4.010084804033921,82.0
2277,STU_02278,2.8,6.0,1.9,5.3,4.010084804033921,56.0
2278,STU_02279,5.5,0.1,1.7,7.7,3.0,79.0
2279,STU_02280,5.2,0.9,2.0,7.3,4.0,89.0
2280,STU_02281,1.9,0.9,1.2165816326530612,5.5,5.0,56.0
2281,STU_02282,3.5,0.5,2.7,6.1,5.0,74.0
2282,STU_02283,6.3,1.3,0.0,7.5,2.0,86.0
2283,STU_02284,3.0,0.2,1.8,7.4,3.0,76.0
2284,STU_02285,3.8,2.3,0.0,7.8,4.0,75.0
2285,STU_02286,5.2,0.6,0.6,8.2,3.0,81.0
2286,STU_02287,5.7,1.3,2.4,5.3,6.0,92.0
2287,STU_02288,4.1,1.9,1.9,7.6,5.0,81.0
2288,STU_02289,3.6,3.3,0.8,7.0,3.0,79.0
2289,STU_02290,6.6,2.7,0.8,7.7,5.0,97.0
2290,STU_02291,7.1,1.4,1.3,1.216581632653061,2.0,90.0
2291,STU_02292,6.0,0.7,1.2165816326530612,7.3,5.0,90.0
2292,STU_02293,4.6,1.0,2.2,8.5,3.0,79.0
2293,STU_02294,3.3,2.2,0.8,6.3,3.0,74.0
2294,STU_02295,3.3,3.2,0.0,6.1,6.0,76.0
2295,STU_02296,5.3,0.2,1.3,8.1,3.0,78.0
2296,STU_02297,5.1,0.7,0.8,7.2,5.0,84.0
2297,STU_02298,6.6,2.2,0.2,7.6,3.0,92.0
2298,STU_02299,5.5,0.8,1.4,9.5,2.0,79.0
2299,STU_02300,2.2,0.6,1.0,8.0,3.0,64.0
2300,STU_02301,6.1,0.8,1.4,7.7,4.0,88.0
2301,STU_02302,3.0,1.4,0.5,6.6,5.0,72.0
2302,STU_02303,3.9,6.0,1.6,4.2,4.010084804033921,57.0
2303,STU_02304,4.9,1.0,0.1,7.6,4.0,82.0
2304,STU_02305,7.5,0.4,0.5,1.216581632653061,2.0,93.0
2305,STU_02306,9.2,0.3,1.0,7.4,3.0,100.0
2306,STU_02307,5.4,0.1,2.6,7.9,2.0,83.0
2307,STU_02308,4.2,1.2,1.8,1.216581632653061,2.0,76.0
2308,STU_02309,5.3,1.2,2.1,8.6,4.0,83.0
2309,STU_02310,5.8,0.3,2.3,7.9,4.0,87.0
2310,STU_02311,4.0,1.8,3.0,7.0,5.0,80.0
2311,stu_02312 ,7.2,2.0,1.2,5.6,6.0,93.0
2312,STU_02313,4.8,0.4,2.3,6.8,2.0,78.0
2313,STU_02314,5.2,0.6,2.0,7.1,4.0,88.0
2314,STU_02315,5.5,6.0,2.0,4.9,7.0,91.0
2315,STU_02316,5.1,0.7,2.6,7.5,4.0,83.0
2316,STU_02317,5.8,2.1,0.9,9.1,3.0,83.0
2317,STU_02318,3.6,0.9,0.8,9.1,4.010084804033921,66.0
2318,STU_02319,3.7,2.4,1.5,7.2,5.0,71.0
2319,STU_02320,2.8,2.2,1.1,7.9,5.0,68.0
2320,STU_02321,5.2,1.7,1.5,6.5,5.0,88.0
2321,STU_02322,5.7,2.9,2.5,8.1,4.0,93.0
2322,STU_02323,5.2,4.2,0.8,5.0,7.0,80.0
2323,STU_02324,7.0,1.3,1.0,8.3,4.0,92.0
2324,STU_02325,4.5,0.4,1.3,8.1,3.0,80.0
2325,STU_02326,5.5,0.8,1.0,6.8,4.0,84.0
2326,STU_02327,2.9,2.1,0.0,7.2,5.0,76.0
2327,STU_02328,3.9,1.6,0.7,6.2,5.0,79.0
2328,STU_02329,5.5,0.3,1.7,6.5,3.0,83.0
2329,STU_02330,5.8,0.1,2.4,5.9,5.0,84.0
2330,STU_02331,4.1,1.7,0.3,8.2,4.0,77.0
2331,STU_02332,4.4,0.4,0.3,9.0,4.010084804033921,74.0
2332,STU_02333,2.2,1.0,1.2,5.3,3.0,69.0
2333,STU_02334,4.0,2.1,0.0,9.2,4.010084804033921,80.0
2334,STU_02335,5.8,1.2,0.8,1.216581632653061,3.0,89.0
2335,STU_02336,5.4,0.1,0.0,8.3,3.0,83.0
2336,STU_02337,5.3,0.3,2.3,6.0,4.0,78.0
2337,STU_02338,4.6,0.4,0.6,9.1,2.0,80.0
2338,STU_02339,4.5,0.4,2.5,7.6,4.010084804033921,78.0
2339,STU_02340,3.5,1.3,2.1,8.3,3.0,81.0
2340,STU_02341,5.5,1.1,0.7,8.8,2.0,80.0
2341,STU_02342,5.1,0.3,0.3,9.2,3.0,78.0
2342,STU_02343,5.2,0.1,1.0,7.1,4.010084804033921,75.0
2343,STU_02344,3.7,0.3,1.1,7.5,3.0,72.0
2344,STU_02345,1.3,6.0,1.5,5.3,6.0,60.0
2345,STU_02346,6.1,0.9,0.6,8.5,2.0,93.0
2346,STU_02347,3.8,3.0,1.8,7.1,3.0,82.0
2347,STU_02348,3.2,2.8,1.4,7.9,6.0,73.0
2348,STU_02349,5.5,1.1,0.9,8.6,2.0,81.0
2349,STU_02350,3.9,1.8,0.6,5.6,5.0,70.0
2350,STU_02351,6.1,0.3,1.1,9.0,4.010084804033921,84.0
2351,STU_02352,5.4,1.7,0.5,8.3,2.0,88.0
2352,STU_02353,5.5,0.5,1.2,7.2,4.0,81.0
2353,STU_02354,2.5,2.7,1.3,7.3,5.0,76.0
2354,STU_02355,6.3,0.1,1.4,7.6,4.0,94.0
2355,STU_02356,4.9,2.2,2.6,7.4,3.0,83.0
2356,STU_02357,3.9,0.2,1.1,7.4,4.0,72.0
2357,STU_02358,4.7,3.2,2.0,7.1,6.0,81.0
2358,STU_02359,1.8,0.5,1.2165816326530612,7.6,3.0,68.0
2359,STU_02360,5.1,1.6,1.0,6.9,5.0,80.0
2360,STU_02361,3.0,1.0,1.1,7.7,3.0,73.0
2361,STU_02362,2.5,0.7,1.2,10.0,4.010084804033921,66.0
2362,STU_02363,2.2,1.6,1.4,6.6,4.0,68.0
2363,STU_02364,6.2,4.4,0.4,6.3,6.0,90.0
2364,STU_02365,3.6,0.1,0.0,7.3,3.0,70.0
2365,STU_02366,6.8,3.8,1.7,6.0,7.0,96.0
2366,STU_02367,3.7,1.4,1.9,8.0,2.0,72.0
2367,STU_02368,1.9,2.5,1.8,7.6,4.0,70.0
2368,STU_02369,2.8,0.7,1.3,7.5,2.0,65.0
2369,STU_02370,6.4,1.0,1.8,8.4,2.0,87.0
2370,STU_02371,4.3,3.0,1.8,7.5,4.0,86.0
2371,STU_02372,3.7,0.8,1.8,7.2,4.0,78.0
2372,STU_02373,4.7,1.1,0.5,6.0,5.0,87.0
2373,STU_02374,5.3,0.0,0.3,8.8,2.0,74.0
2374,STU_02375,6.2,0.3,0.9,7.9,3.0,88.0
2375,STU_02376,6.7,1.5,1.2,7.3,4.0,93.0
2376,STU_02377,4.0,1.9,1.0,6.8,7.0,74.0
2377,STU_02378,2.5,1.3,0.0,8.4,2.0,68.0
2378,STU_02379,3.9,0.2,2.6,7.8,4.0,72.0
2379,STU_02380,4.9,0.9,1.0,7.3,4.0,81.0
2380,STU_02381,3.1,0.7,1.3,6.3,6.0,83.0
2381,STU_02382,3.1,1.0,2.2,8.3,3.0,71.0
2382,stu_02383 ,5.0,3.1,0.0,7.7,3.0,86.0
2383,STU_02384,4.4,2.2,0.8,7.4,4.0,83.0
2384,STU_02385,4.5,0.1,0.9,5.1,5.0,78.0
2385,STU_02386,3.4,3.3,0.9,6.8,6.0,71.0
2386,STU_02387,4.2,1.0,1.1,7.3,3.0,70.0
2387,STU_02388,3.1,2.0,2.4,6.3,7.0,72.0
2388,STU_02389,5.8,0.2,1.7,8.3,2.0,84.0
2389,STU_02390,6.1,1.7,2.0,7.8,4.0,81.0
2390,STU_02391,1.7,0.4,1.2,8.1,3.0,68.0
2391,STU_02392,3.1,0.9,0.1,1.216581632653061,2.0,70.0
2392,STU_02393,2.3,0.0,0.0,7.0,3.0,69.0
2393,STU_02394,3.5,0.2,0.0,7.5,3.0,63.0
2394,STU_02395,4.4,0.1,1.5,7.7,5.0,82.0
2395,STU_02396,2.3,0.4,1.2,7.0,2.0,63.0
2396,STU_02397,3.1,0.2,1.0,8.5,2.0,74.0
2397,STU_02398,3.0,1.8,0.9,6.8,4.0,71.0
2398,STU_02399,4.8,0.0,2.8,8.7,2.0,81.0
2399,STU_02400,4.6,1.4,0.5,6.5,2.0,82.0
2400,STU_02401,3.4,0.2,1.9,9.7,2.0,69.0
2401,STU_02402,4.8,4.4,1.2,8.5,4.0,83.0
2402,STU_02403,3.7,4.1,1.2,6.5,5.0,77.0
2403,STU_02404,4.1,0.4,2.1,8.6,2.0,69.0
2404,STU_02405,7.0,1.4,2.4,6.7,4.0,92.0
2405,STU_02406,6.5,0.0,1.0,8.8,4.010084804033921,86.0
2406,STU_02407,2.6,4.0,1.8,6.2,6.0,65.0
2407,STU_02408,5.7,1.1,1.5,6.1,5.0,88.0
2408,STU_02409,5.7,0.1,1.2,4.2,6.0,84.0
2409,STU_02410,2.8,0.6,1.4,7.3,4.0,69.0
2410,STU_02411,5.7,0.1,0.6,8.1,2.0,87.0
2411,STU_02412,6.8,0.7,1.0,8.9,3.0,91.0
2412,STU_02413,2.8,1.7,0.7,7.4,4.0,66.0
2413,STU_02414,3.1,1.0,1.9,8.3,4.0,71.0
2414,STU_02415,6.0,0.7,1.1,7.1,3.0,76.0
2415,STU_02416,4.9,0.2,0.2,1.216581632653061,5.0,79.0
2416,STU_02417,5.3,0.4,0.6,8.8,4.010084804033921,86.0
2417,STU_02418,5.0,0.2,0.0,5.5,4.0,84.0
2418,STU_02419,5.1,2.5,0.8,7.1,4.0,82.0
2419,stu_02420 ,2.5,0.2,1.2,7.3,2.0,56.0
2420,STU_02421,6.1,1.4,1.1,8.7,4.010084804033921,78.0
2421,STU_02422,6.3,0.6,2.8,6.7,5.0,91.0
2422,STU_02423,4.2,0.4,1.7,8.1,4.010084804033921,74.0
2423,STU_02424,4.4,1.5,1.6,8.1,2.0,87.0
2424,STU_02425,2.2,0.9,0.0,6.2,3.0,59.0
2425,STU_02426,5.3,0.8,0.9,7.4,3.0,84.0
2426,STU_02427,5.4,1.3,0.8,7.0,2.0,91.0
2427,STU_02428,4.4,1.0,0.6,8.5,3.0,79.0
2428,STU_02429,6.2,0.5,0.6,8.4,3.0,82.0
2429,STU_02430,4.0,1.2,0.0,7.4,2.0,87.0
2430,STU_02431,5.3,1.7,0.2,6.4,5.0,91.0
2431,STU_02432,3.0,0.0,1.9,8.6,2.0,67.0
2432,STU_02433,4.5,0.9,1.1,7.4,4.0,81.0
2433,STU_02434,4.2,0.1,0.8,6.2,3.0,79.0
2434,stu_02435 ,4.8,0.3,1.2,6.1,3.0,82.0
2435,STU_02436,3.9,1.2,2.1,7.6,5.0,70.0
2436,STU_02437,4.3,3.0,1.2,5.6,5.0,82.0
2437,STU_02438,5.7,3.2,1.6,8.6,3.0,95.0
2438,STU_02439,3.8,0.1,0.5,6.9,4.0,75.0
2439,STU_02440,2.1,0.8,0.7,7.6,2.0,65.0
2440,STU_02441,7.1,1.3,1.5,7.5,3.0,93.0
2441,STU_02442,6.6,0.2,2.7,6.7,5.0,86.0
2442,STU_02443,2.6,2.2,2.3,4.6,6.0,62.0
2443,STU_02444,5.5,2.0,1.7,7.2,4.0,89.0
2444,STU_02445,3.7,3.5,1.3,5.9,5.0,77.0
2445,STU_02446,4.9,0.0,2.3,1.216581632653061,2.0,74.0
2446,stu_02447 ,4.9,0.4,1.8,7.4,5.0,84.0
2447,STU_02448,4.1,2.6,1.2165816326530612,7.5,5.0,76.0
2448,STU_02449,3.3,1.7,0.4,9.0,2.0,69.0
2449,STU_02450,3.5,3.4,1.5,6.1,7.0,74.0
2450,STU_02451,3.1,0.1,0.0,7.5,3.0,68.0
2451,STU_02452,3.3,1.4,0.5,5.8,4.0,73.0
2452,STU_02453,4.4,1.3,0.6,7.3,4.0,75.0
2453,STU_02454,3.4,0.1,1.0,8.2,4.010084804033921,75.0
2454,STU_02455,5.5,1.1,1.0,7.0,3.0,87.0
2455,stu_02456 ,6.7,1.4,1.0,7.8,3.0,90.0
2456,STU_02457,3.6,0.3,1.9,7.4,2.0,72.0
2457,STU_02458,4.9,0.5,1.0,6.4,3.0,78.0
2458,STU_02459,5.2,1.5,0.9,7.7,3.0,84.0
2459,STU_02460,5.2,0.9,0.1,7.5,4.0,89.0
2460,STU_02461,4.6,2.9,2.0,6.8,7.0,80.0
2461,stu_02462 ,5.6,0.6,0.7,7.1,3.0,85.0
2462,stu_02463 ,5.2,0.5,0.3,7.1,4.0,79.0
2463,STU_02464,2.6,6.0,1.4,6.1,7.0,77.0
2464,STU_02465,5.8,3.6,0.6,6.6,3.0,91.0
2465,STU_02466,5.8,0.0,0.8,9.6,4.010084804033921,90.0
2466,STU_02467,3.4,2.2,1.4,7.9,3.0,70.0
2467,STU_02468,4.6,0.2,0.9,8.3,2.0,80.0
2468,STU_02469,5.5,0.0,1.2165816326530612,7.2,4.0,88.0
2469,STU_02470,4.2,0.5,1.1,5.6,5.0,74.0
2470,STU_02471,6.1,0.5,1.7,6.7,3.0,87.0
2471,STU_02472,8.0,2.6,0.0,6.6,5.0,100.0
2472,STU_02473,3.3,1.9,0.5,7.1,3.0,72.0
2473,STU_02474,2.4,6.0,0.3,6.1,4.010084804033921,66.0
2474,STU_02475,5.0,1.9,0.4,8.0,2.0,85.0
2475,STU_02476,5.6,0.8,1.5,7.7,5.0,84.0
2476,STU_02477,4.2,1.8,2.0,8.2,3.0,77.0
2477,STU_02478,6.7,6.0,1.5,5.6,7.0,100.0
2478,STU_02479,2.5,1.9,1.0,7.5,3.0,66.0
2479,STU_02480,5.5,2.2,0.7,7.6,3.0,85.0
2480,STU_02481,3.6,4.2,2.1,6.6,7.0,74.0
2481,STU_02482,7.1,0.2,2.9,8.7,2.0,93.0
2482,STU_02483,7.5,1.8,1.3,8.0,4.0,99.0
2483,STU_02484,3.4,2.9,2.0,5.4,7.0,73.0
2484,STU_02485,3.7,4.6,1.5,6.2,7.0,76.0
2485,STU_02486,5.8,0.4,1.8,7.5,4.0,85.0
2486,STU_02487,3.9,1.1,0.3,9.8,2.0,77.0
2487,STU_02488,4.4,1.7,0.8,7.0,5.0,80.0
2488,STU_02489,4.5,0.4,1.5,6.6,4.0,87.0
2489,STU_02490,1.6,1.4,2.2,7.6,4.0,59.0
2490,STU_02491,4.5,0.4,0.5,8.3,4.010084804033921,77.0
2491,STU_02492,3.5,0.6,0.0,7.7,5.0,75.0
2492,STU_02493,3.8,0.9,0.8,7.4,4.0,71.0
2493,STU_02494,6.7,1.1,2.0,8.2,4.0,99.0
2494,STU_02495,2.6,0.9,0.0,6.9,4.0,67.0
2495,STU_02496,5.7,1.0,0.3,7.3,4.010084804033921,88.0
2496,STU_02497,4.1,0.5,1.3,7.1,3.0,75.0
2497,STU_02498,4.1,0.3,1.1,8.8,2.0,79.0
2498,STU_02499,5.7,0.1,1.7,7.9,2.0,80.0
2499,STU_02500,5.0,0.3,0.2,6.8,3.0,87.0
2500,STU_02501,5.4,1.3,0.9,6.5,4.0,85.0
2501,STU_02502,6.0,2.3,1.2165816326530612,8.7,4.0,92.0
2502,STU_02503,4.0,0.3,0.2,9.0,3.0,71.0
2503,STU_02504,3.6,0.2,2.4,8.3,3.0,73.0
2504,STU_02505,2.9,2.1,0.3,7.3,3.0,66.0
2505,STU_02506,3.3,0.5,1.9,9.0,2.0,75.0
2506,STU_02507,8.9,4.5,0.9,5.4,7.0,100.0
2507,STU_02508,6.4,1.9,0.3,8.1,3.0,92.0
2508,STU_02509,2.5,0.6,0.8,7.2,4.0,64.0
2509,STU_02510,2.5,0.5,1.6,7.3,3.0,60.0
2510,STU_02511,5.2,1.1,1.2,8.2,3.0,79.0
2511,STU_02512,5.3,0.1,2.1,7.4,4.0,84.0
2512,STU_02513,5.3,0.2,2.3,7.0,3.0,79.0
2513,STU_02514,4.1,0.3,0.3,7.4,4.010084804033921,72.0
2514,STU_02515,4.3,2.2,0.2,5.3,5.0,81.0
2515,STU_02516,5.0,1.1,0.2,1.216581632653061,4.0,85.0
2516,STU_02517,4.6,0.0,0.5,6.9,2.0,80.0
2517,STU_02518,1.2,1.7,2.1,8.9,4.0,59.0
2518,STU_02519,4.2,0.8,1.6,7.1,2.0,77.0
2519,STU_02520,3.2,1.1,0.8,8.8,4.010084804033921,71.0
2520,STU_02521,4.8,0.4,1.2,5.8,4.0,75.0
2521,STU_02522,9.0,1.2,2.3,7.9,5.0,100.0
2522,STU_02523,5.1,5.8,2.7,6.7,7.0,85.0
2523,STU_02524,4.0,0.1,1.4,1.216581632653061,4.010084804033921,77.0
2524,STU_02525,5.9,0.5,0.0,6.3,3.0,87.0
2525,STU_02526,5.2,0.4,1.4,6.9,4.0,73.0
2526,STU_02527,5.1,0.4,1.9,8.1,2.0,85.0
2527,STU_02528,5.4,0.7,1.4,7.7,3.0,81.0
2528,STU_02529,7.6,2.6,1.8,7.2,4.0,97.0
2529,STU_02530,2.8,3.7,1.5,6.2,7.0,76.0
2530,STU_02531,5.2,0.3,0.2,9.4,2.0,81.0
2531,STU_02532,3.1,1.2,0.5,10.0,4.010084804033921,73.0
2532,STU_02533,5.3,1.5,0.9,7.5,3.0,82.0
2533,STU_02534,3.1,1.1,2.1,7.7,3.0,74.0
2534,STU_02535,3.9,0.9,0.6,1.216581632653061,3.0,75.0
2535,stu_02536 ,4.1,0.3,1.6,8.9,3.0,76.0
2536,STU_02537,6.0,1.0,1.4,8.2,3.0,87.0
2537,STU_02538,5.9,0.8,2.5,6.2,3.0,93.0
2538,STU_02539,2.6,2.4,1.2,6.4,6.0,77.0
2539,STU_02540,4.6,2.2,0.0,6.3,3.0,72.0
2540,STU_02541,3.4,0.2,1.7,10.0,4.010084804033921,75.0
2541,STU_02542,2.6,0.1,2.9,8.0,3.0,62.0
2542,STU_02543,4.2,3.6,1.8,6.0,6.0,82.0
2543,STU_02544,4.0,1.2,0.6,6.9,5.0,69.0
2544,STU_02545,8.1,2.9,0.3,7.9,3.0,100.0
2545,STU_02546,5.1,0.1,0.4,8.8,4.010084804033921,78.0
2546,STU_02547,2.4,1.1,2.8,7.9,3.0,64.0
2547,STU_02548,3.7,1.2,0.9,7.0,5.0,72.0
2548,STU_02549,6.0,3.0,0.7,7.3,5.0,88.0
2549,STU_02550,7.6,0.2,1.1,7.9,3.0,93.0
2550,STU_02551,2.1,0.4,0.9,1.216581632653061,5.0,62.0
2551,STU_02552,1.7,0.8,2.5,6.3,6.0,61.0
2552,STU_02553,7.3,3.0,0.4,7.4,5.0,100.0
2553,STU_02554,5.1,4.2,2.1,6.5,5.0,94.0
2554,STU_02555,3.2,6.0,1.3,1.216581632653061,4.010084804033921,66.0
2555,STU_02556,5.3,4.8,2.2,6.9,6.0,90.0
2556,STU_02557,0.5,0.0,2.5,9.0,4.010084804033921,56.0
2557,STU_02558,4.5,0.1,1.3,6.9,3.0,74.0
2558,STU_02559,5.0,0.2,0.9,8.4,2.0,71.0
2559,STU_02560,5.9,0.6,1.3,8.3,2.0,79.0
2560,STU_02561,3.0,2.7,1.1,1.216581632653061,5.0,63.0
2561,STU_02562,4.6,3.3,0.0,1.216581632653061,4.0,89.0
2562,STU_02563,3.1,0.3,2.4,7.1,4.0,72.0
2563,STU_02564,4.9,1.5,1.4,9.4,2.0,84.0
2564,STU_02565,3.2,3.7,0.3,6.9,5.0,78.0
2565,STU_02566,3.9,0.9,0.0,8.2,2.0,72.0
2566,STU_02567,3.0,0.2,0.0,7.7,4.010084804033921,77.0
2567,STU_02568,5.5,0.9,1.8,6.9,5.0,86.0
2568,STU_02569,5.8,0.7,0.7,6.3,4.0,85.0
2569,STU_02570,4.1,1.3,0.8,8.5,2.0,81.0
2570,STU_02571,4.6,0.9,1.6,8.2,4.0,81.0
2571,STU_02572,2.3,0.0,0.8,1.216581632653061,4.010084804033921,69.0
2572,STU_02573,4.1,6.0,1.6,5.0,4.010084804033921,73.0
2573,STU_02574,4.4,1.2,1.3,7.6,2.0,77.0
2574,STU_02575,8.4,1.0,1.1,7.0,4.0,100.0
2575,STU_02576,2.8,4.6,0.0,6.4,4.0,70.0
2576,STU_02577,6.7,0.3,0.5,6.6,5.0,84.0
2577,STU_02578,6.0,0.3,1.7,1.216581632653061,4.0,90.0
2578,STU_02579,4.9,2.5,0.7,7.4,3.0,87.0
2579,STU_02580,7.1,0.5,2.2,8.5,2.0,86.0
2580,STU_02581,5.1,2.4,3.0,6.5,5.0,81.0
2581,STU_02582,5.1,0.5,1.7,7.2,4.0,81.0
2582,STU_02583,4.4,0.1,2.4,5.9,6.0,77.0
2583,STU_02584,6.3,1.1,1.8,8.4,2.0,98.0
2584,STU_02585,6.1,0.3,0.8,8.6,4.010084804033921,85.0
2585,STU_02586,3.6,2.1,1.4,7.1,5.0,74.0
2586,STU_02587,2.5,1.5,2.8,5.6,4.010084804033921,62.0
2587,STU_02588,4.2,3.9,0.8,5.5,7.0,80.0
2588,STU_02589,3.3,2.3,1.2165816326530612,6.7,5.0,71.0
2589,STU_02590,4.4,0.3,0.3,8.8,4.010084804033921,75.0
2590,STU_02591,6.4,2.4,1.0,7.4,4.0,93.0
2591,STU_02592,3.8,1.5,0.4,6.0,5.0,74.0
2592,STU_02593,4.4,1.7,2.5,7.4,4.0,82.0
2593,STU_02594,4.6,2.7,1.4,6.1,7.0,83.0
2594,STU_02595,5.8,1.3,2.0,6.7,5.0,75.0
2595,STU_02596,1.1,0.9,1.0,8.5,3.0,51.0
2596,STU_02597,3.6,1.5,0.3,8.3,2.0,72.0
2597,STU_02598,4.8,0.5,0.2,8.9,4.010084804033921,84.0
2598,STU_02599,6.3,0.3,0.5,1.216581632653061,4.0,86.0
2599,STU_02600,3.8,1.4,1.5,8.2,3.0,76.0
2600,STU_02601,1.7,0.4,1.6,7.0,4.0,63.0
2601,STU_02602,5.4,0.1,1.7,7.4,3.0,85.0
2602,STU_02603,3.5,0.0,0.0,7.7,2.0,69.0
2603,STU_02604,2.7,1.4,1.2,7.4,2.0,64.0
2604,STU_02605,3.6,0.7,0.4,6.4,6.0,67.0
2605,STU_02606,4.2,2.1,1.5,6.8,6.0,90.0
2606,STU_02607,3.6,0.7,1.6,8.9,3.0,74.0
2607,STU_02608,1.2,1.0,0.3,6.6,3.0,66.0
2608,STU_02609,5.8,0.8,2.0,6.0,6.0,83.0
2609,STU_02610,6.4,1.6,3.0,5.7,4.010084804033921,88.0
2610,STU_02611,5.5,0.7,1.9,10.0,2.0,82.0
2611,STU_02612,2.8,5.0,1.1,6.8,4.010084804033921,66.0
2612,STU_02613,4.2,4.1,0.9,6.3,7.0,80.0
2613,STU_02614,4.5,2.8,1.0,7.0,4.0,78.0
2614,STU_02615,5.4,3.8,0.6,7.0,6.0,85.0
2615,STU_02616,5.5,0.9,1.4,6.8,3.0,84.0
2616,STU_02617,3.4,1.2,0.3,1.216581632653061,3.0,70.0
2617,STU_02618,4.6,2.0,0.0,7.2,4.0,81.0
2618,STU_02619,5.2,1.8,1.4,6.5,5.0,80.0
2619,STU_02620,6.7,3.3,1.2,6.4,6.0,98.0
2620,STU_02621,5.6,1.9,0.7,7.6,2.0,84.0
2621,STU_02622,5.7,6.0,0.2,5.2,4.010084804033921,92.0
2622,STU_02623,4.6,0.6,1.4,10.0,4.010084804033921,79.0
2623,STU_02624,6.6,2.7,0.4,7.9,4.0,93.0
2624,STU_02625,5.1,1.8,1.1,6.0,6.0,90.0
2625,STU_02626,3.2,1.8,2.6,4.5,7.0,70.0
2626,STU_02627,6.6,0.6,1.7,6.8,4.0,89.0
2627,STU_02628,5.5,2.3,0.1,8.0,4.0,84.0
2628,STU_02629,3.8,3.5,0.2,7.4,4.0,79.0
2629,STU_02630,3.8,0.4,1.3,7.5,4.0,70.0
2630,STU_02631,4.9,1.5,0.1,6.9,4.0,85.0
2631,STU_02632,5.2,0.7,0.0,6.9,3.0,82.0
2632,STU_02633,4.8,6.0,1.6,5.5,7.0,91.0
2633,STU_02634,5.0,1.0,1.5,6.4,6.0,84.0
2634,STU_02635,7.0,0.4,1.6,7.2,4.0,91.0
2635,STU_02636,6.1,0.7,1.4,8.8,4.0,85.0
2636,STU_02637,4.8,1.6,1.1,6.5,5.0,80.0
2637,STU_02638,5.9,0.1,0.7,8.4,2.0,86.0
2638,STU_02639,3.0,1.4,1.6,8.0,2.0,71.0
2639,stu_02640 ,5.1,4.0,2.4,5.2,4.010084804033921,80.0
2640,STU_02641,7.2,2.8,0.8,6.1,5.0,97.0
2641,STU_02642,4.2,0.1,0.4,9.0,2.0,72.0
2642,STU_02643,3.2,6.0,0.3,5.2,4.010084804033921,68.0
2643,STU_02644,3.5,1.8,0.5,1.216581632653061,5.0,76.0
2644,STU_02645,2.9,0.3,1.4,9.7,3.0,65.0
2645,STU_02646,3.3,0.0,0.0,9.0,4.010084804033921,72.0
2646,STU_02647,3.9,0.3,1.6,7.7,4.0,76.0
2647,STU_02648,2.4,2.7,1.7,7.7,5.0,75.0
2648,STU_02649,4.5,0.0,0.0,7.9,4.0,75.0
2649,STU_02650,5.9,0.4,0.4,8.8,2.0,84.0
2650,STU_02651,3.1,2.1,1.3,5.1,7.0,63.0
2651,STU_02652,6.8,1.3,1.1,7.2,5.0,89.0
2652,STU_02653,5.3,2.3,1.6,4.9,4.010084804033921,73.0
2653,STU_02654,6.0,2.1,1.1,7.3,5.0,91.0
2654,STU_02655,3.5,0.1,2.2,7.3,3.0,78.0
2655,STU_02656,5.8,3.3,0.9,8.2,3.0,92.0
2656,STU_02657,2.9,0.4,0.4,8.5,4.0,72.0
2657,STU_02658,5.8,1.2,0.3,7.0,2.0,84.0
2658,STU_02659,4.8,1.6,1.8,6.8,4.0,76.0
2659,STU_02660,5.3,0.3,1.2,8.1,3.0,81.0
2660,STU_02661,2.7,5.6,1.7,1.216581632653061,4.010084804033921,64.0
2661,STU_02662,3.2,1.0,1.7,7.3,5.0,67.0
2662,STU_02663,5.4,0.1,0.0,9.3,4.010084804033921,83.0
2663,STU_02664,3.1,4.2,0.3,5.9,6.0,70.0
2664,STU_02665,5.2,1.3,0.4,7.1,3.0,86.0
2665,STU_02666,2.4,1.8,1.2165816326530612,7.0,4.0,66.0
2666,STU_02667,5.8,1.1,0.9,10.0,2.0,86.0
2667,STU_02668,2.7,2.7,2.0,7.4,5.0,70.0
2668,stu_02669 ,5.3,0.1,2.2,8.7,2.0,80.0
2669,STU_02670,5.4,0.5,1.2165816326530612,8.4,4.010084804033921,88.0
2670,STU_02671,3.5,1.0,1.0,8.4,3.0,66.0
2671,STU_02672,5.4,0.1,0.6,8.3,2.0,88.0
2672,STU_02673,4.9,1.8,1.3,7.6,3.0,81.0
2673,STU_02674,3.7,0.8,1.4,6.1,6.0,77.0
2674,STU_02675,3.0,0.5,1.8,7.8,5.0,69.0
2675,STU_02676,1.6,0.0,1.8,7.5,3.0,63.0
2676,STU_02677,5.0,1.9,0.0,8.0,3.0,83.0
2677,STU_02678,2.2,2.7,1.1,6.9,4.0,68.0
2678,STU_02679,4.6,0.8,2.3,8.1,4.0,83.0
2679,STU_02680,4.1,1.2,0.8,8.4,3.0,77.0
2680,STU_02681,5.5,0.4,2.1,4.5,6.0,89.0
2681,STU_02682,4.0,1.5,1.0,6.9,3.0,78.0
2682,STU_02683,4.0,0.0,1.3,5.9,6.0,71.0
2683,STU_02684,5.6,1.0,0.3,7.9,3.0,84.0
2684,STU_02685,5.0,1.6,0.3,7.2,3.0,86.0
2685,STU_02686,5.0,3.8,1.8,7.9,5.0,81.0
2686,STU_02687,5.2,0.7,1.9,7.6,4.0,85.0
2687,STU_02688,2.2,2.2,1.2,6.6,5.0,65.0
2688,STU_02689,5.6,1.4,0.2,8.5,3.0,81.0
2689,STU_02690,5.4,3.9,1.2,6.3,3.0,89.0
2690,STU_02691,3.0,0.8,2.2,6.8,2.0,66.0
2691,STU_02692,4.1,0.6,2.6,7.7,5.0,73.0
2692,STU_02693,4.4,3.3,0.9,8.4,3.0,79.0
2693,STU_02694,4.3,0.1,0.0,8.8,4.010084804033921,76.0
2694,STU_02695,5.0,0.2,1.9,8.1,4.010084804033921,79.0
2695,STU_02696,6.6,0.1,1.0,10.0,4.010084804033921,92.0
2696,STU_02697,6.1,2.8,2.0,1.216581632653061,6.0,95.0
2697,STU_02698,2.5,0.0,1.4,7.0,5.0,67.0
2698,STU_02699,5.4,3.0,0.5,7.2,5.0,94.0
2699,STU_02700,6.5,0.9,1.2,9.0,2.0,99.0
2700,STU_02701,5.1,0.0,2.2,6.6,4.0,79.0
2701,STU_02702,6.1,0.8,1.1,9.3,3.0,83.0
2702,STU_02703,7.5,0.3,0.4,6.4,5.0,94.0
2703,STU_02704,6.0,1.5,0.0,7.4,4.0,89.0
2704,STU_02705,4.9,1.7,0.6,7.5,4.0,91.0
2705,STU_02706,6.1,1.0,0.9,6.6,4.0,86.0
2706,STU_02707,4.7,0.1,1.9,7.0,3.0,80.0
2707,STU_02708,4.5,1.6,0.3,8.3,4.010084804033921,77.0
2708,STU_02709,4.0,2.8,2.4,8.1,4.0,77.0
2709,STU_02710,6.8,1.9,0.1,5.3,6.0,89.0
2710,STU_02711,3.3,2.7,3.0,6.8,7.0,68.0
2711,STU_02712,6.8,0.3,2.6,7.3,4.0,97.0
2712,STU_02713,5.2,3.3,1.3,6.9,6.0,91.0
2713,STU_02714,2.4,0.6,0.0,7.5,3.0,64.0
2714,STU_02715,5.1,0.0,1.2,6.5,5.0,85.0
2715,STU_02716,1.3,2.8,0.9,8.5,2.0,57.0
2716,STU_02717,5.4,4.3,0.2,7.8,4.0,88.0
2717,STU_02718,5.8,1.6,1.4,7.1,2.0,88.0
2718,STU_02719,3.6,0.4,0.5,7.3,3.0,77.0
2719,STU_02720,4.7,0.4,0.6,7.1,4.0,80.0
2720,STU_02721,7.4,0.9,1.0,4.9,6.0,98.0
2721,STU_02722,3.7,3.4,0.7,7.2,5.0,76.0
2722,STU_02723,2.9,0.2,2.9,8.1,3.0,69.0
2723,STU_02724,6.7,2.6,0.8,1.216581632653061,4.0,99.0
2724,STU_02725,7.4,0.5,1.6,7.4,3.0,89.0
2725,STU_02726,4.5,2.5,1.3,7.1,6.0,85.0
2726,STU_02727,6.0,3.8,1.5,5.7,7.0,91.0
2727,STU_02728,6.5,0.8,1.5,6.9,3.0,85.0
2728,STU_02729,3.4,0.7,1.9,7.2,2.0,70.0
2729,STU_02730,3.8,2.4,1.4,7.7,4.0,81.0
2730,STU_02731,6.3,1.1,1.4,8.8,2.0,88.0
2731,STU_02732,7.0,1.7,1.2,7.0,4.0,96.0
2732,STU_02733,5.3,1.5,1.1,6.3,3.0,78.0
2733,STU_02734,3.2,0.2,0.5,7.9,3.0,62.0
2734,STU_02735,7.5,2.8,1.2,8.9,3.0,95.0
2735,STU_02736,3.7,0.3,1.4,6.7,4.0,77.0
2736,STU_02737,4.0,4.0,1.5,7.4,4.0,80.0
2737,STU_02738,5.0,0.4,1.3,8.9,4.010084804033921,85.0
2738,STU_02739,6.8,2.0,1.0,6.8,5.0,99.0
2739,STU_02740,5.8,0.5,1.2,6.9,3.0,82.0
2740,STU_02741,5.1,0.6,0.8,8.3,2.0,88.0
2741,STU_02742,5.2,0.6,1.5,7.9,4.0,80.0
2742,STU_02743,4.6,2.1,1.0,7.9,2.0,84.0
2743,STU_02744,5.3,1.2,1.3,9.4,2.0,88.0
2744,STU_02745,0.7,3.2,2.0,6.8,5.0,59.0
2745,STU_02746,4.1,0.6,0.6,6.5,5.0,75.0
2746,STU_02747,4.9,1.8,1.7,7.2,4.0,83.0
2747,STU_02748,2.8,2.1,1.2,7.4,3.0,70.0
2748,STU_02749,5.1,0.2,2.8,8.6,2.0,79.0
2749,STU_02750,4.2,0.8,1.0,7.4,4.0,74.0
2750,STU_02751,7.1,1.0,1.8,6.9,7.0,93.0
2751,STU_02752,6.9,0.7,1.2,6.2,2.0,97.0
2752,STU_02753,3.8,0.6,0.1,8.4,4.010084804033921,67.0
2753,STU_02754,4.3,1.7,0.8,10.0,2.0,76.0
2754,STU_02755,4.4,0.4,1.9,7.3,2.0,76.0
2755,STU_02756,3.8,1.9,1.2165816326530612,7.7,3.0,75.0
2756,STU_02757,4.8,4.1,0.0,6.2,5.0,86.0
2757,STU_02758,3.4,1.2,1.2,6.1,4.0,67.0
2758,STU_02759,2.8,1.4,1.2165816326530612,7.9,3.0,73.0
2759,STU_02760,5.4,0.1,1.3,7.7,2.0,86.0
2760,STU_02761,5.4,3.0,2.4,4.2,4.010084804033921,74.0
2761,STU_02762,3.3,0.5,1.8,9.1,3.0,70.0
2762,STU_02763,5.8,1.4,2.4,7.5,4.0,84.0
2763,STU_02764,3.6,5.8,1.2165816326530612,6.2,7.0,79.0
2764,STU_02765,4.9,1.4,1.1,7.0,4.0,82.0
2765,STU_02766,5.7,1.9,0.4,1.216581632653061,4.0,90.0
2766,STU_02767,4.4,0.9,0.7,8.1,4.0,78.0
2767,STU_02768,5.2,0.1,0.5,8.3,2.0,83.0
2768,STU_02769,3.7,2.4,0.2,8.3,4.0,74.0
2769,STU_02770,4.2,0.1,2.3,8.8,4.010084804033921,76.0
2770,stu_02771 ,4.2,1.8,0.0,9.5,3.0,77.0
2771,STU_02772,3.4,0.0,2.3,6.7,5.0,71.0
2772,STU_02773,4.2,3.0,2.2,6.1,5.0,73.0
2773,STU_02774,2.2,0.3,1.6,8.0,3.0,65.0
2774,STU_02775,3.8,1.1,0.3,6.8,4.0,76.0
2775,STU_02776,4.1,1.4,0.0,7.0,4.0,79.0
2776,STU_02777,4.1,0.9,0.8,8.0,2.0,72.0
2777,STU_02778,4.1,0.6,1.7,8.4,4.010084804033921,73.0
2778,STU_02779,4.4,0.9,1.2,8.8,4.010084804033921,74.0
2779,STU_02780,5.2,0.6,0.4,7.6,3.0,83.0
2780,STU_02781,5.8,0.9,2.1,7.8,3.0,89.0
2781,STU_02782,3.5,0.7,2.5,7.5,3.0,69.0
2782,STU_02783,2.7,1.3,1.0,7.4,5.0,73.0
2783,stu_02784 ,2.9,0.4,1.3,6.8,4.0,73.0
2784,STU_02785,3.8,6.0,0.0,5.3,4.010084804033921,58.0
2785,STU_02786,4.0,1.0,0.9,8.2,3.0,77.0
2786,STU_02787,3.3,0.3,1.6,6.7,5.0,64.0
2787,STU_02788,2.6,1.0,1.5,5.6,5.0,65.0
2788,STU_02789,3.8,3.0,0.8,6.9,4.0,72.0
2789,STU_02790,4.8,0.0,1.0,9.2,4.010084804033921,75.0
2790,STU_02791,5.4,1.7,0.8,4.5,4.010084804033921,79.0
2791,STU_02792,3.7,1.2,1.0,7.2,4.0,77.0
2792,STU_02793,3.9,0.3,1.5,8.3,3.0,77.0
2793,STU_02794,3.1,2.6,0.0,5.4,6.0,73.0
2794,STU_02795,4.5,0.7,1.1,7.4,3.0,80.0
2795,STU_02796,3.2,0.5,1.5,6.4,4.0,64.0
2796,STU_02797,5.4,2.6,0.7,6.1,4.0,81.0
2797,STU_02798,1.8,1.5,0.8,7.0,4.0,62.0
2798,STU_02799,4.0,3.4,0.8,5.7,7.0,81.0
2799,STU_02800,5.0,1.5,0.8,6.2,5.0,80.0
2800,STU_02801,4.8,2.0,1.2,7.1,4.0,76.0
2801,STU_02802,8.5,2.7,1.3,9.2,3.0,100.0
2802,STU_02803,5.0,0.1,0.0,8.7,2.0,77.0
2803,STU_02804,3.0,2.2,1.7,8.0,4.0,64.0
2804,STU_02805,4.4,1.4,1.2165816326530612,8.2,4.0,87.0
2805,STU_02806,1.8,0.1,2.7,6.7,4.0,66.0
2806,STU_02807,4.4,1.1,0.2,7.9,2.0,70.0
2807,STU_02808,3.3,0.1,0.5,9.0,2.0,62.0
2808,STU_02809,5.9,2.0,1.0,8.0,3.0,85.0
2809,STU_02810,3.7,1.2,1.5,7.5,3.0,68.0
2810,STU_02811,4.3,4.6,0.0,7.1,5.0,92.0
2811,STU_02812,3.5,0.3,0.5,10.0,4.010084804033921,69.0
2812,STU_02813,7.1,1.4,1.7,8.1,2.0,96.0
2813,STU_02814,4.0,0.4,0.4,7.5,3.0,73.0
2814,STU_02815,7.2,1.4,2.3,7.0,6.0,91.0
2815,STU_02816,5.7,1.9,0.8,6.2,4.0,91.0
2816,STU_02817,5.2,1.9,0.5,9.7,4.010084804033921,87.0
2817,STU_02818,5.1,2.5,1.7,8.5,6.0,84.0
2818,STU_02819,5.1,2.9,2.5,6.7,5.0,94.0
2819,STU_02820,1.6,0.1,1.5,9.8,2.0,61.0
2820,stu_02821 ,4.1,0.6,2.2,8.0,3.0,74.0
2821,STU_02822,5.8,1.7,2.5,6.5,5.0,95.0
2822,STU_02823,4.4,1.0,1.2165816326530612,8.5,2.0,80.0
2823,STU_02824,2.4,0.3,2.0,7.9,3.0,71.0
2824,STU_02825,4.4,1.2,0.0,8.5,4.010084804033921,78.0
2825,STU_02826,7.1,0.8,1.5,6.1,5.0,81.0
2826,STU_02827,6.4,0.7,1.2165816326530612,6.7,4.0,83.0
2827,STU_02828,4.4,2.5,2.2,8.3,2.0,85.0
2828,STU_02829,5.9,0.8,2.1,9.0,3.0,84.0
2829,STU_02830,4.0,0.0,1.7,9.1,4.010084804033921,75.0
2830,STU_02831,1.9,0.1,1.4,9.9,3.0,66.0
2831,STU_02832,3.1,2.9,1.2165816326530612,1.216581632653061,5.0,74.0
2832,STU_02833,6.8,4.9,1.2,6.8,5.0,95.0
2833,STU_02834,4.1,1.7,1.2,6.3,6.0,77.0
2834,STU_02835,4.1,0.7,2.4,6.7,4.0,76.0
2835,STU_02836,4.1,4.2,2.5,4.3,4.010084804033921,71.0
2836,STU_02837,7.4,1.6,1.1,7.0,2.0,91.0
2837,STU_02838,6.9,2.8,1.4,4.8,6.0,94.0
2838,STU_02839,7.8,2.2,1.3,8.2,3.0,100.0
2839,STU_02840,4.3,0.7,0.0,8.2,3.0,71.0
2840,STU_02841,4.9,1.0,0.9,5.5,6.0,77.0
2841,STU_02842,2.2,0.3,2.5,7.2,2.0,61.0
2842,STU_02843,6.7,0.5,0.6,9.7,4.010084804033921,84.0
2843,STU_02844,2.7,2.3,2.9,6.6,4.0,70.0
2844,STU_02845,4.8,3.4,2.1,5.6,7.0,85.0
2845,STU_02846,2.9,1.9,1.5,5.3,4.010084804033921,60.0
2846,STU_02847,3.6,0.9,1.6,1.216581632653061,4.0,68.0
2847,STU_02848,3.2,0.1,0.5,8.4,4.010084804033921,71.0
2848,STU_02849,3.6,0.1,1.2165816326530612,7.3,4.0,74.0
2849,STU_02850,3.7,0.7,2.4,7.0,5.0,74.0
2850,STU_02851,3.7,0.9,0.7,7.1,3.0,74.0
2851,STU_02852,5.8,1.4,2.0,7.0,6.0,89.0
2852,STU_02853,2.8,0.0,0.1,6.8,2.0,67.0
2853,STU_02854,4.8,6.0,0.2,6.5,4.010084804033921,76.0
2854,STU_02855,6.3,0.7,2.7,5.8,6.0,89.0
2855,STU_02856,3.7,2.8,1.2,6.2,7.0,75.0
2856,STU_02857,3.4,1.1,0.8,8.5,3.0,72.0
2857,STU_02858,4.2,0.2,2.3,7.9,4.0,79.0
2858,STU_02859,6.3,2.4,2.2,7.5,5.0,86.0
2859,STU_02860,4.8,1.9,1.9,9.2,3.0,82.0
2860,STU_02861,3.7,1.1,0.7,7.5,3.0,69.0
2861,STU_02862,5.2,1.1,1.0,7.5,2.0,79.0
2862,STU_02863,2.8,0.1,1.4,7.4,3.0,74.0
2863,STU_02864,5.5,1.6,1.8,6.7,4.0,87.0
2864,STU_02865,5.1,3.6,0.8,5.7,6.0,87.0
2865,STU_02866,4.0,0.1,1.3,7.8,4.0,68.0
2866,STU_02867,3.2,0.5,1.4,7.9,3.0,69.0
2867,STU_02868,3.2,3.5,2.2,6.9,6.0,66.0
2868,STU_02869,5.3,0.5,1.8,7.6,4.0,83.0
2869,STU_02870,6.3,1.6,0.0,8.4,3.0,85.0
2870,STU_02871,3.5,1.1,1.0,7.5,5.0,75.0
2871,STU_02872,5.2,1.4,0.5,7.1,2.0,84.0
2872,STU_02873,1.4,0.8,1.7,6.5,3.0,55.0
2873,STU_02874,3.6,0.5,1.9,5.9,4.0,74.0
2874,STU_02875,4.5,0.1,1.3,9.2,4.010084804033921,85.0
2875,STU_02876,3.1,2.0,1.0,6.5,5.0,71.0
2876,STU_02877,3.1,2.1,1.3,6.2,5.0,75.0
2877,STU_02878,3.5,1.7,1.4,6.8,6.0,65.0
2878,STU_02879,4.9,1.5,0.7,7.1,5.0,84.0
2879,STU_02880,4.2,0.4,0.2,9.5,4.010084804033921,74.0
2880,STU_02881,1.1,0.0,0.0,1.216581632653061,3.0,56.0
2881,STU_02882,1.3,2.5,2.2,9.4,4.010084804033921,64.0
2882,STU_02883,3.6,1.0,1.6,1.216581632653061,4.0,72.0
2883,STU_02884,5.2,0.5,1.5,9.6,4.010084804033921,75.0
2884,STU_02885,0.4,0.2,2.2,8.4,4.010084804033921,59.0
2885,STU_02886,3.8,0.1,0.2,8.3,2.0,67.0
2886,STU_02887,3.7,0.6,0.0,9.4,4.010084804033921,70.0
2887,STU_02888,6.6,2.5,1.5,8.1,3.0,94.0
2888,STU_02889,3.9,3.8,1.4,7.2,6.0,80.0
2889,STU_02890,5.1,3.4,0.0,9.3,3.0,87.0
2890,STU_02891,4.7,3.8,1.5,6.1,7.0,84.0
2891,STU_02892,1.3,3.6,0.9,5.8,6.0,68.0
2892,STU_02893,5.7,1.1,0.6,6.9,3.0,88.0
2893,STU_02894,4.8,0.4,0.9,9.5,4.010084804033921,75.0
2894,STU_02895,5.3,2.4,0.0,8.7,2.0,75.0
2895,STU_02896,10.0,0.4,0.7,7.2,2.0,100.0
2896,STU_02897,1.4,0.5,0.6,5.4,6.0,65.0
2897,STU_02898,7.1,0.4,1.6,7.3,3.0,88.0
2898,STU_02899,4.1,1.1,1.1,6.4,5.0,72.0
2899,STU_02900,4.9,0.6,1.7,7.0,2.0,82.0
2900,STU_02901,4.4,0.3,0.0,6.9,3.0,79.0
2901,STU_02902,3.9,0.9,0.5,6.0,5.0,79.0
2902,STU_02903,3.6,3.1,1.6,8.6,4.0,83.0
2903,STU_02904,5.0,1.3,1.0,6.7,3.0,83.0
2904,STU_02905,2.2,3.2,1.9,8.1,4.0,64.0
2905,STU_02906,5.6,0.3,0.0,7.7,3.0,81.0
2906,STU_02907,3.9,0.3,1.8,6.4,4.0,71.0
2907,STU_02908,2.8,1.3,0.7,8.0,3.0,73.0
2908,STU_02909,3.8,0.9,0.6,7.2,2.0,72.0
2909,STU_02910,6.4,1.6,2.0,6.9,4.0,95.0
2910,STU_02911,3.7,2.4,2.1,7.0,5.0,70.0
2911,STU_02912,5.0,2.1,2.0,6.2,6.0,85.0
2912,STU_02913,3.4,4.3,2.8,4.5,4.010084804033921,58.0
2913,STU_02914,5.6,0.8,2.2,1.216581632653061,4.0,87.0
2914,STU_02915,5.5,0.3,0.6,8.7,2.0,83.0
2915,STU_02916,7.3,1.2,1.3,6.5,5.0,99.0
2916,STU_02917,4.2,0.2,0.9,7.9,3.0,74.0
2917,STU_02918,5.5,0.5,2.8,8.8,2.0,84.0
2918,STU_02919,4.6,0.3,2.1,7.4,3.0,82.0
2919,STU_02920,6.4,0.8,1.0,7.6,2.0,89.0
2920,STU_02921,3.4,0.2,1.9,7.6,2.0,71.0
2921,STU_02922,5.6,0.0,0.2,7.3,2.0,87.0
2922,STU_02923,4.2,1.6,1.4,6.2,4.0,77.0
2923,STU_02924,4.4,1.4,0.4,6.5,6.0,72.0
2924,STU_02925,4.6,1.8,0.0,7.8,2.0,78.0
2925,STU_02926,4.9,1.6,1.8,7.9,4.0,74.0
2926,STU_02927,4.3,0.2,1.9,8.4,2.0,75.0
2927,STU_02928,4.8,0.5,1.6,7.2,3.0,82.0
2928,STU_02929,6.9,0.2,1.1,8.8,2.0,92.0
2929,STU_02930,6.0,2.8,0.2,7.4,3.0,96.0
2930,STU_02931,5.8,2.1,0.3,7.4,3.0,93.0
2931,STU_02932,3.8,0.3,0.4,4.5,5.0,74.0
2932,STU_02933,3.2,0.6,1.0,6.8,3.0,60.0
2933,STU_02934,5.9,5.1,2.1,4.5,4.010084804033921,88.0
2934,STU_02935,5.8,1.4,2.0,7.8,5.0,84.0
2935,STU_02936,6.7,2.4,0.0,7.4,3.0,97.0
2936,STU_02937,3.6,0.5,0.6,6.7,4.010084804033921,74.0
2937,STU_02938,4.2,0.4,0.6,8.1,2.0,78.0
2938,STU_02939,2.0,2.3,0.0,5.9,6.0,68.0
2939,STU_02940,3.9,1.7,1.7,6.1,7.0,86.0
2940,STU_02941,6.0,1.7,1.0,6.6,4.0,91.0
2941,STU_02942,3.8,1.2,1.1,8.0,2.0,69.0
2942,STU_02943,5.5,1.2,2.3,8.6,3.0,89.0
2943,STU_02944,4.2,2.0,1.3,1.216581632653061,5.0,77.0
2944,STU_02945,5.0,0.5,0.9,9.0,4.010084804033921,86.0
2945,STU_02946,2.8,0.7,1.7,7.5,3.0,74.0
2946,STU_02947,4.6,3.1,2.0,6.9,5.0,85.0
2947,STU_02948,0.0,0.6,1.4,7.5,3.0,46.0
2948,STU_02949,4.2,1.2,1.8,7.1,4.0,75.0
2949,STU_02950,2.1,1.8,1.1,7.7,3.0,70.0
2950,STU_02951,6.3,6.0,1.1,6.7,7.0,100.0
2951,STU_02952,5.7,0.9,1.3,6.6,4.0,86.0
2952,STU_02953,5.2,0.8,0.6,7.4,3.0,81.0
2953,STU_02954,6.8,2.8,0.7,8.7,2.0,90.0
2954,STU_02955,3.1,2.5,2.3,7.0,6.0,67.0
2955,STU_02956,7.1,2.0,2.8,7.1,4.0,97.0
2956,STU_02957,5.9,0.9,2.5,8.4,4.0,90.0
2957,STU_02958,4.1,0.6,0.1,7.3,2.0,70.0
2958,STU_02959,6.2,1.4,0.1,7.5,4.0,93.0
2959,STU_02960,2.8,3.1,0.2,7.8,2.0,77.0
2960,STU_02961,3.3,3.2,1.3,8.0,2.0,77.0
2961,STU_02962,3.6,0.2,0.0,5.6,4.0,78.0
2962,STU_02963,3.7,0.8,0.7,6.9,2.0,75.0
2963,STU_02964,2.9,0.9,2.3,6.3,6.0,70.0
2964,STU_02965,6.3,5.7,2.0,5.8,4.010084804033921,90.0
2965,STU_02966,4.1,1.7,0.8,6.4,6.0,83.0
2966,STU_02967,5.0,0.8,0.9,8.3,2.0,83.0
2967,STU_02968,3.6,0.0,1.7,7.8,3.0,70.0
2968,STU_02969,1.8,1.2,1.9,8.1,3.0,64.0
2969,STU_02970,4.9,0.2,0.8,8.8,4.010084804033921,81.0
2970,STU_02971,1.6,2.7,1.0,7.7,4.0,63.0
2971,STU_02972,4.4,2.1,0.7,6.9,3.0,84.0
2972,STU_02973,2.4,0.9,0.1,7.8,3.0,66.0
2973,STU_02974,7.5,0.8,1.0,7.1,3.0,99.0
2974,STU_02975,5.9,3.4,1.0,5.4,6.0,92.0
2975,STU_02976,4.7,0.5,0.2,8.8,4.0,76.0
2976,STU_02977,6.4,0.4,1.7,7.4,3.0,85.0
2977,STU_02978,3.2,4.2,1.6,4.9,4.010084804033921,65.0
2978,STU_02979,5.3,2.5,1.8,7.4,4.0,85.0
2979,STU_02980,4.8,2.6,0.6,6.9,6.0,89.0
2980,STU_02981,4.9,0.3,0.0,5.8,5.0,80.0
2981,STU_02982,6.4,0.2,1.6,6.2,4.0,90.0
2982,STU_02983,5.6,0.0,0.7,7.2,5.0,87.0
2983,STU_02984,4.9,0.4,0.5,8.0,4.010084804033921,79.0
2984,STU_02985,2.0,2.2,0.2,8.1,3.0,64.0
2985,STU_02986,3.1,0.4,1.0,8.4,3.0,73.0
2986,STU_02987,4.3,2.0,2.5,7.5,3.0,81.0
2987,STU_02988,4.6,0.4,0.8,7.7,4.0,76.0
2988,STU_02989,2.8,0.8,0.3,1.216581632653061,4.010084804033921,66.0
2989,STU_02990,8.1,6.0,1.7,6.6,4.010084804033921,100.0
2990,STU_02991,6.8,0.4,1.3,7.8,4.0,93.0
2991,STU_02992,5.4,0.7,0.0,8.4,2.0,88.0
2992,STU_02993,4.6,0.5,1.7,7.1,3.0,81.0
2993,STU_02994,4.2,0.2,2.9,7.3,3.0,71.0
2994,STU_02995,3.1,1.0,0.0,5.6,5.0,67.0
2995,STU_02996,4.6,0.7,0.2,7.4,4.0,80.0
2996,STU_02997,4.9,1.8,0.0,9.2,2.0,83.0
2997,STU_02998,2.6,2.6,1.1,7.2,5.0,66.0
2998,STU_02999,5.0,1.2,2.0,7.4,4.0,86.0
2999,STU_03000,4.3,0.0,1.3,8.7,3.0,67.0
3000,STU_03001,1.6,1.4,2.3,7.5,4.0,63.0
3001,STU_03002,3.2,0.1,1.9,6.8,4.0,63.0
3002,STU_03003,3.9,1.4,2.6,7.1,4.0,79.0
3003,STU_03004,7.3,1.7,2.1,5.9,5.0,96.0
3004,STU_03005,5.3,0.3,0.9,7.9,4.0,85.0
3005,STU_03006,2.5,2.6,1.3,6.1,7.0,67.0
3006,STU_03007,5.2,3.6,0.5,7.7,5.0,92.0
3007,STU_03008,2.2,2.5,1.2165816326530612,6.5,4.0,59.0
3008,STU_03009,6.1,0.5,1.2,6.8,4.0,91.0
3009,STU_03010,3.8,1.3,1.1,7.3,5.0,72.0
3010,STU_03011,4.4,3.7,2.3,6.8,7.0,83.0
3011,STU_03012,6.5,0.6,0.9,6.4,3.0,91.0
3012,STU_03013,2.6,2.6,0.5,6.6,5.0,64.0
3013,STU_03014,2.4,0.0,0.5,8.0,2.0,68.0
3014,STU_03015,3.6,0.0,1.7,9.0,3.0,73.0
3015,STU_03016,6.1,2.1,0.1,4.8,4.0,90.0
3016,STU_03017,2.2,2.1,1.0,7.8,3.0,68.0
3017,STU_03018,0.3,2.3,2.3,6.5,7.0,56.0
3018,STU_03019,3.8,4.0,1.4,6.0,6.0,82.0
3019,STU_03020,5.3,0.2,1.1,7.0,2.0,80.0
3020,STU_03021,6.3,0.4,1.2,7.3,5.0,92.0
3021,STU_03022,3.8,3.5,0.4,7.5,3.0,80.0
3022,STU_03023,3.9,0.3,0.5,7.3,4.0,73.0
3023,STU_03024,6.2,1.7,1.0,8.9,4.010084804033921,97.0
3024,STU_03025,1.7,1.1,1.4,1.216581632653061,2.0,64.0
3025,STU_03026,3.9,0.1,2.0,7.8,3.0,74.0
3026,STU_03027,4.8,0.5,1.3,7.4,2.0,82.0
3027,STU_03028,5.2,1.1,2.3,8.4,3.0,82.0
3028,STU_03029,3.7,2.9,2.5,8.0,6.0,82.0
3029,STU_03030,4.6,1.8,1.8,5.9,5.0,80.0
3030,STU_03031,0.8,1.5,2.2,1.216581632653061,7.0,60.0
3031,STU_03032,3.5,1.0,0.4,8.2,3.0,68.0
3032,STU_03033,5.2,0.5,0.3,8.7,3.0,75.0
3033,STU_03034,3.0,0.2,1.6,7.3,4.010084804033921,70.0
3034,STU_03035,4.6,0.8,0.1,7.0,4.0,77.0
3035,STU_03036,5.2,0.0,1.0,7.9,3.0,80.0
3036,STU_03037,4.0,0.4,1.8,9.0,4.010084804033921,65.0
3037,STU_03038,4.8,0.8,2.3,7.3,6.0,87.0
3038,STU_03039,3.1,0.8,1.0,6.3,4.0,70.0
3039,STU_03040,4.2,0.1,0.7,8.0,4.010084804033921,81.0
3040,STU_03041,5.4,1.3,1.5,8.1,4.0,79.0
3041,STU_03042,4.7,1.2,0.3,7.5,2.0,81.0
3042,STU_03043,3.6,0.1,1.1,9.0,4.010084804033921,74.0
3043,STU_03044,4.8,4.3,1.2,7.3,7.0,86.0
3044,STU_03045,5.6,0.2,1.2,7.7,3.0,85.0
3045,STU_03046,1.4,2.9,1.3,6.9,5.0,57.0
3046,STU_03047,6.2,0.0,0.5,6.1,4.0,89.0
3047,STU_03048,4.0,3.2,0.6,8.1,5.0,75.0
3048,STU_03049,5.1,0.0,0.6,7.5,4.010084804033921,78.0
3049,STU_03050,6.3,2.1,0.0,7.0,5.0,91.0
3050,STU_03051,2.4,0.7,1.5,7.0,6.0,64.0
3051,stu_03052 ,3.4,2.0,1.9,7.5,5.0,72.0
3052,STU_03053,4.1,0.8,1.8,6.3,4.0,80.0
3053,STU_03054,3.3,0.1,1.0,6.8,3.0,69.0
3054,STU_03055,7.1,2.2,0.6,1.216581632653061,4.0,94.0
3055,STU_03056,3.2,0.1,1.8,7.0,3.0,69.0
3056,STU_03057,3.7,3.8,1.7,6.8,6.0,73.0
3057,STU_03058,4.8,0.1,1.4,7.1,4.0,80.0
3058,STU_03059,2.7,1.0,2.6,8.8,4.0,71.0
3059,STU_03060,3.9,1.9,1.2,7.9,4.010084804033921,78.0
3060,STU_03061,5.0,0.7,1.0,1.216581632653061,4.010084804033921,81.0
3061,STU_03062,4.0,0.4,0.9,7.1,5.0,77.0
3062,STU_03063,4.4,2.1,0.0,9.8,4.010084804033921,77.0
3063,STU_03064,3.7,2.3,1.7,6.5,5.0,76.0
3064,stu_03065 ,2.2,3.8,1.1,5.9,7.0,75.0
3065,STU_03066,5.0,0.7,1.6,8.2,2.0,80.0
3066,STU_03067,7.1,1.1,2.7,7.3,6.0,97.0
3067,STU_03068,4.5,0.7,0.9,6.8,4.0,81.0
3068,STU_03069,4.8,0.4,0.0,10.0,4.010084804033921,77.0
3069,STU_03070,5.5,2.1,1.6,8.0,3.0,89.0
3070,STU_03071,2.6,0.6,1.3,7.6,3.0,64.0
3071,STU_03072,7.1,0.8,0.6,10.0,4.010084804033921,95.0
3072,STU_03073,4.8,0.8,1.5,8.3,4.0,77.0
3073,STU_03074,6.9,1.9,1.8,7.1,5.0,96.0
3074,STU_03075,3.4,3.7,0.4,9.1,2.0,77.0
3075,STU_03076,7.2,1.6,1.0,8.0,4.0,96.0
3076,STU_03077,5.7,1.0,2.4,7.9,5.0,86.0
3077,STU_03078,5.3,2.3,0.6,6.8,6.0,83.0
3078,STU_03079,4.9,1.5,1.3,7.3,3.0,77.0
3079,STU_03080,4.1,0.1,0.0,7.6,4.010084804033921,75.0
3080,STU_03081,6.3,0.2,0.0,9.4,2.0,92.0
3081,STU_03082,4.7,0.1,1.3,6.1,3.0,81.0
3082,STU_03083,1.5,0.9,2.2,8.7,3.0,62.0
3083,STU_03084,2.8,2.6,0.1,6.3,4.0,69.0
3084,STU_03085,4.2,0.6,1.3,7.5,4.0,77.0
3085,STU_03086,5.0,0.7,0.9,7.3,2.0,78.0
3086,STU_03087,4.4,3.6,2.0,6.0,6.0,80.0
3087,STU_03088,6.3,2.7,0.2,7.8,4.0,93.0
3088,STU_03089,1.6,1.6,1.5,7.2,5.0,55.0
3089,STU_03090,4.7,0.5,0.7,7.1,5.0,86.0
3090,STU_03091,1.8,0.2,1.4,7.8,3.0,56.0
3091,STU_03092,5.6,0.0,1.3,7.0,4.0,91.0
3092,STU_03093,4.4,0.2,1.0,7.2,4.0,73.0
3093,STU_03094,5.1,0.5,1.2165816326530612,6.0,3.0,78.0
3094,STU_03095,3.2,1.2,1.2,6.9,3.0,69.0
3095,STU_03096,6.4,0.1,1.1,8.2,4.010084804033921,87.0
3096,STU_03097,6.1,0.2,1.2165816326530612,7.8,4.010084804033921,84.0
3097,STU_03098,5.4,0.3,1.3,9.5,2.0,81.0
3098,STU_03099,4.3,1.5,1.4,9.9,3.0,78.0
3099,STU_03100,5.4,1.4,0.4,7.0,4.0,81.0
3100,STU_03101,3.4,1.2,0.9,6.6,5.0,76.0
3101,STU_03102,5.8,0.4,0.4,8.9,4.010084804033921,91.0
3102,STU_03103,7.0,0.7,1.2,7.9,3.0,85.0
3103,STU_03104,6.1,0.2,0.7,8.9,3.0,94.0
3104,STU_03105,3.4,0.4,1.8,7.9,4.0,74.0
3105,STU_03106,5.0,3.4,1.7,6.4,5.0,86.0
3106,STU_03107,2.6,5.8,0.5,6.0,4.010084804033921,64.0
3107,STU_03108,5.4,1.6,1.2,7.7,5.0,85.0
3108,STU_03109,5.2,3.7,1.7,6.3,7.0,90.0
3109,STU_03110,1.7,1.5,1.1,8.5,3.0,73.0
3110,STU_03111,2.8,0.1,0.6,1.216581632653061,4.0,75.0
3111,STU_03112,4.1,6.0,0.3,7.3,4.0,77.0
3112,STU_03113,4.0,0.2,1.9,5.7,3.0,74.0
3113,STU_03114,2.7,1.7,1.9,7.2,5.0,69.0
3114,STU_03115,5.1,0.4,1.0,7.3,2.0,87.0
3115,STU_03116,4.9,0.7,1.2165816326530612,5.9,4.0,80.0
3116,STU_03117,4.2,1.6,1.2165816326530612,5.5,3.0,75.0
3117,STU_03118,3.4,0.9,2.3,6.2,4.0,72.0
3118,STU_03119,6.1,0.4,1.1,7.7,3.0,86.0
3119,STU_03120,7.0,0.6,1.3,7.0,4.0,97.0
3120,STU_03121,3.8,0.6,0.9,6.6,5.0,83.0
3121,STU_03122,3.6,4.8,2.3,7.4,5.0,82.0
3122,STU_03123,5.2,2.4,0.4,6.0,5.0,89.0
3123,STU_03124,4.0,0.9,2.4,7.9,4.0,80.0
3124,STU_03125,4.3,0.3,1.5,6.7,4.0,78.0
3125,STU_03126,5.6,2.5,1.7,1.216581632653061,5.0,86.0
3126,STU_03127,1.6,0.3,0.9,7.1,4.0,59.0
3127,STU_03128,6.5,0.4,0.2,8.5,4.010084804033921,94.0
3128,STU_03129,4.6,0.7,1.9,6.0,5.0,80.0
3129,STU_03130,3.9,3.2,1.4,7.0,4.0,74.0
3130,STU_03131,4.4,0.2,2.3,6.5,6.0,82.0
3131,STU_03132,4.4,0.2,1.0,7.0,2.0,74.0
3132,STU_03133,1.9,1.0,0.9,7.9,3.0,58.0
3133,STU_03134,6.7,0.5,2.3,9.6,4.010084804033921,88.0
3134,STU_03135,4.6,1.3,2.7,6.2,5.0,80.0
3135,STU_03136,5.2,0.9,1.2,8.2,3.0,86.0
3136,STU_03137,5.9,0.9,0.6,1.216581632653061,3.0,88.0
3137,STU_03138,3.0,0.2,1.8,7.1,5.0,66.0
3138,STU_03139,5.2,0.2,1.0,8.8,4.010084804033921,78.0
3139,STU_03140,4.1,2.6,1.7,6.0,6.0,82.0
3140,STU_03141,5.8,3.3,1.0,5.7,6.0,89.0
3141,STU_03142,1.3,0.4,2.5,7.8,3.0,60.0
3142,STU_03143,4.4,0.2,0.6,9.4,4.010084804033921,76.0
3143,STU_03144,3.6,0.1,1.6,8.4,3.0,73.0
3144,STU_03145,5.1,1.4,0.8,6.0,5.0,85.0
3145,STU_03146,5.2,1.9,1.0,6.6,6.0,94.0
3146,STU_03147,3.4,0.7,0.9,8.6,2.0,73.0
3147,STU_03148,3.4,1.7,1.8,8.7,2.0,72.0
3148,STU_03149,4.3,1.9,1.9,1.216581632653061,4.0,80.0
3149,STU_03150,3.2,4.1,1.6,5.9,4.010084804033921,63.0
3150,STU_03151,5.8,0.1,1.1,9.4,4.010084804033921,81.0
3151,STU_03152,3.9,0.3,1.3,7.6,2.0,79.0
3152,STU_03153,0.1,0.1,1.9,7.0,4.0,52.0
3153,STU_03154,3.9,3.0,1.9,5.9,7.0,83.0
3154,STU_03155,2.9,2.4,0.0,6.1,4.0,65.0
3155,STU_03156,2.1,1.3,1.0,10.0,4.010084804033921,60.0
3156,STU_03157,2.6,0.1,1.0,9.2,4.010084804033921,67.0
3157,STU_03158,4.7,0.5,1.7,6.9,4.0,75.0
3158,STU_03159,6.5,0.5,1.1,9.3,2.0,84.0
3159,STU_03160,5.0,1.2,1.8,7.8,3.0,77.0
3160,STU_03161,3.6,0.4,0.3,8.3,3.0,71.0
3161,STU_03162,5.2,0.1,1.4,7.0,3.0,83.0
3162,STU_03163,3.8,2.0,1.9,6.5,7.0,83.0
3163,STU_03164,3.5,0.5,0.0,7.8,4.0,67.0
3164,STU_03165,2.8,0.9,3.0,5.2,5.0,64.0
3165,STU_03166,1.9,0.2,2.2,7.0,3.0,56.0
3166,STU_03167,3.9,2.4,1.2,7.0,6.0,79.0
3167,STU_03168,4.7,1.3,0.5,8.8,2.0,81.0
3168,STU_03169,4.4,3.5,1.1,6.1,6.0,77.0
3169,STU_03170,3.9,1.0,1.3,8.3,2.0,71.0
3170,STU_03171,3.1,4.3,1.6,4.4,4.010084804033921,66.0
3171,STU_03172,5.4,3.3,2.4,7.7,4.0,87.0
3172,STU_03173,2.5,1.3,0.8,6.5,5.0,63.0
3173,STU_03174,5.7,4.1,1.7,6.6,5.0,91.0
3174,STU_03175,3.0,0.6,0.2,8.2,2.0,63.0
3175,STU_03176,3.4,0.7,0.9,7.8,2.0,71.0
3176,STU_03177,2.3,0.1,1.5,7.6,2.0,63.0
3177,STU_03178,3.7,1.3,1.2165816326530612,6.0,5.0,76.0
3178,STU_03179,6.0,1.9,0.6,6.4,5.0,94.0
3179,STU_03180,5.3,2.2,0.8,8.2,4.0,83.0
3180,STU_03181,6.0,0.2,2.4,6.9,5.0,86.0
3181,STU_03182,5.3,0.9,2.1,7.2,2.0,75.0
3182,STU_03183,2.8,0.3,1.4,6.1,6.0,75.0
3183,STU_03184,4.0,1.6,0.0,8.4,2.0,69.0
3184,STU_03185,3.3,0.3,3.0,6.0,4.0,70.0
3185,STU_03186,6.5,3.5,1.2,1.216581632653061,5.0,84.0
3186,STU_03187,2.7,0.4,0.9,6.6,4.0,64.0
3187,STU_03188,5.8,0.5,0.8,8.7,2.0,93.0
3188,STU_03189,5.8,2.9,1.5,6.9,6.0,94.0
3189,STU_03190,7.2,0.9,1.5,1.216581632653061,3.0,99.0
3190,STU_03191,3.9,0.0,2.0,9.2,4.010084804033921,73.0
3191,STU_03192,5.6,1.0,0.5,7.5,3.0,92.0
3192,STU_03193,7.9,0.1,1.0,7.4,4.0,99.0
3193,STU_03194,3.6,6.0,2.8,6.5,7.0,83.0
3194,STU_03195,2.2,1.3,1.4,5.8,5.0,76.0
3195,STU_03196,1.7,0.4,1.1,5.1,4.0,65.0
3196,STU_03197,5.6,1.2,0.4,8.7,4.010084804033921,85.0
3197,STU_03198,1.7,0.1,1.6,6.8,2.0,62.0
3198,STU_03199,3.9,2.4,2.0,7.7,3.0,83.0
3199,stu_03200 ,5.2,3.9,1.9,6.5,4.010084804033921,81.0
3200,STU_03201,4.8,3.1,1.0,5.7,7.0,86.0
3201,STU_03202,5.1,0.6,1.5,8.1,4.0,87.0
3202,STU_03203,4.8,0.6,2.5,6.9,3.0,90.0
3203,STU_03204,6.4,0.1,2.1,1.216581632653061,2.0,85.0
3204,STU_03205,3.1,1.6,0.6,6.4,5.0,74.0
3205,STU_03206,3.5,1.1,0.0,5.9,7.0,74.0
3206,STU_03207,3.3,0.9,1.4,7.8,3.0,70.0
3207,STU_03208,5.7,3.6,1.8,5.6,7.0,87.0
3208,STU_03209,5.9,0.3,0.3,7.8,4.010084804033921,92.0
3209,STU_03210,5.2,0.0,1.2,7.6,3.0,77.0
3210,STU_03211,6.3,0.1,1.0,6.8,3.0,82.0
3211,STU_03212,2.7,0.4,1.3,6.1,2.0,65.0
3212,STU_03213,7.0,0.1,0.8,10.0,4.010084804033921,85.0
3213,STU_03214,6.8,1.0,2.2,7.2,3.0,89.0
3214,STU_03215,5.6,0.6,1.3,9.4,4.010084804033921,80.0
3215,STU_03216,7.2,0.3,0.5,9.0,4.010084804033921,94.0
3216,STU_03217,2.0,2.1,1.9,6.7,5.0,71.0
3217,STU_03218,3.7,0.3,0.2,8.0,2.0,70.0
3218,STU_03219,3.4,1.7,2.2,7.2,6.0,76.0
3219,STU_03220,5.6,0.6,2.0,9.3,4.010084804033921,87.0
3220,STU_03221,2.9,1.1,2.3,8.0,4.0,60.0
3221,STU_03222,5.6,4.1,1.1,5.8,7.0,88.0
3222,STU_03223,6.6,0.1,0.8,8.2,4.0,88.0
3223,stu_03224 ,5.5,1.0,1.3,8.2,2.0,86.0
3224,STU_03225,4.9,2.9,1.1,5.7,6.0,86.0
3225,STU_03226,3.0,1.3,0.7,8.0,2.0,71.0
3226,STU_03227,3.2,0.5,0.8,9.0,3.0,67.0
3227,STU_03228,6.4,0.8,0.9,6.7,3.0,87.0
3228,STU_03229,5.7,1.7,0.3,6.7,5.0,81.0
3229,STU_03230,4.4,3.3,1.7,7.8,6.0,82.0
3230,STU_03231,3.9,0.1,1.2,7.4,2.0,72.0
3231,STU_03232,1.5,0.1,1.0,6.8,4.0,61.0
3232,STU_03233,2.9,0.6,0.3,8.6,4.010084804033921,71.0
3233,STU_03234,7.4,0.4,0.3,8.4,4.0,93.0
3234,STU_03235,2.6,0.5,2.7,7.4,2.0,67.0
3235,STU_03236,4.8,0.4,0.7,8.9,4.010084804033921,78.0
3236,STU_03237,6.0,0.3,1.7,8.8,4.010084804033921,82.0
3237,STU_03238,2.6,0.2,1.3,7.6,2.0,63.0
3238,STU_03239,4.8,4.1,0.0,8.8,4.0,76.0
3239,STU_03240,5.9,0.2,2.6,9.0,4.0,84.0
3240,STU_03241,4.5,0.3,1.7,5.6,6.0,75.0
3241,STU_03242,8.8,0.4,1.2165816326530612,6.7,4.0,99.0
3242,STU_03243,2.0,4.1,1.2,4.3,4.010084804033921,63.0
3243,STU_03244,6.1,2.1,0.3,7.0,4.0,92.0
3244,STU_03245,4.2,2.3,2.7,5.6,7.0,81.0
3245,STU_03246,5.7,0.2,0.5,7.0,3.0,87.0
3246,STU_03247,5.2,2.7,0.8,8.1,4.0,85.0
3247,STU_03248,3.4,0.8,0.6,5.9,4.0,72.0
3248,STU_03249,4.8,0.5,1.3,7.7,2.0,83.0
3249,STU_03250,1.7,1.3,2.3,7.3,4.0,65.0
3250,STU_03251,5.4,2.6,2.6,6.6,5.0,90.0
3251,STU_03252,4.9,2.3,0.9,7.3,4.0,83.0
3252,STU_03253,5.5,3.3,1.5,4.5,7.0,84.0
3253,STU_03254,6.1,3.9,1.3,5.8,7.0,93.0
3254,STU_03255,5.1,0.4,0.4,9.3,4.010084804033921,79.0
3255,STU_03256,4.7,0.8,3.0,6.0,7.0,82.0
3256,STU_03257,3.2,0.0,2.3,9.2,3.0,70.0
3257,STU_03258,3.4,3.2,1.4,5.4,5.0,76.0
3258,STU_03259,6.3,0.3,2.5,5.9,5.0,86.0
3259,stu_03260 ,6.7,3.0,2.2,1.216581632653061,5.0,98.0
3260,STU_03261,4.1,0.6,1.3,8.7,4.010084804033921,79.0
3261,STU_03262,4.6,0.7,1.5,7.0,6.0,76.0
3262,STU_03263,3.1,0.1,2.4,7.8,4.0,64.0
3263,STU_03264,6.3,0.6,0.4,7.8,2.0,89.0
3264,STU_03265,5.5,3.3,2.5,6.5,7.0,93.0
3265,STU_03266,7.4,0.0,1.0,9.1,3.0,89.0
3266,STU_03267,3.2,0.8,2.4,8.1,4.010084804033921,72.0
3267,STU_03268,3.9,0.0,1.2,6.6,5.0,70.0
3268,STU_03269,4.8,0.7,1.5,7.2,3.0,76.0
3269,STU_03270,5.5,0.3,1.2,9.4,4.010084804033921,87.0
3270,STU_03271,4.2,0.4,0.8,8.0,5.0,78.0
3271,STU_03272,3.2,3.2,1.0,5.4,4.010084804033921,65.0
3272,STU_03273,5.8,0.9,2.3,5.8,5.0,89.0
3273,STU_03274,5.6,0.5,0.0,1.216581632653061,3.0,87.0
3274,STU_03275,3.1,1.3,0.2,8.3,4.010084804033921,65.0
3275,STU_03276,6.5,0.2,0.6,6.9,4.0,90.0
3276,STU_03277,6.3,0.5,0.3,8.5,2.0,94.0
3277,STU_03278,4.7,1.2,2.4,8.8,3.0,82.0
3278,STU_03279,4.6,0.4,2.2,8.9,4.010084804033921,68.0
3279,STU_03280,5.3,1.7,1.7,8.8,3.0,80.0
3280,STU_03281,3.2,1.0,0.7,1.216581632653061,3.0,75.0
3281,STU_03282,4.5,2.2,2.3,1.216581632653061,3.0,78.0
3282,STU_03283,1.3,4.4,0.0,1.216581632653061,6.0,69.0
3283,STU_03284,5.8,0.2,1.2165816326530612,7.3,3.0,93.0
3284,STU_03285,2.2,0.6,0.7,6.8,4.0,63.0
3285,STU_03286,6.8,0.6,1.0,7.3,5.0,89.0
3286,STU_03287,4.0,0.2,0.9,9.0,4.010084804033921,70.0
3287,STU_03288,4.2,2.5,0.3,5.6,5.0,82.0
3288,STU_03289,3.6,2.1,2.7,5.3,7.0,72.0
3289,STU_03290,4.1,1.0,1.8,8.2,2.0,74.0
3290,STU_03291,6.6,1.2,2.2,6.9,4.0,87.0
3291,STU_03292,0.8,0.1,0.2,6.0,4.0,53.0
3292,STU_03293,6.4,1.2,1.2165816326530612,7.3,4.0,87.0
3293,STU_03294,5.0,2.4,1.6,6.8,5.0,76.0
3294,STU_03295,2.7,1.3,1.4,6.9,4.0,65.0
3295,STU_03296,2.9,0.5,0.3,8.5,3.0,71.0
3296,STU_03297,7.0,1.7,2.1,5.8,6.0,100.0
3297,STU_03298,3.1,0.7,1.3,7.6,3.0,69.0
3298,STU_03299,2.8,1.2,0.4,7.3,3.0,69.0
3299,STU_03300,6.2,1.0,1.2165816326530612,7.7,2.0,90.0
3300,STU_03301,5.0,0.7,1.7,5.7,4.0,89.0
3301,STU_03302,3.1,1.9,3.0,6.3,4.0,67.0
3302,STU_03303,4.8,3.2,0.4,7.0,6.0,79.0
3303,STU_03304,3.0,0.0,1.3,8.3,4.010084804033921,68.0
3304,STU_03305,6.2,4.1,1.2165816326530612,8.2,5.0,95.0
3305,STU_03306,6.1,1.1,0.2,8.4,2.0,88.0
3306,STU_03307,5.3,1.8,0.8,7.8,3.0,79.0
3307,STU_03308,5.0,2.9,0.5,8.3,4.0,88.0
3308,STU_03309,7.1,0.9,2.0,7.0,4.0,94.0
3309,STU_03310,4.5,2.7,2.3,8.3,3.0,83.0
3310,STU_03311,2.7,0.3,1.3,8.8,4.010084804033921,73.0
3311,STU_03312,5.2,0.3,0.5,7.4,4.0,76.0
3312,STU_03313,7.6,1.6,0.8,9.3,2.0,91.0
3313,STU_03314,3.0,3.1,0.7,7.4,5.0,75.0
3314,STU_03315,4.0,3.3,0.4,9.1,2.0,71.0
3315,STU_03316,5.1,1.5,1.1,7.6,2.0,81.0
3316,STU_03317,4.4,1.1,1.7,6.8,5.0,76.0
3317,STU_03318,3.0,0.6,1.6,6.7,4.0,71.0
3318,STU_03319,6.2,5.9,1.2,5.6,4.010084804033921,85.0
3319,STU_03320,8.0,0.6,1.2,7.0,2.0,100.0
3320,STU_03321,4.8,2.0,1.2165816326530612,8.4,2.0,78.0
3321,STU_03322,3.1,1.1,0.2,7.6,2.0,66.0
3322,STU_03323,2.2,1.4,1.3,5.7,6.0,65.0
3323,STU_03324,4.9,0.8,0.7,1.216581632653061,3.0,81.0
3324,STU_03325,6.2,5.0,0.1,6.6,6.0,96.0
3325,STU_03326,5.2,1.3,1.5,6.9,5.0,89.0
3326,STU_03327,4.5,4.2,0.7,6.9,7.0,88.0
3327,STU_03328,3.6,0.0,1.4,7.7,3.0,74.0
3328,STU_03329,2.9,1.3,1.9,1.216581632653061,4.0,72.0
3329,STU_03330,5.8,1.9,0.4,7.9,3.0,88.0
3330,STU_03331,5.9,2.1,1.3,7.5,3.0,93.0
3331,STU_03332,2.2,3.5,0.0,5.6,7.0,70.0
3332,STU_03333,6.9,0.0,2.4,9.6,4.010084804033921,89.0
3333,STU_03334,5.4,0.0,0.1,6.4,4.0,79.0
3334,STU_03335,6.6,1.0,0.8,7.4,5.0,96.0
3335,STU_03336,2.5,0.0,2.3,6.4,5.0,64.0
3336,STU_03337,2.5,5.5,1.0,6.5,6.0,81.0
3337,STU_03338,4.3,0.4,0.2,8.0,4.010084804033921,72.0
3338,STU_03339,5.3,1.0,1.8,7.2,4.0,88.0
3339,STU_03340,7.2,0.1,1.8,9.1,2.0,92.0
3340,STU_03341,5.6,1.1,0.7,8.6,2.0,87.0
3341,STU_03342,4.1,0.7,0.8,7.3,4.0,71.0
3342,STU_03343,3.0,0.1,0.9,8.6,2.0,61.0
3343,STU_03344,6.3,0.6,1.0,9.2,2.0,95.0
3344,STU_03345,3.1,0.7,0.0,8.9,4.010084804033921,68.0
3345,STU_03346,6.9,6.0,1.1,5.9,6.0,100.0
3346,STU_03347,4.1,0.3,2.6,5.8,5.0,72.0
3347,STU_03348,6.9,1.2,0.5,7.9,2.0,97.0
3348,STU_03349,5.5,6.0,0.7,6.7,7.0,90.0
3349,STU_03350,4.3,2.4,0.3,6.5,5.0,74.0
3350,STU_03351,3.7,6.0,1.7,5.9,4.010084804033921,68.0
3351,STU_03352,4.0,5.2,2.2,5.9,4.010084804033921,77.0
3352,STU_03353,5.1,1.0,2.1,8.7,2.0,85.0
3353,STU_03354,4.6,1.8,0.2,9.3,4.010084804033921,80.0
3354,STU_03355,3.6,0.2,1.6,8.8,4.010084804033921,65.0
3355,STU_03356,4.3,0.9,2.3,7.2,4.0,73.0
3356,STU_03357,4.6,2.5,1.6,8.1,3.0,79.0
3357,STU_03358,1.3,1.1,1.6,8.0,2.0,58.0
3358,STU_03359,5.2,1.8,0.8,7.2,5.0,88.0
3359,STU_03360,3.0,2.1,1.4,9.2,2.0,71.0
3360,STU_03361,2.8,0.4,2.2,6.7,4.0,59.0
3361,STU_03362,2.0,3.1,1.5,7.4,4.0,56.0
3362,stu_03363 ,1.8,0.9,0.2,8.5,4.010084804033921,59.0
3363,STU_03364,2.5,0.4,0.8,7.4,3.0,63.0
3364,STU_03365,3.4,3.0,2.2,7.2,3.0,77.0
3365,STU_03366,7.4,0.8,1.5,8.4,3.0,90.0
3366,STU_03367,3.7,2.1,1.3,7.4,3.0,70.0
3367,STU_03368,4.8,1.2,0.8,8.0,3.0,82.0
3368,STU_03369,5.1,0.7,2.2,7.5,4.0,87.0
3369,STU_03370,4.7,2.5,2.5,7.5,4.0,74.0
3370,STU_03371,4.4,1.3,1.2165816326530612,6.9,3.0,75.0
3371,STU_03372,2.7,0.7,2.4,7.0,6.0,72.0
3372,STU_03373,6.7,0.2,0.9,7.8,4.010084804033921,94.0
3373,STU_03374,7.2,3.4,0.8,8.0,2.0,95.0
3374,STU_03375,2.0,0.1,1.1,6.0,5.0,67.0
3375,STU_03376,3.0,3.0,1.2,5.9,4.0,72.0
3376,STU_03377,4.1,0.7,2.3,9.6,3.0,78.0
3377,STU_03378,3.1,1.5,2.1,7.4,4.0,68.0
3378,STU_03379,5.3,3.8,1.6,6.1,7.0,88.0
3379,STU_03380,3.4,0.2,0.1,8.7,4.010084804033921,66.0
3380,STU_03381,7.7,1.3,0.0,6.8,3.0,96.0
3381,STU_03382,6.3,2.2,1.4,5.0,6.0,90.0
3382,STU_03383,4.8,2.1,1.9,7.3,3.0,83.0
3383,STU_03384,6.0,1.1,1.1,6.7,5.0,98.0
3384,STU_03385,6.2,1.5,2.7,7.1,4.0,99.0
3385,STU_03386,3.7,2.1,0.3,7.6,4.0,74.0
3386,STU_03387,3.3,2.8,0.2,7.3,5.0,80.0
3387,STU_03388,4.6,2.2,0.7,5.5,5.0,76.0
3388,stu_03389 ,5.8,0.7,0.6,7.7,3.0,87.0
3389,STU_03390,4.7,6.0,1.6,6.3,6.0,85.0
3390,STU_03391,2.1,0.9,0.9,6.2,4.0,62.0
3391,STU_03392,3.3,0.0,0.0,6.5,3.0,80.0
3392,STU_03393,4.4,0.7,1.9,6.3,4.0,76.0
3393,STU_03394,4.4,0.2,0.0,8.7,2.0,74.0
3394,STU_03395,7.5,0.2,0.3,5.9,3.0,91.0
3395,STU_03396,2.4,0.5,0.0,8.7,2.0,62.0
3396,STU_03397,5.3,0.1,1.4,8.1,4.010084804033921,76.0
3397,STU_03398,6.7,1.7,1.3,6.9,3.0,94.0
3398,STU_03399,7.9,0.1,2.7,5.9,5.0,98.0
3399,STU_03400,3.9,0.3,1.9,6.7,4.0,75.0
3400,STU_03401,5.2,0.1,2.4,8.3,3.0,82.0
3401,STU_03402,5.4,0.1,1.4,8.9,2.0,80.0
3402,STU_03403,4.8,0.5,0.4,6.7,2.0,77.0
3403,STU_03404,4.4,1.3,1.3,8.5,4.0,79.0
3404,STU_03405,5.2,5.0,1.2165816326530612,1.216581632653061,6.0,88.0
3405,STU_03406,0.7,3.1,1.8,6.7,6.0,56.0
3406,STU_03407,5.5,3.1,0.8,6.2,4.010084804033921,79.0
3407,STU_03408,4.7,0.3,1.6,7.0,5.0,85.0
3408,STU_03409,4.2,0.5,0.5,9.6,4.010084804033921,84.0
3409,STU_03410,7.6,0.1,0.4,8.1,4.010084804033921,95.0
3410,STU_03411,3.5,2.3,0.3,8.6,4.010084804033921,71.0
3411,STU_03412,3.9,0.1,1.2,8.0,4.0,73.0
3412,STU_03413,7.5,1.2,0.3,7.1,3.0,100.0
3413,STU_03414,3.3,0.4,0.9,8.3,2.0,70.0
3414,STU_03415,3.7,0.4,1.9,9.6,4.010084804033921,74.0
3415,STU_03416,4.3,6.0,0.4,5.5,4.010084804033921,74.0
3416,STU_03417,5.8,2.1,0.8,1.216581632653061,4.0,83.0
3417,STU_03418,4.8,2.7,1.3,1.216581632653061,6.0,86.0
3418,STU_03419,2.6,1.3,1.4,5.9,5.0,68.0
3419,STU_03420,3.7,3.1,0.8,1.216581632653061,7.0,79.0
3420,STU_03421,3.6,1.6,1.2165816326530612,6.7,5.0,67.0
3421,STU_03422,4.4,4.4,1.7,6.7,7.0,90.0
3422,STU_03423,5.1,0.5,2.1,8.3,3.0,83.0
3423,STU_03424,5.1,1.4,1.1,5.8,4.0,76.0
3424,STU_03425,1.8,1.8,0.8,8.0,4.0,68.0
3425,STU_03426,6.1,0.7,0.7,7.5,3.0,86.0
3426,STU_03427,4.9,3.2,1.4,6.8,5.0,84.0
3427,STU_03428,6.6,5.9,0.9,6.7,7.0,96.0
3428,STU_03429,5.2,1.0,0.7,9.3,4.010084804033921,82.0
3429,STU_03430,6.2,0.7,0.8,1.216581632653061,3.0,88.0
3430,STU_03431,5.2,1.0,0.7,6.2,4.0,76.0
3431,STU_03432,6.5,2.9,1.4,6.7,4.0,97.0
3432,STU_03433,5.3,1.6,0.1,8.4,5.0,84.0
3433,STU_03434,4.4,0.1,1.4,8.6,4.010084804033921,78.0
3434,STU_03435,7.9,1.2,1.7,8.0,3.0,100.0
3435,STU_03436,5.8,0.0,0.7,7.3,3.0,86.0
3436,STU_03437,5.4,2.3,2.7,5.4,6.0,87.0
3437,STU_03438,2.6,0.6,1.2,8.2,2.0,61.0
3438,STU_03439,2.6,1.0,1.2165816326530612,6.5,3.0,64.0
3439,STU_03440,4.9,2.4,1.0,7.8,6.0,84.0
3440,STU_03441,4.7,0.1,1.3,8.4,2.0,79.0
3441,STU_03442,3.6,0.3,1.6,7.1,3.0,73.0
3442,STU_03443,4.7,0.8,1.0,7.5,5.0,85.0
3443,STU_03444,6.9,0.4,0.4,8.0,4.010084804033921,92.0
3444,STU_03445,5.5,0.6,0.3,7.1,5.0,86.0
3445,STU_03446,2.8,6.0,0.7,4.7,4.010084804033921,60.0
3446,STU_03447,4.3,2.6,0.8,7.0,3.0,79.0
3447,STU_03448,3.3,3.2,0.3,7.0,4.0,74.0
3448,STU_03449,3.9,4.1,0.6,8.0,5.0,77.0
3449,STU_03450,3.9,0.6,1.7,1.216581632653061,4.0,74.0
3450,STU_03451,3.8,0.5,2.5,8.4,3.0,73.0
3451,STU_03452,2.6,0.4,1.8,6.4,4.0,66.0
3452,STU_03453,4.3,2.7,2.2,5.4,6.0,73.0
3453,STU_03454,3.7,1.7,2.0,6.8,4.0,74.0
3454,STU_03455,0.1,0.4,1.9,6.6,6.0,48.0
3455,STU_03456,7.6,0.7,0.9,6.2,3.0,96.0
3456,STU_03457,6.1,1.1,1.3,9.4,4.010084804033921,84.0
3457,STU_03458,3.9,1.1,0.9,7.0,4.0,76.0
3458,STU_03459,4.5,3.3,1.0,9.1,4.010084804033921,81.0
3459,STU_03460,2.7,0.7,1.3,6.5,5.0,65.0
3460,STU_03461,7.0,3.6,1.8,4.9,6.0,99.0
3461,STU_03462,7.3,0.9,1.5,8.7,4.010084804033921,97.0
3462,STU_03463,4.7,2.1,1.1,6.4,4.0,81.0
3463,STU_03464,6.0,4.0,1.2,6.7,4.0,94.0
3464,STU_03465,4.8,3.6,1.5,5.3,4.010084804033921,74.0
3465,STU_03466,2.5,0.1,1.7,7.6,3.0,67.0
3466,STU_03467,3.9,0.3,0.0,6.5,5.0,74.0
3467,STU_03468,4.7,1.0,0.3,7.6,4.0,76.0
3468,STU_03469,3.8,0.8,2.1,6.9,4.0,71.0
3469,STU_03470,4.2,1.5,1.2,7.5,4.0,82.0
3470,STU_03471,4.4,4.3,0.9,1.216581632653061,6.0,89.0
3471,STU_03472,4.4,0.2,1.0,8.0,4.0,79.0
3472,STU_03473,4.6,0.9,1.0,8.0,2.0,76.0
3473,STU_03474,2.9,0.3,1.6,7.5,6.0,74.0
3474,STU_03475,3.4,3.4,1.2165816326530612,6.5,4.0,78.0
3475,STU_03476,2.6,5.0,1.2,6.7,6.0,74.0
3476,STU_03477,6.0,1.0,1.4,7.3,4.0,95.0
3477,stu_03478 ,1.3,0.2,1.5,7.6,3.0,55.0
3478,STU_03479,6.2,2.3,1.4,7.4,6.0,94.0
3479,STU_03480,6.6,1.8,1.6,6.1,6.0,89.0
3480,STU_03481,4.0,0.7,0.7,9.1,2.0,73.0
3481,STU_03482,0.6,3.3,0.4,6.7,6.0,69.0
3482,STU_03483,4.0,5.6,3.0,5.8,4.010084804033921,76.0
3483,STU_03484,4.4,1.2,1.0,7.4,3.0,86.0
3484,STU_03485,3.0,1.3,1.1,8.1,3.0,72.0
3485,STU_03486,3.7,0.5,1.7,7.8,3.0,75.0
3486,STU_03487,6.8,1.3,2.5,7.1,3.0,90.0
3487,STU_03488,5.5,0.9,0.8,9.0,3.0,88.0
3488,STU_03489,3.1,0.5,0.4,4.6,6.0,70.0
3489,STU_03490,2.1,0.1,1.2165816326530612,9.2,4.010084804033921,63.0
3490,STU_03491,4.0,0.4,2.5,8.3,2.0,74.0
3491,STU_03492,4.2,0.3,0.4,6.0,5.0,75.0
3492,STU_03493,5.2,1.2,1.2,8.3,4.0,83.0
3493,STU_03494,3.7,1.4,0.4,8.6,3.0,75.0
3494,STU_03495,5.3,1.4,0.0,8.1,3.0,84.0
3495,STU_03496,7.4,0.7,1.0,6.0,4.0,89.0
3496,STU_03497,5.7,0.8,1.2165816326530612,8.3,2.0,88.0
3497,stu_03498 ,4.4,2.7,0.6,8.1,3.0,80.0
3498,STU_03499,4.2,1.0,2.8,6.6,5.0,64.0
3499,STU_03500,4.0,6.0,1.5,6.3,7.0,76.0
3500,STU_03501,6.3,0.9,1.9,7.0,3.0,87.0
3501,STU_03502,3.6,1.6,1.9,8.0,4.0,79.0
3502,stu_03503 ,4.6,0.1,1.1,7.4,2.0,80.0
3503,STU_03504,4.6,1.6,0.8,6.8,3.0,77.0
3504,STU_03505,3.7,2.9,1.4,6.8,4.0,76.0
3505,STU_03506,2.4,4.3,1.3,5.1,4.010084804033921,67.0
3506,STU_03507,5.0,6.0,0.7,5.9,4.010084804033921,78.0
3507,STU_03508,4.4,0.5,1.3,1.216581632653061,4.010084804033921,73.0
3508,STU_03509,5.3,1.3,0.6,8.4,3.0,87.0
3509,STU_03510,3.7,0.9,1.1,7.8,3.0,78.0
3510,STU_03511,6.3,1.2,0.9,6.0,4.0,87.0
3511,STU_03512,3.2,0.3,0.2,9.2,4.010084804033921,71.0
3512,STU_03513,7.1,2.9,0.0,8.6,2.0,97.0
3513,STU_03514,1.9,3.6,0.4,6.9,5.0,64.0
3514,STU_03515,5.2,0.9,2.6,6.5,4.0,87.0
3515,STU_03516,5.2,0.5,1.0,7.1,3.0,79.0
3516,STU_03517,3.3,0.2,1.8,1.216581632653061,3.0,73.0
3517,STU_03518,5.1,1.7,0.0,7.8,4.0,84.0
3518,STU_03519,6.4,0.6,0.4,7.4,3.0,89.0
3519,STU_03520,1.2,3.6,0.1,6.0,7.0,60.0
3520,STU_03521,5.3,1.7,1.0,8.3,2.0,80.0
3521,STU_03522,0.8,1.6,3.0,7.2,4.0,56.0
3522,STU_03523,3.1,1.2,1.6,6.3,5.0,68.0
3523,STU_03524,6.9,0.1,2.6,7.8,4.0,92.0
3524,STU_03525,3.6,4.0,1.0,6.8,4.0,73.0
3525,STU_03526,2.7,1.5,2.3,6.4,4.0,68.0
3526,STU_03527,4.2,6.0,2.9,6.8,4.010084804033921,78.0
3527,STU_03528,7.6,1.2,1.1,7.6,5.0,95.0
3528,STU_03529,1.8,1.9,0.8,7.1,4.0,66.0
3529,STU_03530,2.9,0.1,0.1,7.9,4.010084804033921,71.0
3530,STU_03531,6.7,1.5,1.0,7.8,2.0,88.0
3531,STU_03532,7.3,2.2,1.3,7.0,5.0,94.0
3532,STU_03533,4.3,2.3,2.8,6.7,6.0,74.0
3533,STU_03534,2.6,2.2,0.2,8.4,3.0,71.0
3534,STU_03535,7.6,0.4,1.2,6.2,3.0,97.0
3535,STU_03536,6.9,5.6,0.0,5.1,4.010084804033921,77.0
3536,STU_03537,5.5,6.0,0.9,6.8,6.0,90.0
3537,STU_03538,3.3,0.1,1.4,10.0,4.010084804033921,71.0
3538,STU_03539,4.4,4.1,1.6,7.3,3.0,83.0
3539,STU_03540,4.3,0.5,1.7,9.4,3.0,81.0
3540,STU_03541,5.0,1.8,1.5,6.7,4.0,78.0
3541,STU_03542,6.7,0.6,1.7,6.8,5.0,91.0
3542,STU_03543,5.8,5.2,1.2,6.7,7.0,89.0
3543,STU_03544,2.9,0.2,0.4,8.8,4.010084804033921,68.0
3544,STU_03545,6.6,1.0,0.0,6.4,4.0,90.0
3545,STU_03546,5.0,0.8,0.8,7.4,5.0,82.0
3546,STU_03547,5.5,0.6,1.2165816326530612,1.216581632653061,2.0,82.0
3547,STU_03548,6.7,1.6,2.2,6.4,7.0,96.0
3548,STU_03549,2.8,0.2,1.1,7.2,4.0,64.0
3549,STU_03550,4.4,1.9,1.0,8.1,5.0,75.0
3550,STU_03551,3.7,5.9,1.5,6.4,7.0,82.0
3551,STU_03552,2.1,2.4,1.0,7.9,4.0,74.0
3552,STU_03553,5.0,2.9,1.2165816326530612,7.1,7.0,78.0
3553,STU_03554,8.3,0.7,2.8,6.4,6.0,96.0
3554,STU_03555,1.7,0.6,3.0,7.7,3.0,62.0
3555,STU_03556,4.5,1.1,1.3,6.5,5.0,83.0
3556,STU_03557,5.5,0.1,1.5,7.4,3.0,84.0
3557,STU_03558,4.7,4.4,2.5,5.2,4.010084804033921,74.0
3558,STU_03559,4.3,0.2,1.1,7.1,5.0,78.0
3559,STU_03560,2.6,3.5,1.7,6.7,5.0,73.0
3560,STU_03561,4.8,0.1,0.3,7.4,2.0,77.0
3561,STU_03562,3.4,2.6,1.0,6.1,4.0,77.0
3562,STU_03563,1.2,0.2,2.1,8.6,2.0,58.0
3563,STU_03564,6.3,0.1,1.2165816326530612,7.7,2.0,81.0
3564,STU_03565,5.9,1.9,1.1,6.7,3.0,88.0
3565,STU_03566,4.6,0.5,0.0,6.8,2.0,76.0
3566,STU_03567,4.8,1.9,2.8,5.0,4.010084804033921,79.0
3567,STU_03568,6.1,1.2,2.2,7.0,4.0,83.0
3568,STU_03569,4.8,0.2,1.4,6.3,4.0,77.0
3569,STU_03570,5.9,4.0,1.6,7.2,4.0,92.0
3570,STU_03571,4.1,0.9,1.5,7.5,3.0,85.0
3571,STU_03572,6.5,2.0,2.3,8.5,3.0,100.0
3572,STU_03573,5.0,1.0,0.8,7.8,3.0,81.0
3573,STU_03574,4.8,1.4,1.8,6.5,3.0,82.0
3574,STU_03575,2.6,0.5,2.1,5.5,6.0,69.0
3575,STU_03576,4.9,0.3,2.2,8.3,3.0,76.0
3576,STU_03577,3.3,1.2,0.0,6.3,4.0,71.0
3577,STU_03578,3.5,0.9,0.7,7.2,4.0,78.0
3578,STU_03579,3.3,0.7,0.4,9.4,2.0,71.0
3579,STU_03580,2.9,1.7,1.3,7.8,3.0,78.0
3580,STU_03581,7.7,1.8,0.0,7.9,4.0,97.0
3581,STU_03582,6.5,0.1,0.0,8.9,2.0,89.0
3582,STU_03583,7.4,0.6,2.9,8.1,3.0,95.0
3583,STU_03584,2.7,0.8,1.7,9.0,3.0,62.0
3584,STU_03585,4.6,0.2,1.3,7.1,4.0,82.0
3585,STU_03586,2.6,0.4,1.5,7.2,4.0,65.0
3586,STU_03587,3.5,0.1,1.3,6.8,5.0,72.0
3587,STU_03588,3.1,6.0,2.0,5.8,4.010084804033921,67.0
3588,STU_03589,6.4,2.0,0.7,7.1,4.0,98.0
3589,STU_03590,3.9,0.1,1.3,5.9,5.0,79.0
3590,STU_03591,6.1,0.0,1.4,7.1,3.0,87.0
3591,STU_03592,5.4,1.9,0.4,8.8,3.0,80.0
3592,STU_03593,8.0,0.9,2.2,7.5,3.0,100.0
3593,STU_03594,2.3,2.3,0.8,7.9,4.010084804033921,71.0
3594,STU_03595,6.4,3.9,2.0,6.3,7.0,90.0
3595,STU_03596,6.2,1.4,1.3,5.4,4.0,89.0
3596,STU_03597,3.0,0.3,2.5,1.216581632653061,3.0,69.0
3597,STU_03598,6.0,2.3,0.4,8.3,4.0,94.0
3598,STU_03599,5.0,4.7,0.3,5.3,4.010084804033921,78.0
3599,STU_03600,4.2,1.3,0.5,8.3,4.0,81.0
3600,STU_03601,3.3,1.7,1.3,5.5,4.0,69.0
3601,STU_03602,3.4,0.6,2.4,7.3,4.0,67.0
3602,STU_03603,7.6,0.7,2.5,7.8,3.0,100.0
3603,STU_03604,4.5,2.0,0.0,7.1,5.0,75.0
3604,STU_03605,5.7,3.9,1.4,9.0,5.0,87.0
3605,STU_03606,3.3,1.5,0.0,7.1,2.0,75.0
3606,STU_03607,3.3,2.3,1.8,6.4,5.0,71.0
3607,STU_03608,6.1,0.3,2.1,7.7,4.0,85.0
3608,STU_03609,2.5,0.4,1.2,6.9,3.0,65.0
3609,STU_03610,3.9,1.1,1.3,6.0,7.0,66.0
3610,STU_03611,4.6,0.3,1.3,6.6,4.0,82.0
3611,STU_03612,4.7,1.5,0.6,8.2,2.0,81.0
3612,STU_03613,4.2,0.5,1.5,7.2,2.0,73.0
3613,STU_03614,5.1,2.4,1.0,8.8,3.0,77.0
3614,STU_03615,5.5,2.5,1.9,6.4,2.0,81.0
3615,STU_03616,5.6,0.9,1.1,8.2,2.0,79.0
3616,STU_03617,3.0,0.3,0.5,8.3,3.0,69.0
3617,STU_03618,4.1,1.6,0.0,7.1,2.0,78.0
3618,STU_03619,6.3,6.0,0.0,5.3,6.0,99.0
3619,STU_03620,5.8,1.5,2.3,5.4,7.0,90.0
3620,STU_03621,2.4,0.1,0.8,8.4,3.0,67.0
3621,STU_03622,5.0,0.0,1.5,8.9,4.010084804033921,86.0
3622,STU_03623,1.5,0.6,2.6,5.7,7.0,65.0
3623,STU_03624,4.6,0.3,0.7,7.4,3.0,82.0
3624,STU_03625,7.3,2.5,0.7,6.4,6.0,99.0
3625,STU_03626,3.1,2.8,1.1,7.5,3.0,76.0
3626,STU_03627,3.2,0.4,1.2,1.216581632653061,5.0,69.0
3627,STU_03628,5.6,0.6,2.7,8.6,2.0,84.0
3628,STU_03629,2.2,0.4,2.5,7.0,4.0,71.0
3629,STU_03630,3.6,3.6,1.7,5.3,7.0,74.0
3630,STU_03631,5.4,1.0,2.4,6.7,4.0,81.0
3631,STU_03632,3.5,1.6,1.1,6.9,3.0,72.0
3632,STU_03633,4.1,0.8,1.4,8.0,3.0,74.0
3633,STU_03634,5.6,1.5,1.0,7.0,4.0,84.0
3634,STU_03635,5.1,0.7,0.2,8.2,4.010084804033921,83.0
3635,STU_03636,4.9,0.6,2.2,6.6,6.0,81.0
3636,STU_03637,4.0,1.5,1.6,6.9,7.0,80.0
3637,STU_03638,5.1,1.3,1.2,6.6,4.0,91.0
3638,STU_03639,4.3,0.5,1.2,6.8,4.0,75.0
3639,STU_03640,5.2,0.2,0.0,1.216581632653061,4.010084804033921,81.0
3640,STU_03641,3.8,0.7,0.4,7.0,6.0,66.0
3641,STU_03642,4.2,0.8,1.5,7.1,4.0,71.0
3642,STU_03643,3.0,1.5,0.8,8.4,3.0,70.0
3643,STU_03644,4.4,3.7,1.0,7.4,6.0,84.0
3644,STU_03645,3.3,0.1,1.1,9.4,4.010084804033921,72.0
3645,STU_03646,2.8,0.4,0.7,8.2,2.0,70.0
3646,STU_03647,4.9,0.3,0.4,7.2,5.0,85.0
3647,STU_03648,4.8,1.0,0.0,9.7,2.0,87.0
3648,STU_03649,5.7,0.8,1.2165816326530612,8.1,2.0,84.0
3649,STU_03650,3.9,2.0,1.7,6.9,4.0,73.0
3650,STU_03651,5.1,0.4,0.0,1.216581632653061,2.0,84.0
3651,STU_03652,5.3,1.4,1.2,7.5,5.0,88.0
3652,STU_03653,5.2,3.2,1.4,6.5,7.0,86.0
3653,STU_03654,3.3,3.6,0.4,5.5,4.010084804033921,58.0
3654,STU_03655,4.7,4.8,2.3,7.7,5.0,84.0
3655,STU_03656,5.0,2.2,0.9,1.216581632653061,4.0,83.0
3656,STU_03657,4.5,3.5,1.1,6.9,5.0,85.0
3657,STU_03658,1.4,0.4,1.1,9.7,4.010084804033921,56.0
3658,STU_03659,4.7,0.3,0.0,7.2,4.0,76.0
3659,STU_03660,7.8,0.0,2.0,8.3,2.0,99.0
3660,STU_03661,4.0,1.8,0.4,6.6,6.0,73.0
3661,STU_03662,3.4,4.2,1.0,6.9,5.0,77.0
3662,STU_03663,5.1,0.3,1.7,7.8,4.0,81.0
3663,STU_03664,5.0,1.5,2.4,7.9,3.0,82.0
3664,STU_03665,6.3,2.1,0.3,8.5,4.010084804033921,88.0
3665,STU_03666,2.6,3.9,0.8,6.1,5.0,79.0
3666,STU_03667,5.6,1.6,2.3,8.5,3.0,88.0
3667,STU_03668,5.4,5.3,1.6,7.6,7.0,88.0
3668,STU_03669,4.3,0.6,1.7,7.2,3.0,78.0
3669,STU_03670,5.0,0.6,0.4,7.7,3.0,88.0
3670,STU_03671,6.0,1.2,0.9,7.0,4.0,88.0
3671,STU_03672,5.8,0.7,1.1,7.3,3.0,92.0
3672,STU_03673,2.8,0.0,0.5,6.7,3.0,62.0
3673,STU_03674,5.7,2.0,0.0,8.2,3.0,84.0
3674,STU_03675,4.4,2.1,0.8,5.2,6.0,71.0
3675,STU_03676,4.6,2.1,2.3,6.2,4.0,89.0
3676,STU_03677,4.6,0.6,1.2,7.5,3.0,72.0
3677,STU_03678,4.3,1.1,2.3,8.5,3.0,78.0
3678,STU_03679,6.3,0.7,1.3,7.0,4.0,96.0
3679,STU_03680,4.4,0.0,0.6,8.3,3.0,80.0
3680,STU_03681,2.8,1.2,2.2,7.1,5.0,70.0
3681,STU_03682,3.9,0.2,1.4,8.6,4.010084804033921,79.0
3682,STU_03683,4.8,0.1,2.0,7.9,2.0,76.0
3683,STU_03684,6.3,2.1,0.3,8.1,2.0,93.0
3684,STU_03685,5.4,0.0,2.0,7.0,3.0,82.0
3685,STU_03686,3.2,4.8,2.1,5.1,7.0,76.0
3686,STU_03687,8.2,1.1,1.4,7.8,3.0,100.0
3687,STU_03688,4.9,6.0,0.6,5.6,7.0,93.0
3688,STU_03689,6.4,0.1,1.2,7.8,3.0,95.0
3689,STU_03690,4.3,1.3,1.7,7.6,3.0,77.0
3690,STU_03691,5.3,0.6,1.4,8.8,4.010084804033921,78.0
3691,STU_03692,5.8,2.8,1.7,7.6,5.0,85.0
3692,STU_03693,6.3,0.7,2.0,6.7,5.0,97.0
3693,STU_03694,6.1,0.5,0.7,6.6,4.0,93.0
3694,STU_03695,5.8,2.9,0.3,8.8,4.0,85.0
3695,STU_03696,4.0,0.7,1.2,6.0,6.0,82.0
3696,STU_03697,3.6,0.0,0.9,7.4,5.0,69.0
3697,STU_03698,5.0,0.7,1.8,8.1,4.0,84.0
3698,STU_03699,5.9,1.6,0.3,9.1,4.0,85.0
3699,STU_03700,4.2,0.4,2.0,7.3,4.0,84.0
3700,STU_03701,6.1,0.8,2.3,7.3,5.0,86.0
3701,STU_03702,6.7,0.1,1.2,6.9,5.0,86.0
3702,STU_03703,3.1,1.3,1.2,7.5,3.0,69.0
3703,STU_03704,3.2,2.1,0.6,6.1,4.0,83.0
3704,STU_03705,4.3,0.8,0.8,6.9,3.0,78.0
3705,STU_03706,5.0,0.8,0.9,8.3,3.0,77.0
3706,STU_03707,3.7,0.1,2.4,7.1,3.0,69.0
3707,STU_03708,6.5,0.3,1.1,8.6,4.010084804033921,83.0
3708,STU_03709,5.1,0.3,0.1,7.7,4.0,83.0
3709,STU_03710,4.6,1.0,1.4,6.1,6.0,74.0
3710,STU_03711,2.3,1.1,1.9,8.5,4.010084804033921,70.0
3711,STU_03712,2.5,4.5,1.2,5.1,6.0,75.0
3712,STU_03713,4.9,0.1,2.4,6.9,6.0,79.0
3713,STU_03714,1.3,1.4,1.8,7.0,5.0,65.0
3714,STU_03715,6.0,1.1,0.4,8.6,4.010084804033921,91.0
3715,STU_03716,4.3,1.1,0.8,7.0,2.0,78.0
3716,STU_03717,9.4,3.1,1.4,5.9,5.0,100.0
3717,STU_03718,8.0,0.3,0.0,8.1,3.0,100.0
3718,STU_03719,4.2,0.1,1.5,7.5,5.0,77.0
3719,STU_03720,4.3,1.7,0.0,7.0,6.0,81.0
3720,STU_03721,6.0,0.6,2.0,7.6,2.0,87.0
3721,STU_03722,7.1,0.0,1.9,6.4,4.0,94.0
3722,STU_03723,2.0,0.4,1.6,5.8,4.0,64.0
3723,STU_03724,1.8,0.6,0.7,9.8,4.010084804033921,67.0
3724,STU_03725,3.6,1.4,1.3,7.4,2.0,68.0
3725,STU_03726,5.4,0.3,0.8,7.9,2.0,79.0
3726,STU_03727,5.2,0.8,0.4,6.9,3.0,83.0
3727,STU_03728,6.1,1.0,0.9,8.4,3.0,85.0
3728,STU_03729,2.7,0.9,1.8,6.8,4.0,68.0
3729,STU_03730,1.0,5.5,1.2,3.3,4.010084804033921,44.0
3730,STU_03731,5.8,0.1,2.4,6.9,4.0,81.0
3731,STU_03732,3.3,4.5,1.8,6.0,4.010084804033921,77.0
3732,STU_03733,1.5,1.3,1.7,7.1,6.0,60.0
3733,STU_03734,4.7,2.4,0.0,7.1,5.0,77.0
3734,STU_03735,5.7,0.8,1.0,6.9,4.0,85.0
3735,STU_03736,4.3,0.9,0.3,6.9,5.0,81.0
3736,STU_03737,3.8,3.2,1.1,6.5,7.0,82.0
3737,STU_03738,4.3,3.4,0.6,5.2,4.010084804033921,67.0
3738,STU_03739,3.9,0.4,0.9,5.7,3.0,71.0
3739,STU_03740,2.5,0.3,2.0,7.6,4.0,66.0
3740,STU_03741,3.4,1.0,1.6,1.216581632653061,4.0,72.0
3741,STU_03742,5.3,3.5,2.0,7.4,4.0,80.0
3742,STU_03743,5.0,0.6,0.0,7.6,2.0,75.0
3743,STU_03744,4.8,1.6,1.2,6.1,6.0,77.0
3744,STU_03745,3.0,1.8,2.0,5.1,4.0,64.0
3745,STU_03746,4.2,2.3,2.4,6.0,6.0,77.0
3746,STU_03747,1.2,1.2,0.0,8.0,2.0,64.0
3747,STU_03748,4.8,0.8,0.9,9.0,4.010084804033921,77.0
3748,STU_03749,6.6,5.1,2.0,6.1,7.0,100.0
3749,STU_03750,2.3,1.4,1.0,6.2,3.0,66.0
3750,STU_03751,3.6,2.0,0.5,1.216581632653061,6.0,74.0
3751,STU_03752,5.0,0.6,0.0,7.0,4.010084804033921,74.0
3752,STU_03753,6.4,1.7,0.4,7.0,4.0,95.0
3753,STU_03754,3.8,0.4,0.0,9.0,4.010084804033921,74.0
3754,STU_03755,3.5,0.4,1.2,8.8,4.0,65.0
3755,STU_03756,1.5,1.9,1.9,6.9,5.0,64.0
3756,STU_03757,4.7,1.1,0.2,7.8,4.010084804033921,77.0
3757,STU_03758,7.6,1.7,1.4,6.4,5.0,98.0
3758,STU_03759,4.9,0.5,1.9,5.8,4.0,81.0
3759,stu_03760 ,4.5,1.4,1.2165816326530612,9.1,3.0,84.0
3760,STU_03761,5.0,0.9,0.0,5.4,6.0,77.0
3761,STU_03762,4.5,1.4,1.5,5.5,7.0,81.0
3762,STU_03763,3.3,0.5,1.2,9.4,4.010084804033921,76.0
3763,STU_03764,5.7,1.9,1.1,7.2,5.0,97.0
3764,STU_03765,4.8,2.5,0.8,6.0,6.0,87.0
3765,STU_03766,4.5,0.5,1.3,8.3,2.0,79.0
3766,STU_03767,3.0,0.5,1.6,1.216581632653061,4.0,70.0
3767,STU_03768,6.5,1.6,3.0,5.6,5.0,97.0
3768,STU_03769,5.5,1.8,1.3,6.7,5.0,85.0
3769,STU_03770,3.7,1.8,2.4,7.8,3.0,78.0
3770,STU_03771,6.0,1.7,1.5,6.4,6.0,97.0
3771,STU_03772,3.8,0.7,1.1,7.8,2.0,73.0
3772,STU_03773,3.3,0.8,1.3,1.216581632653061,4.010084804033921,63.0
3773,STU_03774,3.4,0.4,0.2,5.4,5.0,67.0
3774,STU_03775,1.8,0.3,1.4,7.3,5.0,63.0
3775,STU_03776,5.2,1.8,0.0,7.7,3.0,81.0
3776,STU_03777,1.8,0.1,0.5,6.1,4.0,59.0
3777,STU_03778,2.7,4.2,1.3,6.0,5.0,71.0
3778,STU_03779,1.4,2.6,2.2,7.8,3.0,65.0
3779,STU_03780,4.4,2.9,2.3,5.9,7.0,77.0
3780,STU_03781,4.3,3.6,1.0,5.2,7.0,79.0
3781,STU_03782,4.0,0.8,1.3,8.6,2.0,81.0
3782,STU_03783,2.9,2.8,2.0,7.2,7.0,70.0
3783,STU_03784,2.7,0.3,0.1,7.8,4.010084804033921,70.0
3784,STU_03785,5.2,0.0,1.5,7.6,5.0,81.0
3785,STU_03786,3.7,2.3,0.5,8.2,4.0,75.0
3786,STU_03787,5.0,0.1,1.1,8.0,2.0,83.0
3787,STU_03788,3.2,6.0,0.8,6.7,7.0,71.0
3788,STU_03789,4.8,1.7,1.5,6.5,4.0,83.0
3789,STU_03790,6.5,2.1,1.6,5.1,7.0,94.0
3790,STU_03791,5.4,0.4,1.9,8.1,5.0,86.0
3791,STU_03792,3.9,1.7,1.5,8.3,2.0,74.0
3792,STU_03793,4.9,0.1,1.3,7.5,3.0,79.0
3793,STU_03794,4.1,2.7,2.7,7.5,4.0,69.0
3794,STU_03795,4.5,0.3,0.0,7.6,2.0,75.0
3795,STU_03796,4.0,1.8,2.6,6.9,4.0,77.0
3796,STU_03797,4.3,0.4,1.0,9.4,4.010084804033921,82.0
3797,STU_03798,4.8,0.1,1.7,7.3,3.0,86.0
3798,STU_03799,3.0,1.0,0.9,7.2,4.0,68.0
3799,STU_03800,3.0,0.3,0.6,5.9,4.0,72.0
3800,STU_03801,2.4,2.0,1.6,7.8,4.010084804033921,67.0
3801,STU_03802,2.1,0.4,2.0,6.8,4.0,57.0
3802,STU_03803,2.7,0.6,1.6,7.6,3.0,69.0
3803,STU_03804,4.7,1.3,0.8,7.2,6.0,88.0
3804,STU_03805,3.2,0.5,3.0,6.8,4.0,68.0
3805,STU_03806,5.3,0.7,2.2,7.2,5.0,79.0
3806,STU_03807,4.6,2.5,1.9,6.8,5.0,81.0
3807,STU_03808,1.5,0.3,0.9,8.9,3.0,59.0
3808,STU_03809,5.5,0.1,0.7,9.3,4.010084804033921,94.0
3809,STU_03810,5.7,0.6,1.0,8.3,3.0,89.0
3810,STU_03811,3.0,0.8,2.1,8.6,3.0,70.0
3811,STU_03812,5.1,1.2,0.4,8.4,3.0,71.0
3812,STU_03813,3.2,0.7,0.3,8.2,4.0,70.0
3813,STU_03814,4.6,2.3,1.6,8.4,3.0,89.0
3814,STU_03815,2.6,0.1,1.5,6.4,5.0,66.0
3815,STU_03816,1.8,0.8,0.6,6.9,5.0,65.0
3816,STU_03817,3.9,0.7,0.3,6.9,4.0,76.0
3817,STU_03818,4.3,1.6,2.4,6.8,7.0,76.0
3818,STU_03819,3.9,5.1,1.5,6.9,6.0,88.0
3819,STU_03820,2.7,1.1,0.1,6.5,4.0,69.0
3820,STU_03821,3.9,6.0,0.2,6.7,6.0,80.0
3821,STU_03822,4.9,0.5,0.9,1.216581632653061,2.0,80.0
3822,STU_03823,4.4,0.0,1.8,7.3,4.0,82.0
3823,STU_03824,4.8,0.3,1.7,7.8,3.0,73.0
3824,stu_03825 ,3.5,0.8,2.1,9.0,2.0,73.0
3825,STU_03826,6.3,0.6,0.0,7.1,5.0,89.0
3826,STU_03827,2.7,0.2,1.4,7.6,2.0,60.0
3827,STU_03828,5.2,0.9,2.3,6.2,3.0,86.0
3828,STU_03829,6.3,0.6,2.3,6.6,6.0,90.0
3829,STU_03830,5.2,0.2,1.5,6.6,5.0,85.0
3830,STU_03831,4.2,0.5,3.0,7.5,4.0,81.0
3831,STU_03832,3.7,3.3,1.7,7.1,5.0,77.0
3832,STU_03833,6.1,0.5,2.0,8.1,3.0,85.0
3833,STU_03834,2.4,1.9,1.2,6.4,4.0,61.0
3834,STU_03835,3.0,1.4,0.6,8.0,3.0,68.0
3835,STU_03836,3.9,0.8,0.5,7.8,2.0,75.0
3836,STU_03837,6.4,0.4,1.3,7.6,3.0,85.0
3837,STU_03838,5.1,0.7,1.0,6.3,5.0,84.0
3838,STU_03839,3.0,1.3,0.0,7.7,2.0,67.0
3839,STU_03840,4.0,0.6,0.4,7.9,3.0,68.0
3840,STU_03841,3.6,0.4,0.9,7.8,3.0,70.0
3841,STU_03842,3.4,0.2,1.8,8.0,3.0,72.0
3842,STU_03843,6.0,3.2,1.2165816326530612,7.5,4.0,86.0
3843,STU_03844,2.4,0.9,1.1,6.4,5.0,62.0
3844,STU_03845,6.9,1.5,0.4,7.3,3.0,91.0
3845,STU_03846,5.7,1.0,1.2,8.0,4.010084804033921,84.0
3846,STU_03847,6.1,3.1,2.3,6.4,4.0,93.0
3847,STU_03848,3.8,1.2,1.3,8.3,2.0,77.0
3848,STU_03849,4.3,1.0,0.0,7.8,4.010084804033921,75.0
3849,STU_03850,2.4,3.9,0.2,1.216581632653061,4.010084804033921,50.0
3850,STU_03851,3.7,1.9,1.7,7.9,3.0,76.0
3851,STU_03852,5.2,0.2,1.0,7.6,4.0,84.0
3852,STU_03853,6.4,0.3,1.1,5.9,5.0,96.0
3853,STU_03854,2.8,2.3,0.7,6.9,4.0,75.0
3854,STU_03855,4.0,2.7,1.6,5.6,4.010084804033921,49.0
3855,STU_03856,4.3,1.2,1.0,8.2,6.0,77.0
3856,STU_03857,2.4,1.2,1.1,7.4,5.0,68.0
3857,STU_03858,5.4,1.5,1.2165816326530612,6.5,3.0,81.0
3858,STU_03859,3.4,0.9,1.9,8.2,4.0,70.0
3859,STU_03860,4.2,1.7,1.0,7.7,2.0,81.0
3860,STU_03861,3.8,0.2,1.7,7.4,5.0,74.0
3861,STU_03862,3.3,4.9,0.2,5.2,5.0,77.0
3862,STU_03863,4.5,2.1,2.6,6.0,5.0,77.0
3863,STU_03864,4.2,1.5,2.2,6.2,6.0,72.0
3864,STU_03865,3.9,0.6,0.0,8.6,2.0,73.0
3865,STU_03866,3.4,0.3,0.6,6.1,3.0,70.0
3866,STU_03867,5.0,0.8,1.6,7.4,4.0,75.0
3867,STU_03868,7.0,1.6,0.1,1.216581632653061,4.0,95.0
3868,STU_03869,4.7,1.5,1.1,8.4,3.0,82.0
3869,STU_03870,6.0,0.7,1.5,7.7,3.0,84.0
3870,STU_03871,2.4,1.4,1.1,7.9,4.0,68.0
3871,STU_03872,4.7,2.5,1.6,6.4,7.0,83.0
3872,STU_03873,2.9,0.0,0.6,6.6,3.0,66.0
3873,STU_03874,2.3,0.9,0.0,7.4,5.0,63.0
3874,STU_03875,3.4,2.1,2.0,7.7,4.0,72.0
3875,STU_03876,6.3,1.2,2.0,8.0,3.0,86.0
3876,STU_03877,5.9,1.6,3.0,6.5,7.0,89.0
3877,stu_03878 ,4.9,1.1,0.0,6.8,5.0,77.0
3878,STU_03879,2.2,6.0,1.8,1.216581632653061,4.010084804033921,61.0
3879,STU_03880,4.2,0.1,0.0,7.8,4.010084804033921,77.0
3880,STU_03881,5.0,1.0,2.6,7.3,6.0,80.0
3881,STU_03882,4.8,0.1,1.6,9.1,4.010084804033921,79.0
3882,STU_03883,1.7,0.3,0.4,8.0,2.0,54.0
3883,STU_03884,3.2,0.7,1.2165816326530612,8.0,3.0,68.0
3884,STU_03885,4.4,0.3,0.8,7.0,5.0,84.0
3885,STU_03886,5.3,5.0,1.4,6.3,4.010084804033921,66.0
3886,STU_03887,1.2,4.4,1.4,6.5,6.0,71.0
3887,STU_03888,4.3,0.6,2.6,7.2,6.0,78.0
3888,STU_03889,4.7,1.5,2.7,7.0,4.0,78.0
3889,STU_03890,5.8,1.1,0.7,7.6,3.0,86.0
3890,STU_03891,5.5,2.5,2.0,7.3,5.0,92.0
3891,STU_03892,5.4,1.5,1.5,8.4,2.0,75.0
3892,STU_03893,3.3,0.0,0.1,5.7,5.0,75.0
3893,STU_03894,1.6,2.2,0.6,8.3,2.0,64.0
3894,STU_03895,3.9,2.1,3.0,5.1,5.0,81.0
3895,STU_03896,6.0,1.1,1.5,7.7,2.0,81.0
3896,STU_03897,6.6,3.5,2.0,8.9,3.0,94.0
3897,STU_03898,5.6,3.6,1.0,6.7,6.0,79.0
3898,STU_03899,5.1,1.1,0.8,7.7,2.0,87.0
3899,STU_03900,5.1,1.4,1.2,7.0,4.0,79.0
3900,STU_03901,3.7,6.0,1.0,6.7,7.0,77.0
3901,STU_03902,4.3,0.5,0.0,8.2,2.0,69.0
3902,STU_03903,7.0,0.6,0.4,7.1,2.0,95.0
3903,stu_03904 ,3.1,0.3,1.8,7.4,3.0,69.0
3904,STU_03905,6.9,3.4,0.9,5.7,6.0,94.0
3905,STU_03906,4.0,2.0,1.2,7.0,5.0,78.0
3906,STU_03907,6.5,0.2,1.4,7.3,2.0,86.0
3907,STU_03908,2.4,6.0,1.5,6.0,4.010084804033921,58.0
3908,STU_03909,5.4,2.0,2.1,6.3,4.0,84.0
3909,STU_03910,3.4,2.9,0.3,6.9,4.0,81.0
3910,STU_03911,2.4,0.1,1.7,7.7,2.0,68.0
3911,STU_03912,4.8,1.1,1.8,7.4,3.0,82.0
3912,STU_03913,6.0,1.8,2.0,7.3,4.0,90.0
3913,STU_03914,3.2,1.2,0.1,7.5,3.0,70.0
3914,STU_03915,2.3,1.6,1.4,6.4,6.0,69.0
3915,STU_03916,4.4,2.6,2.6,6.8,6.0,82.0
3916,STU_03917,4.4,0.7,1.1,7.4,4.0,77.0
3917,STU_03918,5.3,2.8,1.6,7.9,5.0,87.0
3918,STU_03919,5.9,0.3,1.8,8.7,2.0,80.0
3919,STU_03920,4.4,0.5,0.4,6.4,5.0,75.0
3920,STU_03921,7.3,0.1,2.7,8.1,2.0,89.0
3921,STU_03922,4.8,0.7,1.6,8.3,5.0,75.0
3922,STU_03923,4.0,0.7,1.6,6.1,4.0,77.0
3923,STU_03924,2.1,2.5,0.0,7.8,2.0,61.0
3924,STU_03925,4.1,1.6,1.8,8.1,2.0,80.0
3925,STU_03926,4.0,0.9,1.6,6.5,3.0,79.0
3926,STU_03927,5.9,1.6,2.5,6.8,3.0,88.0
3927,STU_03928,5.2,0.1,1.0,8.0,3.0,79.0
3928,STU_03929,2.7,0.3,0.4,8.4,3.0,71.0
3929,STU_03930,4.8,1.5,0.7,6.4,5.0,83.0
3930,STU_03931,5.5,1.5,0.8,8.5,4.010084804033921,90.0
3931,STU_03932,6.8,2.2,0.3,1.216581632653061,5.0,90.0
3932,STU_03933,5.8,0.8,2.2,8.6,3.0,85.0
3933,STU_03934,5.6,1.9,2.3,1.216581632653061,4.0,86.0
3934,STU_03935,4.6,1.7,1.0,6.7,4.0,81.0
3935,STU_03936,5.1,5.0,0.9,7.2,4.0,90.0
3936,STU_03937,6.4,0.4,0.0,6.8,3.0,89.0
3937,STU_03938,2.5,1.2,1.8,7.4,3.0,72.0
3938,STU_03939,4.0,1.4,2.5,7.3,4.0,74.0
3939,STU_03940,3.3,6.0,0.7,6.3,7.0,75.0
3940,STU_03941,5.1,0.3,1.1,6.8,3.0,78.0
3941,STU_03942,6.3,1.1,1.5,6.9,4.0,87.0
3942,STU_03943,3.6,0.6,2.6,7.4,4.0,71.0
3943,STU_03944,0.9,1.1,1.4,6.7,3.0,56.0
3944,STU_03945,3.9,0.4,1.4,7.9,5.0,73.0
3945,STU_03946,5.9,0.1,1.3,7.1,3.0,86.0
3946,STU_03947,5.3,1.3,0.1,8.6,3.0,82.0
3947,STU_03948,5.1,0.6,0.0,9.4,4.010084804033921,86.0
3948,STU_03949,4.1,0.3,0.6,7.5,3.0,67.0
3949,STU_03950,2.6,0.6,2.0,8.3,3.0,57.0
3950,STU_03951,5.3,0.1,0.9,7.6,4.0,86.0
3951,STU_03952,3.2,4.5,0.8,5.6,7.0,80.0
3952,STU_03953,7.8,1.3,0.8,7.0,5.0,100.0
3953,STU_03954,5.4,2.5,1.1,1.216581632653061,5.0,88.0
3954,STU_03955,3.6,0.8,2.6,5.5,4.010084804033921,65.0
3955,STU_03956,3.6,3.5,1.1,7.4,3.0,76.0
3956,STU_03957,4.4,1.0,0.6,7.7,3.0,71.0
3957,STU_03958,4.1,1.3,1.2,8.4,4.010084804033921,77.0
3958,STU_03959,6.2,1.0,2.6,7.8,3.0,83.0
3959,STU_03960,4.8,2.0,0.8,7.4,5.0,92.0
3960,STU_03961,3.4,1.3,0.3,7.2,5.0,68.0
3961,STU_03962,7.3,0.5,0.8,9.2,2.0,94.0
3962,STU_03963,4.6,0.2,1.3,9.8,4.010084804033921,84.0
3963,STU_03964,5.7,1.4,1.8,6.9,5.0,85.0
3964,STU_03965,3.6,1.0,2.0,8.3,5.0,72.0
3965,STU_03966,5.0,0.2,0.4,7.2,3.0,70.0
3966,STU_03967,5.0,0.8,0.4,7.1,4.0,76.0
3967,STU_03968,1.7,1.1,0.9,7.1,3.0,64.0
3968,STU_03969,7.5,2.6,1.7,7.5,5.0,100.0
3969,STU_03970,6.4,0.1,0.2,6.9,4.0,85.0
3970,STU_03971,3.9,0.6,0.7,9.2,4.010084804033921,75.0
3971,STU_03972,2.8,2.6,0.7,8.0,4.0,82.0
3972,STU_03973,5.0,1.6,2.0,7.8,4.0,85.0
3973,STU_03974,4.6,0.5,1.6,7.2,4.0,82.0
3974,STU_03975,5.0,2.8,1.9,7.6,4.0,81.0
3975,STU_03976,4.8,1.0,2.3,4.3,4.010084804033921,78.0
3976,STU_03977,5.3,1.0,1.0,7.9,2.0,80.0
3977,STU_03978,6.7,5.6,0.3,6.4,6.0,95.0
3978,STU_03979,5.4,4.4,0.3,4.7,4.010084804033921,87.0
3979,STU_03980,2.9,0.7,0.0,8.2,3.0,66.0
3980,STU_03981,6.5,0.2,0.8,8.4,4.010084804033921,90.0
3981,STU_03982,7.0,0.6,0.9,5.8,5.0,99.0
3982,STU_03983,9.2,0.0,1.8,6.4,4.0,100.0
3983,STU_03984,2.8,0.0,1.2,1.216581632653061,4.010084804033921,66.0
3984,STU_03985,4.9,0.8,0.8,7.4,4.0,78.0
3985,STU_03986,1.4,4.2,1.1,7.5,4.0,63.0
3986,STU_03987,5.3,3.1,0.4,8.1,5.0,87.0
3987,STU_03988,3.7,1.1,2.0,7.7,4.0,79.0
3988,STU_03989,7.4,1.2,0.6,8.5,4.010084804033921,100.0
3989,STU_03990,3.3,0.0,0.3,5.8,4.0,71.0
3990,STU_03991,2.0,0.4,1.9,7.3,5.0,59.0
3991,STU_03992,3.8,0.0,1.7,4.6,6.0,76.0
3992,STU_03993,1.5,2.1,0.0,5.6,4.0,62.0
3993,STU_03994,5.6,0.2,1.9,7.0,3.0,84.0
3994,STU_03995,1.4,3.0,0.6,6.3,6.0,59.0
3995,STU_03996,4.5,1.5,0.9,7.4,4.0,73.0
3996,STU_03997,1.4,0.4,1.3,7.6,3.0,59.0
3997,STU_03998,4.0,0.3,1.7,7.7,3.0,70.0
3998,STU_03999,7.0,1.5,1.6,7.4,5.0,92.0
3999,STU_04000,5.0,3.5,1.2,7.1,5.0,91.0
4000,STU_04001,3.2,1.9,0.9,6.3,4.0,72.0
4001,STU_04002,4.5,0.6,1.5,6.8,6.0,82.0
4002,STU_04003,4.5,1.3,1.1,7.3,4.0,80.0
4003,STU_04004,5.2,0.6,2.6,7.3,3.0,84.0
4004,STU_04005,2.4,6.0,1.7,4.8,4.010084804033921,55.0
4005,STU_04006,5.4,2.1,0.5,8.4,3.0,90.0
4006,STU_04007,0.4,1.4,0.8,8.1,2.0,56.0
4007,STU_04008,3.6,0.8,1.2,6.6,4.0,72.0
4008,STU_04009,3.8,1.4,2.2,6.9,4.0,76.0
4009,STU_04010,5.4,0.6,2.3,9.4,3.0,81.0
4010,STU_04011,4.5,0.0,0.9,8.0,2.0,76.0
4011,STU_04012,2.4,0.8,0.5,8.1,4.010084804033921,65.0
4012,STU_04013,3.0,4.0,0.4,6.1,6.0,72.0
4013,STU_04014,4.8,1.5,1.4,1.216581632653061,4.0,87.0
4014,STU_04015,4.4,0.1,3.0,8.9,4.010084804033921,75.0
4015,STU_04016,3.6,3.2,1.2165816326530612,6.8,5.0,85.0
4016,STU_04017,3.8,0.5,0.0,1.216581632653061,3.0,74.0
4017,STU_04018,5.5,0.4,0.6,7.8,3.0,83.0
4018,STU_04019,3.7,0.5,0.7,10.0,4.010084804033921,71.0
4019,STU_04020,4.4,1.3,0.5,7.5,3.0,80.0
4020,STU_04021,7.8,1.2,0.9,6.6,4.0,100.0
4021,STU_04022,2.4,1.0,1.5,6.7,3.0,56.0
4022,STU_04023,1.7,1.9,1.7,7.9,2.0,63.0
4023,STU_04024,5.7,0.6,2.1,6.0,6.0,77.0
4024,STU_04025,3.5,2.3,1.6,7.4,5.0,78.0
4025,STU_04026,4.0,0.3,0.0,7.2,3.0,79.0
4026,STU_04027,3.3,2.3,0.4,5.4,4.0,74.0
4027,STU_04028,4.1,1.6,1.1,6.3,5.0,78.0
4028,STU_04029,6.9,1.7,1.3,7.2,3.0,88.0
4029,STU_04030,5.7,1.0,1.9,8.7,2.0,84.0
4030,STU_04031,5.8,1.6,1.2,8.2,4.010084804033921,85.0
4031,STU_04032,2.4,0.1,1.2,7.4,3.0,63.0
4032,STU_04033,2.8,2.9,1.4,7.8,4.0,74.0
4033,STU_04034,0.2,0.1,1.0,7.4,4.010084804033921,57.0
4034,STU_04035,3.3,0.2,1.3,6.2,6.0,73.0
4035,STU_04036,5.9,1.3,2.1,7.2,4.0,86.0
4036,STU_04037,5.3,2.0,1.1,1.216581632653061,5.0,82.0
4037,STU_04038,4.2,0.1,1.2,8.5,2.0,76.0
4038,STU_04039,4.5,3.8,1.2,7.4,5.0,84.0
4039,STU_04040,3.5,5.5,2.2,5.0,4.010084804033921,62.0
4040,STU_04041,4.8,1.4,0.3,7.7,2.0,78.0
4041,STU_04042,5.6,1.0,2.6,7.3,4.0,88.0
4042,STU_04043,2.1,2.0,0.3,8.2,4.010084804033921,68.0
4043,STU_04044,4.9,0.6,0.7,6.4,4.0,75.0
4044,STU_04045,5.9,1.0,1.8,7.9,5.0,85.0
4045,STU_04046,3.9,3.7,2.0,5.2,6.0,82.0
4046,STU_04047,5.6,4.7,0.1,7.4,5.0,94.0
4047,STU_04048,8.7,3.9,0.3,7.8,2.0,100.0
4048,STU_04049,4.3,0.5,1.4,6.9,4.0,78.0
4049,STU_04050,5.1,0.4,3.0,8.5,3.0,82.0
4050,STU_04051,3.4,0.5,2.2,5.8,5.0,75.0
4051,STU_04052,4.8,0.9,1.0,1.216581632653061,4.010084804033921,76.0
4052,STU_04053,5.2,0.6,0.0,9.3,4.010084804033921,83.0
4053,STU_04054,4.8,0.7,1.3,7.9,2.0,76.0
4054,STU_04055,3.0,1.5,1.5,7.1,5.0,74.0
4055,STU_04056,4.8,2.2,0.9,7.5,5.0,78.0
4056,STU_04057,6.7,2.0,0.5,6.7,4.0,95.0
4057,STU_04058,5.2,2.5,1.3,9.6,2.0,81.0
4058,STU_04059,5.9,0.0,0.4,7.3,2.0,89.0
4059,STU_04060,4.1,0.1,2.7,8.8,3.0,77.0
4060,STU_04061,5.6,2.3,2.4,6.1,5.0,88.0
4061,STU_04062,4.9,1.1,1.7,8.9,3.0,89.0
4062,STU_04063,3.1,1.3,1.3,9.4,4.010084804033921,68.0
4063,STU_04064,5.0,0.1,0.7,8.2,2.0,84.0
4064,STU_04065,3.0,0.4,1.2,7.9,4.0,73.0
4065,STU_04066,3.6,1.5,2.5,6.1,4.0,77.0
4066,STU_04067,4.8,2.9,1.9,5.7,7.0,80.0
4067,STU_04068,4.9,3.7,1.4,6.9,4.0,84.0
4068,STU_04069,2.7,1.0,1.9,8.8,4.010084804033921,65.0
4069,STU_04070,6.1,1.2,1.6,6.8,4.0,87.0
4070,STU_04071,5.4,2.7,1.5,1.216581632653061,4.0,83.0
4071,STU_04072,3.4,1.2,2.0,6.6,4.0,71.0
4072,STU_04073,2.2,1.1,1.6,7.6,4.0,71.0
4073,STU_04074,4.3,3.5,1.9,6.8,7.0,80.0
4074,STU_04075,3.8,2.3,1.3,6.9,4.0,77.0
4075,STU_04076,4.7,3.6,1.0,4.7,6.0,81.0
4076,STU_04077,4.0,0.4,0.8,7.1,3.0,74.0
4077,STU_04078,1.5,1.1,0.7,7.7,4.0,64.0
4078,STU_04079,3.9,2.8,0.0,7.1,4.0,80.0
4079,STU_04080,4.0,0.2,0.5,8.5,3.0,80.0
4080,STU_04081,5.5,2.4,0.4,8.0,3.0,81.0
4081,STU_04082,3.5,0.3,0.8,7.5,5.0,68.0
4082,STU_04083,7.0,2.5,2.4,5.8,4.010084804033921,86.0
4083,STU_04084,1.6,1.4,1.1,8.9,3.0,68.0
4084,STU_04085,6.5,0.3,1.4,6.3,3.0,90.0
4085,STU_04086,4.2,1.0,1.4,6.8,2.0,71.0
4086,STU_04087,5.8,1.7,2.5,6.1,6.0,92.0
4087,STU_04088,4.6,1.5,0.7,8.1,4.0,80.0
4088,STU_04089,6.2,0.8,1.0,8.9,2.0,92.0
4089,STU_04090,3.9,3.4,1.1,6.6,5.0,85.0
4090,STU_04091,2.9,1.1,2.1,7.5,2.0,65.0
4091,STU_04092,6.6,1.1,2.3,7.7,4.0,98.0
4092,STU_04093,4.3,0.1,1.6,9.5,3.0,76.0
4093,STU_04094,4.8,3.8,2.2,4.6,7.0,83.0
4094,STU_04095,6.4,0.3,1.3,8.4,3.0,89.0
4095,STU_04096,3.0,1.1,1.1,7.8,6.0,65.0
4096,STU_04097,5.4,2.4,2.1,6.5,5.0,86.0
4097,STU_04098,3.6,0.4,1.6,7.9,3.0,71.0
4098,STU_04099,4.3,1.1,0.6,8.3,3.0,74.0
4099,STU_04100,4.6,0.4,2.0,8.1,2.0,76.0
4100,STU_04101,2.2,2.1,1.0,1.216581632653061,3.0,71.0
4101,STU_04102,3.3,1.2,0.9,7.6,3.0,71.0
4102,STU_04103,6.5,2.9,1.9,6.8,5.0,90.0
4103,STU_04104,5.8,3.4,1.1,6.6,4.0,92.0
4104,STU_04105,4.4,1.6,1.5,7.8,3.0,82.0
4105,STU_04106,4.9,1.9,1.7,7.0,3.0,82.0
4106,STU_04107,4.1,1.2,0.6,7.5,4.0,71.0
4107,STU_04108,6.5,0.7,1.5,7.5,2.0,80.0
4108,STU_04109,4.2,1.6,2.3,6.9,6.0,74.0
4109,STU_04110,4.8,3.6,0.4,6.2,5.0,89.0
4110,STU_04111,6.2,0.8,1.6,7.9,5.0,92.0
4111,STU_04112,3.3,0.6,0.5,7.4,4.0,68.0
4112,STU_04113,6.8,0.7,2.0,8.0,4.0,91.0
4113,STU_04114,2.2,0.9,2.0,7.5,2.0,67.0
4114,STU_04115,6.9,0.1,0.9,7.4,2.0,91.0
4115,STU_04116,3.9,1.0,3.0,8.7,2.0,79.0
4116,STU_04117,4.1,1.0,2.1,7.2,3.0,76.0
4117,STU_04118,1.7,1.3,1.8,7.9,5.0,64.0
4118,STU_04119,3.8,0.7,1.2165816326530612,6.8,4.0,73.0
4119,STU_04120,2.9,1.4,2.0,5.1,6.0,67.0
4120,STU_04121,3.6,3.2,0.4,6.4,5.0,81.0
4121,STU_04122,4.3,4.7,1.4,4.2,4.010084804033921,69.0
4122,STU_04123,5.9,1.3,1.5,7.1,5.0,85.0
4123,STU_04124,4.8,0.1,0.9,9.3,4.010084804033921,79.0
4124,STU_04125,5.0,5.2,1.6,5.2,4.010084804033921,83.0
4125,STU_04126,2.9,1.8,2.2,4.9,7.0,66.0
4126,STU_04127,3.2,0.6,0.9,9.1,4.010084804033921,71.0
4127,STU_04128,7.2,0.2,1.2,7.2,2.0,88.0
4128,STU_04129,3.4,0.2,0.5,7.8,2.0,72.0
4129,STU_04130,7.0,0.3,0.0,8.7,3.0,100.0
4130,stu_04131 ,4.1,0.1,1.8,8.1,4.0,67.0
4131,STU_04132,4.5,3.5,1.2165816326530612,7.5,4.0,79.0
4132,STU_04133,6.1,1.2,1.2,1.216581632653061,4.0,92.0
4133,STU_04134,6.4,1.8,0.4,5.6,5.0,100.0
4134,STU_04135,4.3,2.6,1.1,5.6,6.0,82.0
4135,STU_04136,3.9,2.4,2.1,8.1,4.0,74.0
4136,STU_04137,4.4,3.2,1.2,6.0,7.0,81.0
4137,STU_04138,5.0,5.1,1.2,5.5,7.0,83.0
4138,STU_04139,5.8,0.9,1.4,6.2,4.0,90.0
4139,STU_04140,4.5,4.5,0.2,6.2,5.0,88.0
4140,STU_04141,5.4,1.9,1.2165816326530612,6.7,5.0,91.0
4141,STU_04142,7.0,0.1,0.2,7.0,4.0,91.0
4142,STU_04143,5.1,1.7,0.4,6.3,6.0,80.0
4143,STU_04144,5.0,1.7,0.4,7.7,2.0,88.0
4144,STU_04145,2.2,3.5,1.1,5.9,6.0,74.0
4145,STU_04146,0.6,0.7,0.9,7.0,5.0,50.0
4146,STU_04147,5.1,1.3,1.2,5.2,6.0,81.0
4147,STU_04148,4.4,0.0,0.5,9.8,4.010084804033921,79.0
4148,STU_04149,3.7,0.6,2.0,8.4,3.0,72.0
4149,STU_04150,4.9,0.1,1.9,7.1,4.0,79.0
4150,STU_04151,4.4,1.1,1.1,6.6,5.0,72.0
4151,STU_04152,6.2,2.6,0.8,7.1,4.0,86.0
4152,STU_04153,4.6,0.3,0.7,7.7,4.0,78.0
4153,STU_04154,3.4,1.1,1.0,6.2,3.0,69.0
4154,STU_04155,6.0,0.3,0.1,5.3,6.0,82.0
4155,STU_04156,4.2,0.2,0.4,7.3,2.0,74.0
4156,STU_04157,5.3,1.1,1.9,5.7,6.0,80.0
4157,STU_04158,3.8,0.1,1.4,7.8,2.0,73.0
4158,STU_04159,3.5,1.3,2.5,7.3,4.0,77.0
4159,STU_04160,4.6,0.0,1.0,6.8,5.0,77.0
4160,STU_04161,4.5,0.2,0.9,7.2,4.0,76.0
4161,STU_04162,5.2,1.2,0.9,9.2,2.0,87.0
4162,STU_04163,4.1,1.3,0.9,8.2,5.0,80.0
4163,STU_04164,1.7,0.0,0.7,7.4,4.0,64.0
4164,STU_04165,3.9,1.3,1.4,9.6,4.010084804033921,65.0
4165,STU_04166,5.7,2.7,1.2,5.7,4.0,86.0
4166,STU_04167,4.1,1.9,0.8,6.5,5.0,75.0
4167,STU_04168,4.1,0.2,2.2,7.4,5.0,72.0
4168,STU_04169,6.0,1.3,2.7,5.5,7.0,92.0
4169,STU_04170,3.4,1.7,2.1,8.9,4.0,71.0
4170,STU_04171,2.2,0.1,1.6,7.8,2.0,58.0
4171,STU_04172,4.3,2.9,1.8,1.216581632653061,6.0,81.0
4172,STU_04173,3.8,3.6,2.7,6.8,6.0,78.0
4173,STU_04174,3.1,2.9,1.8,6.9,5.0,69.0
4174,STU_04175,4.2,2.6,1.2165816326530612,6.8,6.0,83.0
4175,STU_04176,5.2,2.0,1.5,5.9,7.0,87.0
4176,STU_04177,4.5,1.5,1.7,5.8,7.0,81.0
4177,STU_04178,5.0,1.7,0.4,9.6,3.0,84.0
4178,STU_04179,7.2,2.5,1.0,1.216581632653061,6.0,100.0
4179,STU_04180,4.0,1.6,2.1,8.8,2.0,76.0
4180,STU_04181,4.9,0.6,0.0,7.0,4.0,75.0
4181,STU_04182,3.7,0.7,0.2,8.5,3.0,73.0
4182,STU_04183,3.2,3.4,1.1,7.2,5.0,68.0
4183,STU_04184,3.6,0.0,1.5,8.4,4.010084804033921,68.0
4184,STU_04185,3.8,1.8,0.1,8.2,2.0,82.0
4185,STU_04186,5.0,4.6,1.1,4.8,4.010084804033921,67.0
4186,STU_04187,8.0,1.8,2.1,6.3,5.0,96.0
4187,STU_04188,3.4,6.0,1.3,4.6,4.010084804033921,66.0
4188,STU_04189,3.9,1.7,2.0,7.3,4.0,79.0
4189,STU_04190,4.4,0.1,0.7,6.5,3.0,70.0
4190,STU_04191,5.1,2.6,0.6,5.1,6.0,86.0
4191,STU_04192,4.9,0.5,1.9,7.2,3.0,78.0
4192,STU_04193,6.4,0.9,1.5,5.2,5.0,91.0
4193,STU_04194,0.9,0.6,0.3,8.0,4.010084804033921,55.0
4194,STU_04195,0.9,0.5,0.6,6.5,4.0,51.0
4195,STU_04196,3.8,0.8,2.5,6.4,5.0,72.0
4196,STU_04197,6.1,0.7,0.5,5.4,6.0,90.0
4197,STU_04198,2.2,1.5,1.9,8.8,4.010084804033921,73.0
4198,STU_04199,0.0,2.5,0.8,5.6,7.0,55.0
4199,STU_04200,5.4,0.5,1.2,7.2,4.0,81.0
4200,STU_04201,4.9,0.4,1.4,5.8,4.0,75.0
4201,STU_04202,2.9,1.6,0.0,6.7,4.0,69.0
4202,STU_04203,3.0,1.7,0.0,9.2,4.010084804033921,69.0
4203,STU_04204,3.0,3.5,1.3,7.0,3.0,75.0
4204,STU_04205,4.7,0.0,0.6,7.1,5.0,78.0
4205,STU_04206,3.6,2.9,2.0,6.7,5.0,78.0
4206,STU_04207,5.2,1.1,0.0,7.1,4.0,82.0
4207,STU_04208,0.2,1.5,1.7,7.1,4.0,60.0
4208,STU_04209,3.2,0.1,0.1,8.7,4.010084804033921,72.0
4209,STU_04210,2.8,0.9,0.9,7.2,4.0,65.0
4210,STU_04211,4.1,0.4,0.3,8.0,4.010084804033921,79.0
4211,STU_04212,3.7,0.4,2.7,7.6,5.0,68.0
4212,STU_04213,5.7,1.1,0.1,7.3,3.0,82.0
4213,STU_04214,1.7,2.5,1.1,6.3,5.0,61.0
4214,STU_04215,4.6,2.0,0.0,6.9,5.0,86.0
4215,STU_04216,5.3,1.3,2.5,7.8,3.0,83.0
4216,STU_04217,7.3,1.2,1.5,8.1,3.0,93.0
4217,STU_04218,3.8,0.8,1.3,6.3,4.0,75.0
4218,STU_04219,5.0,5.4,2.4,5.6,4.010084804033921,82.0
4219,STU_04220,1.8,1.2,1.3,6.6,4.0,69.0
4220,STU_04221,0.9,0.4,1.4,8.4,4.010084804033921,50.0
4221,STU_04222,5.8,0.4,1.3,1.216581632653061,4.0,90.0
4222,STU_04223,4.5,1.4,1.7,1.216581632653061,4.010084804033921,71.0
4223,STU_04224,6.3,1.1,0.8,7.7,4.010084804033921,93.0
4224,STU_04225,2.4,0.0,1.0,9.0,2.0,69.0
4225,STU_04226,5.3,2.7,1.8,5.8,6.0,91.0
4226,STU_04227,7.3,1.8,1.4,1.216581632653061,5.0,99.0
4227,STU_04228,5.1,1.6,1.1,7.9,2.0,79.0
4228,STU_04229,4.9,0.1,0.1,6.9,2.0,83.0
4229,STU_04230,4.5,0.7,2.4,7.3,5.0,74.0
4230,STU_04231,2.1,4.1,0.7,7.7,5.0,65.0
4231,STU_04232,6.5,3.0,2.0,6.4,6.0,92.0
4232,STU_04233,3.6,0.5,1.3,6.7,4.0,71.0
4233,STU_04234,5.3,0.3,0.2,9.7,4.010084804033921,83.0
4234,STU_04235,2.2,0.9,2.2,6.1,5.0,61.0
4235,STU_04236,2.7,0.7,1.4,7.7,2.0,69.0
4236,STU_04237,6.7,1.7,2.3,6.3,6.0,87.0
4237,STU_04238,4.0,5.1,1.1,5.3,4.010084804033921,66.0
4238,STU_04239,6.7,0.7,1.8,8.2,3.0,90.0
4239,STU_04240,4.4,0.1,0.0,7.8,2.0,80.0
4240,stu_04241 ,1.7,3.4,0.8,7.2,5.0,70.0
4241,STU_04242,5.8,0.1,0.2,5.7,4.0,84.0
4242,STU_04243,3.6,4.6,0.9,6.9,7.0,71.0
4243,STU_04244,5.5,1.6,1.6,6.5,6.0,80.0
4244,STU_04245,4.5,4.3,0.7,4.7,6.0,88.0
4245,stu_04246 ,2.2,0.3,1.9,9.4,2.0,63.0
4246,STU_04247,4.7,0.1,1.2165816326530612,8.5,4.0,86.0
4247,stu_04248 ,7.8,1.0,1.9,7.5,4.0,100.0
4248,STU_04249,5.2,0.9,2.2,8.5,4.0,84.0
4249,STU_04250,4.4,0.6,2.0,7.7,3.0,78.0
4250,STU_04251,6.1,4.7,0.9,5.6,7.0,89.0
4251,STU_04252,4.8,2.6,0.0,7.0,4.0,80.0
4252,STU_04253,4.8,1.6,1.7,6.5,4.0,83.0
4253,STU_04254,2.9,0.3,1.1,7.2,2.0,66.0
4254,STU_04255,4.9,2.0,0.4,6.1,5.0,84.0
4255,STU_04256,6.1,1.9,0.8,6.3,6.0,93.0
4256,STU_04257,3.2,0.8,2.3,8.2,2.0,70.0
4257,STU_04258,6.6,3.9,0.3,7.1,5.0,94.0
4258,STU_04259,4.4,0.3,1.6,7.1,4.0,73.0
4259,STU_04260,3.2,0.5,1.4,6.6,4.0,73.0
4260,STU_04261,6.0,0.1,0.9,7.4,3.0,89.0
4261,STU_04262,4.1,2.4,1.7,5.3,7.0,87.0
4262,STU_04263,5.6,1.5,2.5,7.2,4.0,87.0
4263,STU_04264,4.1,0.6,1.0,8.6,3.0,75.0
4264,STU_04265,4.4,0.3,1.0,10.0,4.010084804033921,79.0
4265,STU_04266,5.2,0.1,1.7,6.5,6.0,80.0
4266,STU_04267,4.9,0.3,1.9,8.4,2.0,76.0
4267,STU_04268,1.5,0.9,1.1,6.8,4.0,61.0
4268,STU_04269,2.8,0.4,1.0,6.6,4.0,69.0
4269,STU_04270,5.9,0.4,0.0,6.7,5.0,88.0
4270,STU_04271,4.3,3.1,0.6,7.1,5.0,82.0
4271,STU_04272,3.7,1.1,0.3,6.7,4.0,78.0
4272,STU_04273,2.5,2.0,1.7,6.5,7.0,70.0
4273,STU_04274,2.9,0.1,1.0,7.3,2.0,68.0
4274,STU_04275,1.5,0.7,1.0,6.9,4.0,55.0
4275,STU_04276,4.3,1.0,1.2,1.216581632653061,4.0,79.0
4276,STU_04277,3.6,0.3,0.5,5.4,5.0,71.0
4277,STU_04278,3.1,0.2,2.4,1.216581632653061,2.0,64.0
4278,STU_04279,4.4,3.1,2.2,6.7,5.0,83.0
4279,STU_04280,5.0,4.2,2.5,5.4,7.0,89.0
4280,STU_04281,7.6,0.1,1.7,8.0,3.0,98.0
4281,STU_04282,2.2,0.6,1.2,9.0,3.0,67.0
4282,STU_04283,6.2,4.8,2.5,6.1,5.0,95.0
4283,STU_04284,6.0,0.1,0.7,9.2,4.010084804033921,85.0
4284,STU_04285,3.3,1.5,0.5,9.7,2.0,79.0
4285,STU_04286,4.8,5.4,0.7,1.216581632653061,5.0,87.0
4286,STU_04287,3.8,5.7,1.6,4.8,7.0,71.0
4287,STU_04288,4.8,1.0,0.6,6.4,5.0,70.0
4288,STU_04289,6.8,0.3,1.1,7.3,3.0,96.0
4289,STU_04290,5.4,0.3,0.0,8.0,3.0,76.0
4290,STU_04291,5.3,3.3,1.6,8.3,3.0,84.0
4291,STU_04292,3.9,3.6,0.0,7.5,3.0,74.0
4292,STU_04293,2.3,1.4,0.5,6.3,4.0,65.0
4293,STU_04294,4.2,2.2,2.2,6.3,5.0,80.0
4294,STU_04295,6.3,2.0,2.1,6.9,4.0,88.0
4295,STU_04296,2.2,1.6,1.5,5.7,5.0,62.0
4296,STU_04297,2.9,2.6,1.4,6.9,6.0,74.0
4297,STU_04298,4.7,1.7,0.8,6.1,3.0,91.0
4298,STU_04299,3.0,1.1,0.6,5.9,4.0,72.0
4299,STU_04300,3.3,0.4,0.9,6.7,3.0,67.0
4300,STU_04301,3.9,2.0,0.0,7.8,3.0,80.0
4301,STU_04302,2.5,1.0,1.4,7.8,4.0,73.0
4302,STU_04303,3.0,0.5,1.2,7.7,4.0,73.0
4303,STU_04304,5.6,2.4,0.5,8.2,4.0,81.0
4304,STU_04305,2.5,1.8,2.5,7.9,4.0,70.0
4305,STU_04306,2.1,4.2,1.7,6.6,4.0,67.0
4306,STU_04307,3.6,0.3,1.8,7.6,4.010084804033921,72.0
4307,STU_04308,5.6,1.6,0.8,7.5,5.0,84.0
4308,STU_04309,4.2,0.4,1.2,7.5,4.0,79.0
4309,STU_04310,3.8,3.5,1.7,4.4,4.010084804033921,69.0
4310,STU_04311,4.6,0.2,1.3,8.8,4.010084804033921,83.0
4311,STU_04312,1.9,1.6,2.5,7.4,4.0,64.0
4312,STU_04313,5.2,2.3,1.0,5.9,5.0,84.0
4313,STU_04314,5.1,0.7,0.8,1.216581632653061,4.010084804033921,84.0
4314,STU_04315,3.9,4.6,1.7,5.7,7.0,82.0
4315,STU_04316,6.0,2.9,0.2,7.0,7.0,93.0
4316,STU_04317,2.8,0.5,1.9,8.5,2.0,67.0
4317,STU_04318,6.2,0.0,0.2,8.2,3.0,93.0
4318,stu_04319 ,4.7,0.5,1.7,8.8,4.010084804033921,83.0
4319,STU_04320,4.0,0.5,0.7,7.4,2.0,75.0
4320,STU_04321,4.5,3.3,1.6,8.4,5.0,85.0
4321,STU_04322,4.3,5.1,1.9,5.3,4.010084804033921,75.0
4322,STU_04323,6.3,0.1,1.3,9.0,3.0,90.0
4323,STU_04324,2.9,1.0,0.2,5.4,7.0,72.0
4324,STU_04325,3.4,1.2,0.5,6.4,4.0,73.0
4325,STU_04326,6.1,0.1,0.6,8.1,3.0,83.0
4326,STU_04327,3.6,0.7,0.0,7.4,2.0,68.0
4327,STU_04328,5.9,0.6,2.1,7.3,3.0,87.0
4328,STU_04329,7.0,1.2,1.3,7.4,5.0,91.0
4329,STU_04330,3.9,1.6,0.3,6.3,3.0,80.0
4330,STU_04331,5.5,1.8,2.4,5.9,6.0,80.0
4331,STU_04332,2.8,0.2,0.6,8.0,4.0,72.0
4332,STU_04333,5.6,2.5,1.4,6.3,7.0,88.0
4333,STU_04334,4.8,1.7,0.5,8.7,2.0,78.0
4334,STU_04335,5.2,3.3,0.0,6.8,6.0,84.0
4335,STU_04336,3.5,0.9,0.1,8.4,4.010084804033921,72.0
4336,STU_04337,2.0,3.4,0.8,7.3,4.0,69.0
4337,STU_04338,5.3,3.0,1.9,6.1,6.0,81.0
4338,STU_04339,1.4,0.9,1.5,5.5,6.0,56.0
4339,STU_04340,4.0,0.7,1.3,8.7,4.010084804033921,74.0
4340,STU_04341,5.9,4.1,0.0,5.8,4.010084804033921,83.0
4341,STU_04342,4.8,1.9,2.2,6.6,3.0,84.0
4342,STU_04343,7.4,4.0,1.4,6.4,6.0,100.0
4343,STU_04344,6.0,2.4,1.1,7.0,5.0,88.0
4344,STU_04345,3.5,1.4,2.1,8.1,4.010084804033921,74.0
4345,STU_04346,4.5,0.2,2.2,7.5,5.0,78.0
4346,STU_04347,4.4,0.5,2.1,7.3,3.0,76.0
4347,STU_04348,2.1,5.2,1.0,7.3,6.0,71.0
4348,STU_04349,3.1,0.6,0.4,8.3,2.0,61.0
4349,STU_04350,3.7,0.1,2.0,6.8,2.0,76.0
4350,STU_04351,1.4,1.8,0.1,6.3,4.0,64.0
4351,STU_04352,4.6,2.0,2.8,6.0,7.0,86.0
4352,STU_04353,4.1,0.5,1.2,1.216581632653061,3.0,72.0
4353,STU_04354,2.0,0.5,0.4,6.5,4.010084804033921,65.0
4354,STU_04355,5.1,0.9,0.2,7.8,2.0,74.0
4355,STU_04356,5.6,0.0,0.2,7.8,2.0,76.0
4356,STU_04357,4.8,2.3,1.3,4.5,7.0,82.0
4357,STU_04358,4.0,0.6,1.2,6.2,2.0,73.0
4358,STU_04359,5.4,2.9,0.2,4.2,7.0,91.0
4359,STU_04360,5.5,2.4,0.9,6.7,4.0,91.0
4360,STU_04361,5.0,1.6,0.1,8.6,2.0,87.0
4361,STU_04362,3.3,0.6,1.7,5.6,6.0,73.0
4362,STU_04363,4.9,1.1,1.2,6.1,5.0,84.0
4363,STU_04364,6.3,0.9,0.9,7.4,5.0,84.0
4364,STU_04365,3.6,0.6,0.2,6.7,6.0,78.0
4365,STU_04366,7.6,2.8,1.0,5.9,5.0,100.0
4366,STU_04367,3.7,1.0,0.9,8.1,2.0,68.0
4367,STU_04368,4.5,2.7,1.5,6.4,6.0,83.0
4368,STU_04369,3.5,0.2,1.3,6.2,4.0,69.0
4369,STU_04370,4.8,0.2,1.8,5.5,2.0,87.0
4370,STU_04371,1.9,5.7,0.8,8.3,5.0,66.0
4371,STU_04372,3.7,1.3,0.0,8.7,3.0,74.0
4372,STU_04373,2.9,1.1,2.0,6.8,3.0,70.0
4373,STU_04374,4.7,1.1,0.5,7.7,3.0,80.0
4374,STU_04375,6.0,0.4,0.3,7.3,4.010084804033921,95.0
4375,STU_04376,5.5,1.9,1.2,7.7,4.0,92.0
4376,STU_04377,0.9,0.1,1.4,1.216581632653061,4.0,49.0
4377,STU_04378,7.6,1.3,0.8,6.9,3.0,99.0
4378,STU_04379,4.9,1.3,0.8,7.9,3.0,82.0
4379,STU_04380,3.3,3.7,0.9,8.2,2.0,79.0
4380,STU_04381,4.7,1.1,2.3,7.9,4.0,81.0
4381,STU_04382,4.8,0.2,1.2,8.9,4.010084804033921,76.0
4382,STU_04383,3.5,1.3,0.4,7.2,4.0,69.0
4383,STU_04384,4.8,0.1,0.4,7.2,2.0,77.0
4384,STU_04385,3.6,0.3,1.0,5.8,7.0,72.0
4385,STU_04386,3.9,0.0,1.4,7.8,4.0,74.0
4386,STU_04387,3.5,1.1,1.6,7.7,5.0,70.0
4387,STU_04388,2.4,0.1,1.3,7.4,5.0,71.0
4388,STU_04389,4.7,1.0,0.5,6.8,3.0,82.0
4389,STU_04390,5.4,4.1,0.9,7.9,4.0,92.0
4390,STU_04391,5.3,1.9,1.8,7.7,6.0,84.0
4391,STU_04392,5.7,0.1,0.3,9.2,4.010084804033921,80.0
4392,STU_04393,5.0,0.4,0.8,6.8,5.0,84.0
4393,STU_04394,3.7,1.7,1.7,6.5,4.0,71.0
4394,STU_04395,5.8,3.4,1.9,7.8,4.0,82.0
4395,STU_04396,2.5,0.1,1.0,7.7,3.0,67.0
4396,STU_04397,3.1,2.5,0.9,6.5,3.0,70.0
4397,STU_04398,3.1,1.2,0.1,7.1,4.0,69.0
4398,STU_04399,6.1,1.2,1.6,7.3,4.0,91.0
4399,STU_04400,5.9,4.7,2.3,7.1,5.0,89.0
4400,STU_04401,5.2,2.1,3.0,6.6,5.0,78.0
4401,STU_04402,6.1,2.8,1.5,7.6,4.0,96.0
4402,STU_04403,3.2,0.7,1.2,8.0,3.0,70.0
4403,STU_04404,5.0,1.2,0.5,6.7,5.0,87.0
4404,STU_04405,4.3,1.4,0.0,6.7,3.0,81.0
4405,STU_04406,5.8,0.6,1.3,7.1,6.0,88.0
4406,STU_04407,4.3,1.3,3.0,5.7,6.0,79.0
4407,STU_04408,3.9,0.4,2.2,6.9,4.0,75.0
4408,STU_04409,5.3,0.2,2.1,9.0,4.0,87.0
4409,STU_04410,5.8,0.7,1.4,7.5,4.010084804033921,89.0
4410,STU_04411,3.5,2.0,1.5,6.3,7.0,72.0
4411,stu_04412 ,4.4,3.7,0.0,8.8,3.0,84.0
4412,STU_04413,2.9,0.9,1.8,6.4,4.0,66.0
4413,STU_04414,0.8,1.5,0.7,6.4,3.0,56.0
4414,STU_04415,4.8,0.2,0.6,9.1,4.010084804033921,81.0
4415,STU_04416,5.4,3.5,0.9,7.4,4.0,85.0
4416,STU_04417,4.9,1.3,0.9,7.3,4.0,82.0
4417,STU_04418,1.6,2.3,0.6,8.0,4.0,64.0
4418,STU_04419,4.0,2.4,1.2,7.3,4.0,76.0
4419,STU_04420,1.2,0.4,0.8,6.5,3.0,61.0
4420,STU_04421,6.6,1.1,1.3,5.0,7.0,89.0
4421,STU_04422,2.9,4.8,0.0,6.0,4.010084804033921,62.0
4422,STU_04423,6.4,0.1,1.0,8.8,3.0,89.0
4423,stu_04424 ,5.9,1.7,0.3,7.0,4.0,89.0
4424,STU_04425,3.1,4.9,0.7,6.8,6.0,73.0
4425,STU_04426,2.8,0.5,1.3,7.8,3.0,67.0
4426,STU_04427,5.0,3.0,0.0,1.216581632653061,4.010084804033921,77.0
4427,stu_04428 ,3.2,4.1,0.5,6.3,6.0,80.0
4428,STU_04429,4.7,2.1,1.7,7.4,3.0,80.0
4429,STU_04430,3.8,0.4,0.1,7.1,4.0,77.0
4430,STU_04431,1.8,0.6,2.6,6.9,5.0,59.0
4431,STU_04432,1.2,0.1,2.2,1.216581632653061,2.0,58.0
4432,STU_04433,4.8,2.7,0.8,7.1,5.0,81.0
4433,STU_04434,3.7,2.8,0.6,8.1,5.0,82.0
4434,STU_04435,3.7,1.5,1.4,7.7,3.0,80.0
4435,STU_04436,5.5,0.7,0.0,6.8,3.0,85.0
4436,STU_04437,6.3,0.1,0.0,7.5,3.0,86.0
4437,STU_04438,4.1,2.1,1.2165816326530612,7.2,5.0,72.0
4438,STU_04439,4.0,1.9,1.1,8.5,3.0,78.0
4439,STU_04440,5.3,3.7,1.3,6.2,7.0,88.0
4440,STU_04441,2.5,2.0,0.7,5.5,6.0,71.0
4441,STU_04442,4.8,2.6,2.2,7.2,6.0,77.0
4442,STU_04443,5.3,2.1,0.0,6.6,4.0,86.0
4443,STU_04444,5.5,1.5,0.3,1.216581632653061,3.0,87.0
4444,stu_04445 ,1.6,0.8,1.6,7.5,3.0,57.0
4445,STU_04446,3.4,3.5,0.3,7.9,3.0,76.0
4446,STU_04447,3.2,1.6,0.2,6.9,4.0,69.0
4447,STU_04448,4.6,0.8,1.3,8.0,4.010084804033921,76.0
4448,STU_04449,5.2,0.1,0.4,8.6,4.010084804033921,79.0
4449,STU_04450,6.7,0.5,1.1,8.4,2.0,90.0
4450,STU_04451,3.8,1.2,0.6,6.8,3.0,79.0
4451,STU_04452,3.8,0.5,0.5,6.6,3.0,72.0
4452,STU_04453,6.2,0.4,0.0,6.9,3.0,85.0
4453,STU_04454,4.9,1.1,1.3,1.216581632653061,4.0,85.0
4454,STU_04455,6.4,0.3,0.2,8.5,4.010084804033921,93.0
4455,STU_04456,4.9,2.4,1.1,1.216581632653061,6.0,87.0
4456,STU_04457,2.8,1.0,0.8,1.216581632653061,2.0,74.0
4457,STU_04458,2.5,1.3,1.0,1.216581632653061,5.0,68.0
4458,STU_04459,2.2,0.2,1.1,8.7,4.010084804033921,64.0
4459,STU_04460,5.5,0.6,1.4,9.1,4.010084804033921,81.0
4460,STU_04461,6.3,0.8,0.6,7.7,5.0,94.0
4461,STU_04462,7.3,2.5,2.2,6.0,6.0,97.0
4462,STU_04463,5.8,2.2,0.0,6.6,4.0,87.0
4463,STU_04464,6.2,0.4,1.0,7.4,5.0,86.0
4464,STU_04465,3.6,1.4,1.9,8.3,3.0,76.0
4465,STU_04466,2.8,0.4,1.6,6.4,7.0,68.0
4466,STU_04467,5.8,6.0,0.4,4.3,7.0,94.0
4467,STU_04468,5.1,4.6,0.6,6.9,5.0,86.0
4468,STU_04469,4.7,1.2,0.4,8.1,4.010084804033921,79.0
4469,STU_04470,5.1,1.8,1.7,9.1,2.0,83.0
4470,STU_04471,5.0,2.4,0.6,1.216581632653061,5.0,89.0
4471,STU_04472,6.4,1.9,1.4,7.0,4.0,84.0
4472,STU_04473,6.4,1.8,1.4,8.3,3.0,93.0
4473,STU_04474,5.3,4.8,3.0,6.1,7.0,93.0
4474,STU_04475,5.8,1.4,1.5,7.1,4.0,79.0
4475,STU_04476,5.3,1.5,0.6,8.2,2.0,84.0
4476,STU_04477,3.8,2.8,0.0,6.5,6.0,81.0
4477,STU_04478,5.6,1.7,1.0,8.2,2.0,83.0
4478,STU_04479,2.4,2.0,1.1,5.9,6.0,68.0
4479,STU_04480,6.1,0.4,0.0,6.4,3.0,83.0
4480,STU_04481,2.7,0.7,0.6,7.4,2.0,67.0
4481,STU_04482,4.9,0.2,1.4,5.1,5.0,85.0
4482,STU_04483,3.2,1.1,0.8,7.6,3.0,78.0
4483,STU_04484,5.3,0.9,2.0,5.6,6.0,84.0
4484,STU_04485,4.4,6.0,0.0,6.5,5.0,81.0
4485,STU_04486,2.1,1.4,1.7,7.4,3.0,64.0
4486,STU_04487,5.1,2.3,1.9,6.9,4.0,77.0
4487,STU_04488,3.6,0.6,2.0,7.9,2.0,72.0
4488,STU_04489,5.8,2.7,0.0,7.4,5.0,93.0
4489,STU_04490,4.5,1.4,1.5,7.0,3.0,74.0
4490,STU_04491,5.1,1.8,0.7,9.2,2.0,82.0
4491,STU_04492,3.1,0.5,0.1,8.2,4.0,66.0
4492,STU_04493,3.6,1.2,0.9,8.2,4.0,81.0
4493,STU_04494,3.8,1.5,0.5,8.5,3.0,77.0
4494,STU_04495,5.8,1.3,1.9,7.9,3.0,90.0
4495,STU_04496,7.0,3.7,1.6,8.6,4.0,99.0
4496,STU_04497,3.3,3.4,0.3,7.1,5.0,78.0
4497,STU_04498,6.1,5.3,0.6,6.3,4.010084804033921,91.0
4498,STU_04499,1.2,1.7,0.9,6.7,4.0,60.0
4499,STU_04500,2.7,5.4,1.1,5.9,4.010084804033921,64.0
4500,STU_04501,3.1,2.7,2.0,6.1,6.0,69.0
4501,STU_04502,2.5,0.5,1.8,8.2,4.0,73.0
4502,STU_04503,2.1,0.8,1.2,6.6,4.0,67.0
4503,STU_04504,5.1,0.4,1.0,7.8,4.010084804033921,72.0
4504,STU_04505,4.2,0.0,0.0,8.6,2.0,74.0
4505,STU_04506,5.1,0.3,2.2,7.6,4.0,83.0
4506,STU_04507,5.5,0.0,0.8,6.9,5.0,90.0
4507,STU_04508,4.9,1.9,2.4,7.6,3.0,78.0
4508,stu_04509 ,5.5,0.8,1.4,1.216581632653061,2.0,86.0
4509,STU_04510,4.4,0.6,2.8,1.216581632653061,7.0,76.0
4510,STU_04511,2.7,2.2,1.7,6.0,6.0,65.0
4511,STU_04512,6.1,2.7,0.1,8.6,4.010084804033921,96.0
4512,STU_04513,3.6,5.6,0.7,7.7,5.0,76.0
4513,STU_04514,3.1,1.5,1.1,7.9,3.0,75.0
4514,STU_04515,4.2,0.9,0.5,8.4,3.0,70.0
4515,STU_04516,3.1,0.5,0.9,6.9,3.0,68.0
4516,STU_04517,3.9,0.4,0.1,7.6,2.0,76.0
4517,STU_04518,5.0,0.4,1.2,1.216581632653061,2.0,84.0
4518,STU_04519,5.0,0.8,1.4,7.9,2.0,83.0
4519,STU_04520,3.2,6.0,0.4,6.2,4.010084804033921,66.0
4520,STU_04521,3.8,0.0,2.8,7.3,4.0,71.0
4521,STU_04522,6.1,0.3,1.3,8.8,4.010084804033921,93.0
4522,STU_04523,5.2,0.3,0.5,8.9,4.010084804033921,83.0
4523,STU_04524,7.6,1.9,0.0,8.1,2.0,100.0
4524,STU_04525,6.3,0.7,1.2,7.6,4.0,90.0
4525,STU_04526,6.2,0.9,1.0,7.2,3.0,91.0
4526,STU_04527,2.4,0.2,1.8,8.3,2.0,61.0
4527,STU_04528,5.6,0.8,1.1,1.216581632653061,3.0,81.0
4528,STU_04529,4.4,0.2,0.2,7.0,4.0,75.0
4529,STU_04530,3.7,1.1,2.5,5.7,6.0,76.0
4530,STU_04531,4.8,0.2,1.5,8.9,4.010084804033921,76.0
4531,STU_04532,5.9,2.3,1.2165816326530612,6.4,5.0,88.0
4532,STU_04533,5.3,1.3,1.3,7.8,4.0,83.0
4533,STU_04534,3.2,1.9,1.6,7.0,5.0,78.0
4534,STU_04535,5.6,0.8,0.1,10.0,4.010084804033921,87.0
4535,STU_04536,3.5,0.7,1.3,8.0,2.0,66.0
4536,STU_04537,4.8,0.2,0.8,5.9,5.0,80.0
4537,STU_04538,4.0,1.1,1.6,8.5,3.0,75.0
4538,STU_04539,4.2,1.1,0.6,7.2,5.0,76.0
4539,STU_04540,5.6,0.9,0.7,7.4,3.0,85.0
4540,STU_04541,2.9,2.0,2.5,6.2,5.0,75.0
4541,STU_04542,7.4,2.7,2.2,7.0,4.0,95.0
4542,STU_04543,1.8,2.1,0.0,7.6,5.0,65.0
4543,STU_04544,3.6,0.2,2.1,6.9,2.0,73.0
4544,STU_04545,5.1,1.5,1.1,6.8,5.0,82.0
4545,STU_04546,5.4,0.1,0.6,7.9,2.0,80.0
4546,STU_04547,4.3,1.8,0.4,5.0,6.0,76.0
4547,STU_04548,4.4,0.7,0.4,6.3,4.0,76.0
4548,STU_04549,5.1,0.2,0.7,9.5,4.010084804033921,84.0
4549,STU_04550,4.2,3.0,0.3,7.4,5.0,78.0
4550,STU_04551,6.6,1.4,0.1,7.0,3.0,91.0
4551,STU_04552,5.8,0.7,0.4,6.0,5.0,81.0
4552,STU_04553,5.8,0.0,1.5,7.6,3.0,83.0
4553,STU_04554,3.1,1.2,1.2,8.4,2.0,71.0
4554,STU_04555,4.4,3.9,1.6,9.2,4.0,75.0
4555,STU_04556,4.0,1.4,1.1,9.3,2.0,81.0
4556,STU_04557,3.0,5.3,0.2,5.5,6.0,74.0
4557,STU_04558,5.0,0.2,1.6,7.1,2.0,88.0
4558,STU_04559,3.7,1.3,0.4,6.1,4.0,76.0
4559,STU_04560,5.5,2.4,1.7,6.1,6.0,79.0
4560,STU_04561,2.9,1.1,0.3,7.4,3.0,70.0
4561,STU_04562,7.1,0.1,0.7,7.5,4.0,91.0
4562,STU_04563,3.2,1.3,0.9,9.5,4.010084804033921,72.0
4563,STU_04564,4.8,1.4,1.7,5.9,4.0,88.0
4564,STU_04565,5.7,2.0,1.3,7.1,5.0,90.0
4565,STU_04566,3.6,2.1,1.2,5.0,5.0,74.0
4566,STU_04567,5.8,2.2,2.7,7.1,4.0,82.0
4567,STU_04568,2.7,1.6,0.0,6.2,4.0,72.0
4568,STU_04569,6.7,0.4,0.4,8.9,4.010084804033921,93.0
4569,STU_04570,4.5,0.8,0.3,7.4,4.0,83.0
4570,STU_04571,3.6,2.2,0.0,5.9,6.0,74.0
4571,STU_04572,4.1,4.6,0.6,4.4,4.010084804033921,66.0
4572,STU_04573,5.7,0.1,1.8,6.6,6.0,83.0
4573,STU_04574,3.6,1.2,0.7,7.7,5.0,74.0
4574,STU_04575,3.4,0.6,0.9,8.1,2.0,65.0
4575,STU_04576,4.2,0.4,0.0,7.4,4.0,77.0
4576,STU_04577,2.7,1.1,0.6,8.5,2.0,70.0
4577,STU_04578,7.2,1.4,0.8,6.3,4.0,93.0
4578,STU_04579,3.7,0.0,1.7,4.7,5.0,74.0
4579,STU_04580,5.7,2.3,0.0,7.6,3.0,91.0
4580,STU_04581,4.8,2.6,0.8,8.4,4.0,88.0
4581,STU_04582,3.0,5.1,2.1,7.4,7.0,72.0
4582,STU_04583,4.5,0.3,0.8,6.4,5.0,80.0
4583,STU_04584,5.7,1.4,0.0,7.0,3.0,91.0
4584,STU_04585,4.2,0.8,1.2165816326530612,8.0,2.0,75.0
4585,STU_04586,6.3,0.6,1.8,6.8,5.0,94.0
4586,STU_04587,6.0,1.3,1.9,7.4,5.0,85.0
4587,STU_04588,5.9,2.3,0.0,6.6,6.0,89.0
4588,STU_04589,3.8,0.0,2.4,6.4,4.0,66.0
4589,STU_04590,2.9,5.2,0.6,5.4,4.010084804033921,60.0
4590,STU_04591,3.6,2.5,0.8,8.1,4.0,69.0
4591,STU_04592,4.8,2.1,0.6,7.3,3.0,88.0
4592,STU_04593,5.3,2.1,2.0,8.2,4.0,82.0
4593,STU_04594,1.2,0.7,1.1,8.1,4.0,55.0
4594,STU_04595,4.5,2.1,1.6,8.7,3.0,82.0
4595,STU_04596,4.7,0.7,1.3,8.3,2.0,77.0
4596,STU_04597,4.1,3.4,1.1,7.5,7.0,84.0
4597,STU_04598,6.4,0.3,0.4,7.7,5.0,97.0
4598,STU_04599,5.1,0.5,2.6,10.0,4.010084804033921,73.0
4599,STU_04600,6.5,1.2,0.0,7.7,3.0,93.0
4600,STU_04601,4.2,0.6,1.5,5.5,6.0,68.0
4601,STU_04602,5.9,0.8,1.5,7.7,3.0,81.0
4602,STU_04603,7.0,1.0,2.1,1.216581632653061,6.0,95.0
4603,STU_04604,6.5,2.9,2.3,7.7,3.0,89.0
4604,STU_04605,2.9,1.1,1.1,1.216581632653061,2.0,70.0
4605,STU_04606,4.1,0.7,1.6,7.3,4.0,76.0
4606,STU_04607,4.0,0.4,2.6,6.5,6.0,68.0
4607,STU_04608,5.2,0.8,1.1,7.7,2.0,85.0
4608,STU_04609,5.5,1.1,0.3,7.0,3.0,86.0
4609,STU_04610,3.2,2.1,0.9,8.0,2.0,73.0
4610,STU_04611,4.6,0.2,0.2,1.216581632653061,4.010084804033921,75.0
4611,STU_04612,1.5,0.4,1.5,10.0,4.010084804033921,61.0
4612,STU_04613,6.7,0.7,2.1,6.9,5.0,86.0
4613,stu_04614 ,3.7,0.7,1.1,7.3,4.0,69.0
4614,STU_04615,4.6,0.7,0.0,7.6,3.0,80.0
4615,STU_04616,4.0,2.4,2.0,6.8,5.0,82.0
4616,STU_04617,6.2,0.6,0.0,8.9,3.0,86.0
4617,STU_04618,0.2,1.0,0.0,7.4,2.0,55.0
4618,STU_04619,4.5,1.5,1.1,9.3,4.010084804033921,80.0
4619,STU_04620,4.3,0.4,1.4,8.2,3.0,78.0
4620,STU_04621,3.8,1.9,1.5,6.6,4.0,73.0
4621,STU_04622,7.1,1.2,1.1,6.7,3.0,94.0
4622,stu_04623 ,3.2,0.9,2.6,8.3,4.0,70.0
4623,STU_04624,5.7,2.5,1.3,7.0,3.0,94.0
4624,STU_04625,5.0,0.4,2.0,7.5,2.0,76.0
4625,STU_04626,6.4,3.2,1.8,6.1,4.0,88.0
4626,STU_04627,3.5,1.2,0.2,1.216581632653061,3.0,85.0
4627,STU_04628,3.4,1.4,1.1,6.7,6.0,74.0
4628,STU_04629,6.1,3.1,2.9,7.8,4.0,94.0
4629,STU_04630,5.1,2.6,0.8,7.8,3.0,87.0
4630,STU_04631,2.2,1.4,0.7,1.216581632653061,5.0,68.0
4631,STU_04632,3.7,2.1,1.3,6.9,5.0,79.0
4632,STU_04633,5.1,0.9,0.8,7.7,5.0,85.0
4633,stu_04634 ,5.8,1.2,0.6,7.5,3.0,91.0
4634,STU_04635,3.5,0.1,0.8,6.9,4.0,72.0
4635,STU_04636,0.1,0.1,2.3,5.6,7.0,55.0
4636,STU_04637,5.3,2.7,1.1,6.2,5.0,93.0
4637,STU_04638,2.7,0.1,0.1,7.8,3.0,67.0
4638,STU_04639,1.5,0.3,0.0,7.2,4.010084804033921,61.0
4639,STU_04640,0.3,2.4,3.0,7.5,6.0,53.0
4640,STU_04641,5.7,0.0,1.0,7.6,3.0,84.0
4641,STU_04642,4.7,0.5,1.5,9.4,4.010084804033921,80.0
4642,STU_04643,4.2,1.3,0.6,6.9,5.0,75.0
4643,STU_04644,6.6,1.4,1.5,7.4,2.0,92.0
4644,STU_04645,5.5,2.3,2.4,6.6,5.0,87.0
4645,STU_04646,6.9,1.1,0.7,8.0,3.0,99.0
4646,STU_04647,2.4,1.1,1.6,8.4,3.0,63.0
4647,STU_04648,4.4,1.9,0.1,8.0,3.0,81.0
4648,STU_04649,2.1,1.0,2.8,5.1,7.0,62.0
4649,STU_04650,4.2,1.4,1.4,7.8,4.0,80.0
4650,STU_04651,4.1,3.4,0.9,5.8,5.0,83.0
4651,STU_04652,5.4,0.8,1.0,7.3,5.0,91.0
4652,STU_04653,4.6,0.7,0.8,1.216581632653061,2.0,77.0
4653,STU_04654,5.4,0.0,0.8,1.216581632653061,4.0,83.0
4654,STU_04655,5.6,1.4,0.0,8.7,4.010084804033921,89.0
4655,STU_04656,7.7,0.0,1.1,7.4,3.0,99.0
4656,STU_04657,4.0,1.1,1.1,9.6,4.010084804033921,66.0
4657,STU_04658,3.1,2.4,1.6,7.0,5.0,69.0
4658,STU_04659,4.9,1.2,0.8,9.2,3.0,83.0
4659,STU_04660,3.3,0.5,0.6,8.9,2.0,70.0
4660,STU_04661,6.7,2.3,1.2,1.216581632653061,4.0,97.0
4661,STU_04662,4.1,0.5,0.0,6.6,4.0,79.0
4662,STU_04663,3.7,2.0,1.3,7.3,4.0,74.0
4663,STU_04664,3.8,1.4,0.0,7.0,4.0,77.0
4664,STU_04665,5.6,0.3,1.2165816326530612,9.1,2.0,90.0
4665,STU_04666,4.3,3.5,1.7,6.3,5.0,85.0
4666,STU_04667,3.5,0.3,0.5,7.5,4.010084804033921,69.0
4667,STU_04668,7.0,6.0,1.7,4.5,4.010084804033921,76.0
4668,STU_04669,3.2,0.0,1.3,8.2,2.0,69.0
4669,STU_04670,4.6,0.5,0.4,1.216581632653061,4.0,74.0
4670,STU_04671,5.5,0.3,0.0,8.3,4.010084804033921,88.0
4671,STU_04672,2.1,0.0,1.5,8.3,3.0,60.0
4672,STU_04673,5.2,2.0,0.6,6.5,5.0,84.0
4673,STU_04674,2.9,1.8,2.1,8.0,3.0,74.0
4674,STU_04675,5.7,2.4,1.2,6.8,5.0,86.0
4675,STU_04676,3.1,0.4,0.6,6.3,2.0,68.0
4676,STU_04677,5.5,0.9,2.6,8.8,3.0,86.0
4677,STU_04678,6.2,1.6,1.7,6.3,7.0,88.0
4678,STU_04679,5.8,0.9,0.0,8.2,3.0,92.0
4679,STU_04680,4.9,1.8,0.8,7.7,4.0,78.0
4680,STU_04681,4.2,1.5,0.1,7.9,3.0,68.0
4681,STU_04682,3.6,0.2,0.6,8.2,3.0,75.0
4682,STU_04683,6.7,2.3,1.1,6.1,7.0,92.0
4683,STU_04684,3.5,1.9,1.5,8.8,2.0,70.0
4684,STU_04685,2.9,1.6,1.4,8.2,3.0,72.0
4685,STU_04686,5.5,0.3,2.1,8.0,3.0,85.0
4686,STU_04687,3.3,0.5,1.7,6.2,5.0,67.0
4687,STU_04688,3.1,0.7,1.7,6.5,4.0,74.0
4688,STU_04689,2.3,0.5,1.4,8.2,4.0,68.0
4689,STU_04690,3.8,0.4,2.2,5.4,6.0,81.0
4690,STU_04691,4.4,2.5,0.9,7.4,5.0,78.0
4691,STU_04692,4.9,1.5,1.0,6.0,4.0,82.0
4692,STU_04693,5.9,1.3,0.0,6.8,3.0,88.0
4693,STU_04694,5.3,0.4,2.0,6.1,7.0,81.0
4694,STU_04695,4.2,3.8,1.1,6.9,6.0,83.0
4695,STU_04696,4.2,0.3,3.0,8.4,2.0,78.0
4696,STU_04697,5.3,2.4,1.2165816326530612,7.5,5.0,87.0
4697,STU_04698,6.4,5.1,1.3,1.216581632653061,6.0,95.0
4698,STU_04699,4.7,1.9,1.6,7.3,3.0,80.0
4699,STU_04700,3.8,6.0,0.3,6.8,4.0,80.0
4700,STU_04701,3.0,1.6,1.5,7.7,4.0,67.0
4701,STU_04702,2.3,0.4,1.2,4.9,7.0,64.0
4702,STU_04703,5.5,0.3,1.0,8.6,3.0,90.0
4703,STU_04704,5.4,0.6,2.1,8.2,4.0,91.0
4704,STU_04705,5.4,0.0,0.5,7.5,3.0,87.0
4705,STU_04706,4.3,1.7,1.4,5.2,6.0,77.0
4706,STU_04707,6.6,0.5,2.4,7.6,4.0,92.0
4707,STU_04708,3.8,2.5,0.6,7.4,2.0,68.0
4708,STU_04709,5.9,0.7,1.0,7.2,4.0,86.0
4709,STU_04710,4.4,1.0,3.0,7.3,3.0,77.0
4710,STU_04711,3.6,5.1,1.6,7.2,5.0,87.0
4711,STU_04712,5.4,0.4,0.8,10.0,4.010084804033921,84.0
4712,STU_04713,5.1,1.9,1.8,7.2,5.0,84.0
4713,STU_04714,5.0,2.1,0.7,1.216581632653061,3.0,83.0
4714,STU_04715,4.6,0.4,0.0,7.1,4.0,77.0
4715,STU_04716,4.4,1.0,2.3,6.7,5.0,80.0
4716,STU_04717,8.1,0.6,0.3,7.6,3.0,97.0
4717,STU_04718,6.3,2.2,3.0,7.9,4.0,93.0
4718,STU_04719,5.6,1.5,0.8,8.2,5.0,91.0
4719,STU_04720,4.7,1.0,2.9,9.1,2.0,80.0
4720,STU_04721,6.0,2.3,0.1,5.8,5.0,88.0
4721,STU_04722,5.3,0.4,2.0,6.2,5.0,82.0
4722,STU_04723,4.5,2.1,1.6,1.216581632653061,3.0,85.0
4723,STU_04724,4.0,3.0,1.9,8.2,5.0,79.0
4724,STU_04725,4.4,3.2,2.0,6.7,7.0,79.0
4725,STU_04726,0.0,2.3,1.2165816326530612,3.0,4.010084804033921,49.0
4726,STU_04727,4.8,0.8,0.2,1.216581632653061,3.0,77.0
4727,STU_04728,3.8,6.0,1.2,6.3,4.010084804033921,65.0
4728,STU_04729,6.9,0.7,1.4,6.6,4.0,93.0
4729,STU_04730,4.5,1.5,0.8,7.6,2.0,76.0
4730,STU_04731,2.7,0.3,1.4,9.5,3.0,60.0
4731,STU_04732,4.4,5.9,1.5,7.4,7.0,87.0
4732,STU_04733,2.9,1.8,0.5,8.2,4.0,62.0
4733,STU_04734,5.2,2.1,1.5,7.0,6.0,81.0
4734,STU_04735,4.9,0.1,1.0,7.3,6.0,83.0
4735,stu_04736 ,5.9,2.2,0.6,8.0,2.0,91.0
4736,STU_04737,3.3,2.2,1.8,7.0,4.0,73.0
4737,STU_04738,4.6,1.7,0.6,7.4,3.0,76.0
4738,STU_04739,2.5,0.5,0.8,6.1,4.0,64.0
4739,STU_04740,5.6,1.0,1.3,6.7,4.0,87.0
4740,STU_04741,5.3,0.2,2.3,8.2,2.0,81.0
4741,STU_04742,5.2,1.0,1.4,1.216581632653061,3.0,78.0
4742,STU_04743,4.5,0.4,1.6,7.8,2.0,74.0
4743,STU_04744,5.1,0.6,1.0,8.0,2.0,80.0
4744,STU_04745,6.9,0.3,1.1,8.2,3.0,93.0
4745,STU_04746,4.1,0.4,1.2,8.2,2.0,75.0
4746,STU_04747,4.7,0.1,1.4,8.3,3.0,73.0
4747,STU_04748,2.9,3.8,1.0,6.0,5.0,78.0
4748,STU_04749,3.2,1.1,2.3,5.7,2.0,68.0
4749,STU_04750,4.6,0.8,0.9,6.7,4.0,81.0
4750,STU_04751,6.2,1.1,0.0,8.4,2.0,85.0
4751,STU_04752,4.1,1.5,3.0,5.8,5.0,87.0
4752,STU_04753,4.1,3.8,0.9,5.6,6.0,86.0
4753,STU_04754,3.9,0.3,2.3,6.4,4.0,71.0
4754,STU_04755,3.7,0.5,2.3,5.5,4.0,73.0
4755,STU_04756,4.9,5.6,2.0,4.8,4.010084804033921,76.0
4756,STU_04757,2.3,0.7,1.0,8.6,4.010084804033921,63.0
4757,STU_04758,6.4,0.0,1.4,7.0,4.010084804033921,90.0
4758,STU_04759,3.5,0.2,0.2,6.1,2.0,75.0
4759,STU_04760,5.6,0.0,2.8,6.9,6.0,79.0
4760,STU_04761,2.6,6.0,0.5,6.6,6.0,72.0
4761,STU_04762,5.5,0.5,1.0,5.8,6.0,88.0
4762,STU_04763,5.5,3.9,1.3,7.5,5.0,94.0
4763,STU_04764,5.1,6.0,1.1,4.5,4.010084804033921,70.0
4764,STU_04765,3.0,1.4,0.7,7.1,4.0,74.0
4765,STU_04766,4.9,0.1,2.3,7.1,4.0,74.0
4766,STU_04767,2.7,0.1,2.0,7.0,2.0,65.0
4767,STU_04768,4.1,1.0,1.5,7.3,3.0,72.0
4768,STU_04769,6.0,0.8,0.9,8.4,3.0,86.0
4769,STU_04770,5.7,1.4,2.1,7.1,2.0,94.0
4770,STU_04771,4.5,0.9,0.8,7.0,5.0,78.0
4771,STU_04772,3.0,4.1,2.5,6.7,7.0,73.0
4772,STU_04773,5.5,1.1,1.3,7.6,4.010084804033921,82.0
4773,STU_04774,4.5,1.8,2.2,6.4,4.0,79.0
4774,STU_04775,1.0,3.4,1.1,6.8,5.0,58.0
4775,STU_04776,5.7,0.2,1.3,6.9,4.0,85.0
4776,STU_04777,4.5,0.4,2.2,6.6,6.0,77.0
4777,STU_04778,6.3,0.2,3.0,8.2,2.0,86.0
4778,STU_04779,2.9,0.2,2.4,7.9,5.0,65.0
4779,STU_04780,0.0,1.1,1.9,8.1,3.0,52.0
4780,STU_04781,4.9,0.6,1.7,8.1,2.0,77.0
4781,STU_04782,4.9,0.8,0.8,6.7,5.0,80.0
4782,STU_04783,2.0,6.0,1.4,1.216581632653061,7.0,69.0
4783,STU_04784,3.0,0.3,0.5,7.5,3.0,60.0
4784,STU_04785,8.6,1.2,1.5,8.3,5.0,100.0
4785,STU_04786,4.0,0.2,1.6,7.5,3.0,67.0
4786,STU_04787,5.6,0.6,0.0,8.1,4.010084804033921,77.0
4787,STU_04788,3.5,1.1,1.2,7.8,2.0,76.0
4788,STU_04789,1.4,4.4,1.5,7.2,7.0,60.0
4789,STU_04790,4.2,0.7,1.1,5.9,5.0,68.0
4790,STU_04791,4.1,0.1,1.5,6.1,3.0,80.0
4791,STU_04792,3.9,0.7,0.1,8.4,4.010084804033921,72.0
4792,STU_04793,4.3,0.2,0.6,8.2,2.0,81.0
4793,STU_04794,4.9,0.4,2.0,6.7,5.0,76.0
4794,STU_04795,4.3,1.4,1.2,7.7,3.0,71.0
4795,STU_04796,2.6,0.1,1.5,6.3,3.0,64.0
4796,STU_04797,5.2,0.9,0.8,10.0,4.010084804033921,78.0
4797,STU_04798,1.6,1.4,1.2,8.6,4.0,63.0
4798,STU_04799,1.4,0.8,0.0,8.4,3.0,62.0
4799,STU_04800,5.6,0.0,1.9,7.7,4.0,87.0
4800,STU_04801,5.3,6.0,2.6,5.1,4.010084804033921,65.0
4801,STU_04802,4.4,0.7,0.3,6.4,3.0,83.0
4802,STU_04803,2.4,2.3,0.4,7.1,4.0,64.0
4803,STU_04804,3.4,0.6,1.6,6.7,4.0,72.0
4804,STU_04805,4.1,1.0,2.4,6.4,5.0,76.0
4805,STU_04806,2.1,0.7,1.2,6.1,6.0,72.0
4806,STU_04807,3.4,0.6,0.2,8.0,4.0,76.0
4807,STU_04808,5.5,0.0,1.0,7.4,4.0,83.0
4808,STU_04809,6.6,0.7,0.4,8.3,3.0,92.0
4809,STU_04810,3.9,3.3,0.7,7.3,6.0,84.0
4810,STU_04811,5.6,1.8,1.0,7.5,3.0,83.0
4811,STU_04812,1.6,0.2,0.5,10.0,4.010084804033921,52.0
4812,STU_04813,5.5,1.3,0.6,8.3,3.0,81.0
4813,STU_04814,3.3,3.3,1.3,5.5,7.0,73.0
4814,STU_04815,5.0,1.8,1.4,7.6,3.0,88.0
4815,STU_04816,4.1,0.2,0.1,7.9,4.010084804033921,79.0
4816,STU_04817,6.5,3.0,1.5,5.4,7.0,93.0
4817,STU_04818,3.2,0.5,0.9,6.2,5.0,72.0
4818,STU_04819,5.4,0.9,1.8,7.8,3.0,81.0
4819,STU_04820,4.1,1.1,1.8,8.0,3.0,85.0
4820,STU_04821,4.3,2.9,0.8,5.9,5.0,85.0
4821,STU_04822,4.2,4.0,1.7,7.4,4.0,82.0
4822,STU_04823,3.2,4.0,0.5,7.0,5.0,75.0
4823,STU_04824,4.5,0.0,2.3,8.7,4.010084804033921,80.0
4824,STU_04825,4.4,3.8,0.6,7.8,4.0,82.0
4825,STU_04826,4.9,0.1,1.5,7.5,4.0,72.0
4826,STU_04827,4.6,0.5,1.0,9.3,3.0,85.0
4827,STU_04828,5.7,1.1,0.4,6.5,6.0,90.0
4828,STU_04829,5.9,1.0,1.9,9.7,4.010084804033921,88.0
4829,STU_04830,2.9,1.4,0.7,1.216581632653061,6.0,68.0
4830,STU_04831,5.8,1.0,0.0,7.7,3.0,86.0
4831,STU_04832,2.7,4.1,0.0,6.2,6.0,62.0
4832,STU_04833,5.4,0.4,0.5,7.4,3.0,78.0
4833,STU_04834,5.4,0.5,1.2165816326530612,10.0,2.0,90.0
4834,STU_04835,1.6,3.8,2.2,6.0,6.0,68.0
4835,STU_04836,4.6,0.1,0.6,8.7,4.010084804033921,70.0
4836,STU_04837,3.8,1.4,0.9,7.2,3.0,72.0
4837,STU_04838,3.4,1.7,0.8,8.3,2.0,65.0
4838,STU_04839,6.5,1.1,0.1,7.1,5.0,88.0
4839,STU_04840,3.5,1.8,0.4,7.6,3.0,73.0
4840,STU_04841,3.3,0.3,2.0,8.1,2.0,77.0
4841,STU_04842,4.6,2.9,1.6,6.1,6.0,85.0
4842,STU_04843,5.5,0.2,1.4,10.0,4.010084804033921,82.0
4843,STU_04844,4.3,0.8,0.1,8.4,2.0,76.0
4844,STU_04845,6.2,0.1,1.3,7.5,5.0,84.0
4845,STU_04846,5.3,1.2,0.0,6.9,3.0,88.0
4846,STU_04847,1.2,1.7,1.9,7.2,4.0,65.0
4847,stu_04848 ,3.7,4.3,1.4,5.2,5.0,73.0
4848,STU_04849,3.7,2.0,0.1,9.2,2.0,68.0
4849,STU_04850,5.2,1.2,2.5,7.6,2.0,82.0
4850,STU_04851,0.6,4.0,0.0,6.7,4.0,59.0
4851,STU_04852,8.3,1.0,1.6,8.4,4.010084804033921,100.0
4852,STU_04853,5.3,1.2,1.6,6.6,4.0,77.0
4853,STU_04854,4.7,1.4,0.2,6.4,4.0,78.0
4854,STU_04855,6.3,0.8,1.2,7.4,3.0,88.0
4855,STU_04856,8.0,2.7,0.0,7.3,4.0,99.0
4856,STU_04857,5.8,0.3,0.0,8.4,4.010084804033921,89.0
4857,STU_04858,5.9,1.2,1.2165816326530612,6.1,4.0,95.0
4858,STU_04859,4.7,1.9,0.7,6.8,4.0,79.0
4859,STU_04860,4.3,3.5,1.2165816326530612,3.5,4.010084804033921,69.0
4860,STU_04861,3.8,3.2,1.3,5.6,7.0,76.0
4861,STU_04862,3.3,1.1,1.3,8.1,3.0,67.0
4862,STU_04863,3.5,1.5,0.4,8.4,2.0,70.0
4863,STU_04864,2.5,0.8,0.8,6.5,5.0,69.0
4864,STU_04865,4.4,0.9,0.5,7.3,4.0,75.0
4865,STU_04866,2.0,3.6,0.2,6.9,5.0,65.0
4866,STU_04867,4.8,4.0,0.7,7.7,6.0,80.0
4867,STU_04868,4.4,3.4,1.3,8.3,4.0,84.0
4868,STU_04869,4.7,0.2,0.7,7.9,2.0,80.0
4869,STU_04870,3.7,2.8,0.9,6.7,5.0,82.0
4870,STU_04871,9.1,4.4,1.8,4.9,4.010084804033921,100.0
4871,STU_04872,6.5,0.7,0.8,7.7,2.0,92.0
4872,STU_04873,2.6,1.1,0.1,9.7,4.010084804033921,70.0
4873,STU_04874,4.8,2.3,1.7,8.3,4.0,81.0
4874,STU_04875,3.6,1.2,1.4,7.5,4.0,74.0
4875,STU_04876,3.0,6.0,1.5,6.2,6.0,81.0
4876,STU_04877,2.5,0.9,1.7,6.7,5.0,63.0
4877,STU_04878,5.1,1.9,1.6,6.8,3.0,91.0
4878,STU_04879,3.5,2.4,1.2,7.2,4.0,77.0
4879,STU_04880,6.0,1.0,3.0,1.216581632653061,6.0,95.0
4880,stu_04881 ,6.0,2.9,0.2,8.1,4.0,86.0
4881,STU_04882,6.6,1.2,0.7,8.5,2.0,86.0
4882,stu_04883 ,3.2,0.8,2.0,7.9,3.0,72.0
4883,STU_04884,5.2,0.2,1.3,6.7,5.0,82.0
4884,STU_04885,5.4,0.7,1.2165816326530612,6.5,3.0,82.0
4885,STU_04886,3.8,2.0,1.3,6.2,6.0,71.0
4886,STU_04887,3.3,3.8,2.3,6.6,5.0,75.0
4887,STU_04888,6.9,0.4,0.4,1.216581632653061,5.0,93.0
4888,STU_04889,4.8,0.7,2.3,7.3,3.0,75.0
4889,STU_04890,5.5,0.3,2.1,8.9,4.0,81.0
4890,STU_04891,3.3,1.8,0.2,8.1,3.0,74.0
4891,STU_04892,2.7,4.8,1.7,5.9,6.0,76.0
4892,STU_04893,3.6,1.5,1.2,6.6,5.0,73.0
4893,STU_04894,4.3,1.4,0.7,8.2,4.0,75.0
4894,STU_04895,2.9,1.2,0.0,7.9,4.0,70.0
4895,STU_04896,4.5,0.1,0.4,7.6,3.0,76.0
4896,STU_04897,2.0,2.0,1.8,6.5,6.0,59.0
4897,STU_04898,2.8,1.4,1.9,7.3,4.0,67.0
4898,STU_04899,5.5,1.6,1.0,7.0,5.0,83.0
4899,STU_04900,5.4,3.4,1.9,7.4,5.0,88.0
4900,STU_04901,3.9,2.3,2.0,8.2,4.010084804033921,74.0
4901,STU_04902,3.0,2.3,1.3,5.7,5.0,69.0
4902,STU_04903,3.0,3.9,0.6,5.5,7.0,73.0
4903,STU_04904,3.9,6.0,1.6,7.2,6.0,85.0
4904,STU_04905,5.5,1.3,1.6,7.5,4.0,85.0
4905,STU_04906,5.9,0.2,1.7,6.5,4.0,96.0
4906,STU_04907,3.8,0.9,1.9,8.3,4.0,69.0
4907,STU_04908,2.8,2.3,0.1,7.6,4.0,74.0
4908,STU_04909,4.9,0.0,0.8,10.0,4.010084804033921,79.0
4909,STU_04910,3.3,0.1,0.0,1.216581632653061,4.0,64.0
4910,STU_04911,3.7,0.1,1.8,8.7,4.010084804033921,71.0
4911,STU_04912,6.5,2.0,1.0,1.216581632653061,6.0,86.0
4912,STU_04913,5.7,1.0,1.5,8.8,4.010084804033921,86.0
4913,STU_04914,4.7,0.7,0.0,8.7,3.0,78.0
4914,STU_04915,2.6,0.2,2.3,9.1,4.010084804033921,63.0
4915,STU_04916,4.8,2.0,0.2,8.5,3.0,78.0
4916,STU_04917,6.1,0.6,1.8,7.4,4.010084804033921,92.0
4917,STU_04918,3.9,0.5,1.3,6.4,5.0,74.0
4918,STU_04919,6.5,1.6,1.0,6.7,5.0,92.0
4919,STU_04920,6.4,1.2,1.0,5.7,6.0,91.0
4920,STU_04921,7.0,0.7,0.7,6.7,5.0,93.0
4921,STU_04922,5.0,1.5,2.2,7.5,4.0,81.0
4922,STU_04923,5.4,0.5,1.2,7.6,3.0,89.0
4923,STU_04924,6.6,2.4,0.2,7.0,3.0,100.0
4924,STU_04925,5.2,0.4,0.9,6.9,3.0,87.0
4925,STU_04926,3.7,0.3,1.3,5.9,6.0,73.0
4926,stu_04927 ,3.8,2.3,1.9,7.1,4.0,76.0
4927,STU_04928,4.9,1.8,0.7,7.7,2.0,86.0
4928,STU_04929,2.6,0.3,0.8,6.8,3.0,63.0
4929,STU_04930,4.3,0.2,1.2,7.2,4.0,83.0
4930,STU_04931,6.1,2.7,1.9,8.3,3.0,94.0
4931,STU_04932,1.2,2.2,0.1,8.5,3.0,60.0
4932,STU_04933,6.8,0.6,1.6,6.0,3.0,93.0
4933,STU_04934,6.2,1.6,0.8,7.3,4.010084804033921,92.0
4934,STU_04935,3.8,0.2,0.9,9.2,4.010084804033921,71.0
4935,STU_04936,5.3,1.1,2.8,6.9,5.0,88.0
4936,STU_04937,4.5,0.0,1.0,7.5,4.010084804033921,82.0
4937,STU_04938,6.3,0.7,1.8,8.5,3.0,88.0
4938,STU_04939,6.0,0.1,1.8,1.216581632653061,3.0,84.0
4939,STU_04940,2.4,1.0,0.3,8.6,2.0,65.0
4940,STU_04941,5.4,0.8,0.0,7.5,4.0,79.0
4941,STU_04942,4.2,0.9,1.9,8.0,3.0,70.0
4942,STU_04943,4.6,0.1,0.3,9.4,4.010084804033921,76.0
4943,STU_04944,3.4,0.7,0.0,7.7,3.0,68.0
4944,STU_04945,7.1,2.1,2.0,6.6,7.0,100.0
4945,STU_04946,6.1,0.7,0.4,8.9,4.010084804033921,86.0
4946,STU_04947,3.4,1.9,0.6,9.4,2.0,75.0
4947,STU_04948,2.5,0.7,2.8,9.4,4.010084804033921,64.0
4948,STU_04949,3.9,0.8,0.0,7.4,3.0,82.0
4949,STU_04950,5.2,1.2,0.2,1.216581632653061,3.0,82.0
4950,STU_04951,4.9,4.5,0.8,5.5,4.010084804033921,73.0
4951,STU_04952,6.4,0.2,1.0,7.9,4.0,91.0
4952,stu_04953 ,5.7,0.1,0.5,6.8,4.0,85.0
4953,STU_04954,6.0,1.4,0.3,1.216581632653061,5.0,93.0
4954,STU_04955,5.0,4.5,2.4,6.9,5.0,86.0
4955,STU_04956,2.4,6.0,1.4,6.3,6.0,74.0
4956,STU_04957,4.2,1.0,1.7,5.6,6.0,71.0
4957,STU_04958,6.1,0.9,1.1,9.1,2.0,91.0
4958,STU_04959,4.4,1.6,1.4,6.2,7.0,79.0
4959,STU_04960,5.3,1.2,1.9,6.3,3.0,83.0
4960,STU_04961,4.0,1.5,0.4,6.2,5.0,75.0
4961,STU_04962,3.0,3.1,1.4,6.1,6.0,71.0
4962,STU_04963,4.3,2.1,1.8,6.1,5.0,82.0
4963,STU_04964,5.0,1.0,2.4,6.3,4.0,78.0
4964,STU_04965,3.5,0.9,2.8,4.7,6.0,75.0
4965,STU_04966,4.1,1.5,1.3,7.4,2.0,71.0
4966,STU_04967,3.1,0.9,2.1,7.5,5.0,62.0
4967,STU_04968,6.2,0.9,0.0,1.216581632653061,3.0,94.0
4968,STU_04969,4.1,0.0,2.4,8.0,2.0,70.0
4969,STU_04970,6.7,0.3,0.6,7.3,2.0,91.0
4970,STU_04971,6.8,1.0,1.0,6.3,3.0,91.0
4971,STU_04972,4.4,2.6,1.6,6.8,4.0,82.0
4972,STU_04973,3.0,0.5,1.1,8.1,2.0,69.0
4973,STU_04974,1.4,1.1,1.4,6.9,5.0,64.0
4974,STU_04975,2.3,0.6,2.5,7.4,7.0,59.0
4975,STU_04976,2.4,0.2,0.9,9.7,4.010084804033921,68.0
4976,STU_04977,6.6,4.8,0.3,6.1,5.0,96.0
4977,STU_04978,4.7,2.9,2.7,4.7,6.0,76.0
4978,STU_04979,5.1,0.1,1.6,8.5,2.0,79.0
4979,STU_04980,1.2,1.9,2.7,7.2,5.0,53.0
4980,STU_04981,2.7,0.6,1.9,5.7,5.0,60.0
4981,STU_04982,5.8,6.0,0.1,6.6,6.0,92.0
4982,STU_04983,4.9,0.5,1.7,6.5,6.0,85.0
4983,STU_04984,4.3,0.4,0.4,8.2,3.0,78.0
4984,STU_04985,5.3,1.3,1.2,9.3,2.0,89.0
4985,STU_04986,7.0,2.7,1.1,6.8,5.0,96.0
4986,STU_04987,4.2,0.3,0.0,9.0,4.010084804033921,82.0
4987,STU_04988,4.6,1.9,0.5,6.1,4.0,86.0
4988,STU_04989,4.8,0.1,3.0,5.9,6.0,75.0
4989,STU_04990,8.1,3.8,1.4,8.6,4.0,100.0
4990,STU_04991,1.4,0.1,1.1,8.1,3.0,55.0
4991,STU_04992,5.5,3.7,2.7,7.0,4.0,88.0
4992,STU_04993,4.3,1.0,0.9,8.7,2.0,84.0
4993,STU_04994,5.4,0.9,1.1,7.0,3.0,81.0
4994,STU_04995,3.5,5.4,2.0,6.8,6.0,74.0
4995,STU_04996,4.4,6.0,0.9,6.7,7.0,81.0
4996,STU_04997,5.6,1.6,0.6,6.1,5.0,84.0
4997,STU_04998,9.2,0.2,0.0,9.5,3.0,100.0
4998,STU_04999,5.7,1.1,0.5,8.9,2.0,92.0
4999,stu_05000 ,3.2,1.1,0.4,6.3,4.0,60.0
5000,STU_05001,3.9,1.1,1.3,7.6,3.0,75.0
5001,STU_05002,3.8,1.3,0.7,7.2,2.0,72.0
5002,STU_05003,1.8,0.0,2.9,8.8,3.0,65.0
5003,STU_05004,4.0,1.9,0.4,6.0,5.0,72.0
5004,STU_05005,5.6,1.9,2.3,10.0,2.0,82.0
5005,STU_05006,2.6,0.2,1.4,7.5,2.0,64.0
5006,STU_05007,6.1,1.3,1.8,8.0,4.0,86.0
5007,STU_05008,5.2,1.3,1.8,8.7,2.0,86.0
5008,STU_05009,3.4,1.7,0.0,7.3,3.0,72.0
5009,STU_05010,4.3,0.1,1.2,7.6,3.0,80.0
5010,STU_05011,6.9,1.5,1.0,6.9,4.0,90.0
5011,STU_05012,5.6,0.5,0.3,6.9,3.0,88.0
5012,STU_05013,4.5,1.1,1.6,7.6,3.0,74.0
5013,STU_05014,4.1,2.2,2.6,6.7,6.0,81.0
5014,STU_05015,4.6,1.8,0.0,6.9,5.0,78.0
5015,STU_05016,3.7,0.2,0.8,7.3,4.0,76.0
5016,STU_05017,1.3,1.3,0.2,8.1,3.0,50.0
5017,STU_05018,7.6,5.2,1.3,5.4,7.0,100.0
5018,STU_05019,4.7,0.3,0.9,7.5,4.0,83.0
5019,STU_05020,5.1,2.9,0.7,7.9,2.0,84.0
5020,STU_05021,4.4,1.8,1.8,7.4,5.0,72.0
5021,STU_05022,3.4,2.2,2.5,5.8,7.0,71.0
5022,STU_05023,4.2,0.5,3.0,7.2,4.0,78.0
5023,STU_05024,2.1,0.5,0.6,8.2,2.0,60.0
5024,STU_05025,7.9,3.5,0.0,7.9,4.0,100.0
5025,STU_05026,2.6,0.7,1.6,6.7,3.0,71.0
5026,STU_05027,3.0,0.1,2.5,6.9,4.0,71.0
5027,STU_05028,3.8,1.4,1.9,6.5,6.0,79.0
5028,STU_05029,6.4,0.2,2.5,6.8,4.0,87.0
5029,stu_05030 ,4.5,2.4,1.0,7.5,4.0,87.0
5030,STU_05031,2.6,1.5,0.7,8.0,4.0,72.0
5031,STU_05032,6.4,3.1,1.3,7.9,5.0,92.0
5032,STU_05033,5.6,2.3,0.9,7.0,4.0,81.0
5033,STU_05034,5.3,0.2,1.7,6.2,3.0,73.0
5034,STU_05035,5.6,0.7,2.0,8.1,3.0,88.0
5035,STU_05036,8.1,2.2,2.0,7.1,6.0,95.0
5036,STU_05037,7.8,0.8,1.6,7.5,2.0,94.0
5037,STU_05038,3.5,5.4,1.4,4.8,4.010084804033921,73.0
5038,STU_05039,6.9,2.0,1.8,6.8,6.0,89.0
5039,STU_05040,5.1,0.0,0.0,6.8,3.0,90.0
5040,STU_05041,5.2,3.2,1.4,7.3,6.0,87.0
5041,STU_05042,2.0,0.2,1.2,7.3,5.0,68.0
5042,STU_05043,4.2,0.2,1.4,7.1,3.0,80.0
5043,STU_05044,3.3,2.0,1.1,5.6,5.0,63.0
5044,STU_05045,5.7,3.0,1.5,7.8,4.0,92.0
5045,STU_05046,6.1,1.2,0.7,7.2,4.0,88.0
5046,STU_05047,1.4,0.5,2.1,7.5,2.0,59.0
5047,STU_05048,4.5,0.6,1.6,6.8,3.0,78.0
5048,STU_05049,6.2,0.6,1.3,5.9,3.0,92.0
5049,stu_05050 ,4.2,0.6,0.6,7.2,3.0,83.0
5050,STU_05051,5.6,0.4,1.9,7.1,6.0,79.0
5051,STU_05052,5.0,1.4,1.4,7.6,2.0,83.0
5052,STU_05053,5.0,3.5,0.6,6.5,5.0,91.0
5053,STU_05054,4.1,0.6,1.2,6.9,4.0,75.0
5054,STU_05055,2.7,0.3,1.7,6.1,4.0,67.0
5055,STU_05056,2.8,2.7,1.6,6.9,6.0,72.0
5056,STU_05057,5.6,2.0,1.6,6.3,4.0,95.0
5057,STU_05058,4.5,4.0,1.3,7.9,3.0,86.0
5058,STU_05059,4.3,0.3,2.0,7.7,3.0,84.0
5059,STU_05060,3.9,0.2,2.2,8.1,2.0,81.0
5060,STU_05061,4.0,1.2,1.8,7.0,2.0,75.0
5061,STU_05062,6.1,1.4,0.7,7.6,4.0,90.0
5062,STU_05063,4.0,1.0,0.4,6.7,3.0,84.0
5063,STU_05064,2.5,1.4,0.8,6.3,5.0,62.0
5064,STU_05065,5.6,0.3,2.8,7.4,3.0,87.0
5065,STU_05066,4.2,1.0,1.4,8.0,2.0,80.0
5066,STU_05067,4.5,1.6,2.9,5.0,4.010084804033921,71.0
5067,STU_05068,6.9,0.9,1.1,7.0,3.0,91.0
5068,STU_05069,4.5,1.7,1.0,9.1,2.0,78.0
5069,STU_05070,4.9,0.9,1.1,8.0,3.0,84.0
5070,STU_05071,2.7,0.6,1.1,9.1,2.0,73.0
5071,STU_05072,4.2,0.5,0.6,7.1,4.0,79.0
5072,STU_05073,5.4,0.8,0.3,1.216581632653061,2.0,79.0
5073,STU_05074,2.2,0.0,1.6,8.6,4.010084804033921,69.0
5074,STU_05075,4.8,1.7,2.0,7.7,4.0,86.0
5075,STU_05076,4.7,2.8,3.0,6.5,5.0,81.0
5076,STU_05077,4.6,0.7,0.9,6.4,5.0,76.0
5077,STU_05078,6.1,0.1,0.9,9.0,4.010084804033921,83.0
5078,STU_05079,5.0,6.0,0.6,8.6,5.0,93.0
5079,STU_05080,6.7,0.5,2.1,5.9,4.0,83.0
5080,STU_05081,3.0,0.2,1.9,9.0,4.010084804033921,73.0
5081,STU_05082,4.7,0.7,0.5,7.2,5.0,77.0
5082,STU_05083,4.6,2.0,0.5,7.0,4.0,82.0
5083,STU_05084,2.9,0.5,2.0,7.7,4.0,54.0
5084,STU_05085,5.9,1.3,1.5,6.1,4.0,80.0
5085,STU_05086,8.0,0.8,1.8,7.4,3.0,96.0
5086,STU_05087,4.5,0.2,0.5,6.2,5.0,73.0
5087,STU_05088,5.3,0.6,0.0,8.3,4.010084804033921,85.0
5088,STU_05089,4.6,1.9,0.5,9.6,4.0,82.0
5089,STU_05090,3.4,1.4,1.8,6.6,5.0,80.0
5090,STU_05091,1.8,0.2,2.9,7.2,3.0,63.0
5091,STU_05092,3.4,0.3,0.9,7.6,3.0,68.0
5092,STU_05093,2.4,1.5,3.0,7.9,5.0,72.0
5093,STU_05094,7.1,2.5,1.9,7.3,4.0,94.0
5094,STU_05095,4.3,0.6,0.1,8.7,4.010084804033921,75.0
5095,STU_05096,4.0,1.4,1.4,6.8,5.0,76.0
5096,STU_05097,5.8,0.3,1.9,8.0,3.0,92.0
5097,STU_05098,2.8,0.6,0.0,4.5,6.0,72.0
5098,STU_05099,3.3,0.0,1.7,8.3,3.0,74.0
5099,STU_05100,4.6,2.2,2.1,5.7,7.0,89.0
5100,STU_05101,6.0,0.8,1.5,7.1,4.0,91.0
5101,STU_05102,5.3,2.5,1.2,7.8,3.0,80.0
5102,STU_05103,4.9,1.8,1.1,5.7,6.0,84.0
5103,STU_05104,4.6,2.6,1.0,8.1,5.0,88.0
5104,STU_05105,5.1,0.5,0.3,7.7,3.0,75.0
5105,STU_05106,4.8,0.3,0.6,9.2,2.0,79.0
5106,STU_05107,3.0,5.4,0.9,5.3,7.0,71.0
5107,STU_05108,4.6,1.9,1.3,5.4,6.0,81.0
5108,STU_05109,2.9,2.7,0.8,7.0,5.0,76.0
5109,STU_05110,4.6,0.0,0.5,8.5,3.0,83.0
5110,STU_05111,3.8,0.7,1.8,1.216581632653061,4.0,73.0
5111,STU_05112,8.3,2.0,1.5,6.0,4.0,100.0
5112,STU_05113,4.4,0.1,0.8,6.2,5.0,71.0
5113,STU_05114,2.4,1.3,1.6,7.0,6.0,59.0
5114,STU_05115,4.3,0.8,0.8,8.1,2.0,82.0
5115,STU_05116,5.3,0.0,1.3,8.2,4.010084804033921,70.0
5116,STU_05117,7.0,0.4,2.0,9.1,2.0,90.0
5117,STU_05118,3.6,0.5,0.7,7.3,3.0,75.0
5118,STU_05119,2.1,0.2,0.3,6.0,4.0,64.0
5119,STU_05120,5.7,1.5,1.1,8.5,4.010084804033921,75.0
5120,STU_05121,2.4,0.4,0.1,8.0,4.0,67.0
5121,STU_05122,3.8,0.5,1.0,7.9,2.0,70.0
5122,STU_05123,4.1,3.4,1.0,7.5,4.0,80.0
5123,STU_05124,4.4,0.9,0.0,9.0,2.0,75.0
5124,STU_05125,5.5,0.7,1.6,7.4,2.0,82.0
5125,STU_05126,3.5,1.9,1.1,8.4,4.010084804033921,67.0
5126,STU_05127,4.1,3.6,2.1,7.0,5.0,79.0
5127,STU_05128,4.5,0.0,1.4,7.1,4.0,82.0
5128,STU_05129,4.7,0.9,1.8,7.1,4.0,78.0
5129,STU_05130,4.6,1.4,2.2,7.8,2.0,78.0
5130,STU_05131,5.2,0.6,1.1,1.216581632653061,5.0,79.0
5131,STU_05132,5.8,2.2,1.2,8.0,4.0,83.0
5132,STU_05133,5.1,5.3,0.0,6.6,6.0,85.0
5133,STU_05134,5.2,4.3,2.2,1.216581632653061,6.0,88.0
5134,STU_05135,2.1,0.5,1.1,9.1,2.0,73.0
5135,STU_05136,4.6,0.4,0.4,8.2,4.0,82.0
5136,STU_05137,5.2,4.7,1.8,6.3,7.0,91.0
5137,STU_05138,5.6,0.9,0.0,7.6,3.0,93.0
5138,STU_05139,3.5,0.4,0.9,7.6,2.0,73.0
5139,STU_05140,3.5,1.8,1.9,1.216581632653061,4.0,78.0
5140,STU_05141,3.6,0.5,0.8,9.0,2.0,73.0
5141,STU_05142,5.3,0.5,0.6,7.1,3.0,84.0
5142,STU_05143,6.1,3.2,0.9,6.2,5.0,85.0
5143,STU_05144,3.9,0.3,0.0,9.2,4.010084804033921,72.0
5144,STU_05145,5.9,0.1,1.8,1.216581632653061,3.0,83.0
5145,STU_05146,4.7,0.5,1.1,7.9,4.0,76.0
5146,STU_05147,4.3,1.4,1.0,6.8,4.0,75.0
5147,STU_05148,4.2,0.2,1.2165816326530612,6.1,2.0,81.0
5148,STU_05149,5.6,1.0,1.2,7.7,3.0,84.0
5149,STU_05150,5.0,1.5,1.7,8.3,3.0,82.0
5150,STU_05151,7.9,2.8,1.2,6.9,5.0,100.0
5151,STU_05152,3.2,0.4,0.1,6.4,4.0,73.0
5152,STU_05153,5.3,2.6,1.7,7.0,3.0,86.0
5153,STU_05154,3.7,0.4,1.6,6.8,4.0,77.0
5154,STU_05155,3.2,1.7,1.4,4.6,6.0,69.0
5155,STU_05156,4.5,0.8,2.1,7.3,3.0,76.0
5156,STU_05157,4.7,0.2,1.2,8.2,4.010084804033921,77.0
5157,STU_05158,8.9,1.9,2.1,8.2,3.0,100.0
5158,STU_05159,4.2,0.4,2.3,9.2,5.0,78.0
5159,STU_05160,2.8,0.3,1.7,8.2,4.0,63.0
5160,STU_05161,4.9,0.7,0.6,8.6,4.010084804033921,82.0
5161,STU_05162,1.4,1.6,1.1,6.0,5.0,63.0
5162,STU_05163,4.4,0.4,2.2,9.1,4.010084804033921,75.0
5163,STU_05164,4.5,0.3,0.0,9.2,4.010084804033921,77.0
5164,STU_05165,5.7,0.0,0.9,7.5,4.0,80.0
5165,STU_05166,6.0,1.0,0.9,8.2,2.0,81.0
5166,STU_05167,3.7,0.8,0.5,8.2,2.0,69.0
5167,STU_05168,4.3,0.4,1.9,9.0,3.0,79.0
5168,STU_05169,3.4,0.1,1.5,7.5,2.0,72.0
5169,STU_05170,2.8,0.8,0.6,6.9,4.0,76.0
5170,STU_05171,5.0,2.3,1.7,6.5,4.0,83.0
5171,STU_05172,2.6,1.9,1.1,8.1,2.0,69.0
5172,STU_05173,3.9,3.0,0.5,5.1,7.0,79.0
5173,STU_05174,3.0,0.0,0.6,4.9,5.0,64.0
5174,STU_05175,5.3,5.1,1.5,7.1,4.0,93.0
5175,STU_05176,7.2,0.6,2.0,7.7,2.0,96.0
5176,STU_05177,2.5,6.0,0.8,1.216581632653061,6.0,70.0
5177,STU_05178,1.7,0.4,1.6,1.216581632653061,3.0,62.0
5178,STU_05179,4.3,1.0,2.5,5.5,6.0,80.0
5179,STU_05180,4.5,0.7,0.2,7.1,2.0,73.0
5180,STU_05181,4.8,0.7,1.5,7.9,2.0,84.0
5181,STU_05182,3.8,2.8,1.9,6.2,6.0,75.0
5182,STU_05183,4.2,2.1,1.1,8.1,3.0,66.0
5183,STU_05184,5.1,6.0,2.2,4.8,4.010084804033921,85.0
5184,STU_05185,6.1,1.4,3.0,6.5,4.0,94.0
5185,STU_05186,1.6,0.9,1.5,8.1,2.0,56.0
5186,STU_05187,3.9,0.1,1.0,7.4,2.0,67.0
5187,STU_05188,4.8,6.0,2.0,5.5,4.010084804033921,77.0
5188,STU_05189,3.1,1.2,1.9,6.6,4.0,68.0
5189,STU_05190,7.1,1.8,0.0,6.6,4.0,100.0
5190,STU_05191,3.5,0.8,1.2,7.9,4.0,65.0
5191,STU_05192,4.4,1.2,0.9,1.216581632653061,4.0,84.0
5192,STU_05193,5.3,4.3,1.5,6.6,5.0,93.0
5193,STU_05194,3.6,0.3,1.0,7.1,4.0,74.0
5194,STU_05195,1.7,0.5,1.1,7.4,4.0,53.0
5195,STU_05196,3.9,0.2,0.5,9.4,4.010084804033921,72.0
5196,STU_05197,6.0,2.4,1.8,5.5,5.0,94.0
5197,STU_05198,4.0,0.1,2.5,9.4,4.010084804033921,67.0
5198,STU_05199,3.2,0.1,0.5,8.0,2.0,67.0
5199,STU_05200,5.9,0.5,0.1,7.6,3.0,88.0
5200,STU_05201,4.0,1.1,1.2,1.216581632653061,2.0,71.0
5201,STU_05202,3.7,0.8,1.2,5.5,3.0,79.0
5202,STU_05203,4.7,0.1,2.1,8.9,4.010084804033921,83.0
5203,STU_05204,5.7,4.7,0.2,8.4,4.0,92.0
5204,STU_05205,8.1,4.6,0.8,7.6,7.0,100.0
5205,STU_05206,5.7,0.5,0.0,5.8,4.0,83.0
5206,STU_05207,6.2,2.0,2.3,7.7,5.0,93.0
5207,STU_05208,3.7,1.3,1.4,9.0,4.010084804033921,72.0
5208,STU_05209,3.0,0.4,0.8,9.3,4.010084804033921,68.0
5209,STU_05210,4.6,0.5,0.1,6.4,2.0,76.0
5210,STU_05211,4.7,1.0,0.2,8.7,2.0,85.0
5211,STU_05212,2.9,0.8,1.5,9.2,4.010084804033921,73.0
5212,STU_05213,4.2,0.5,0.3,7.8,3.0,72.0
5213,STU_05214,5.1,2.5,1.3,5.5,6.0,90.0
5214,STU_05215,5.0,1.0,2.8,8.0,5.0,79.0
5215,STU_05216,5.3,1.6,0.9,8.4,4.0,91.0
5216,STU_05217,4.9,0.3,0.4,7.7,4.010084804033921,86.0
5217,STU_05218,3.7,1.1,1.5,6.2,5.0,83.0
5218,STU_05219,3.7,0.6,0.2,8.8,4.010084804033921,74.0
5219,STU_05220,2.7,1.1,2.6,6.4,6.0,67.0
5220,STU_05221,7.2,2.3,2.3,7.2,3.0,95.0
5221,STU_05222,4.5,2.2,1.1,1.216581632653061,4.0,82.0
5222,STU_05223,4.2,0.7,0.5,6.0,5.0,72.0
5223,STU_05224,3.1,1.8,0.9,8.2,2.0,62.0
5224,STU_05225,8.9,4.3,1.0,6.3,6.0,100.0
5225,STU_05226,2.9,1.5,1.5,7.1,4.0,70.0
5226,STU_05227,3.9,0.2,2.0,8.0,3.0,76.0
5227,STU_05228,5.1,1.7,0.4,6.6,4.0,85.0
5228,STU_05229,5.4,0.2,2.0,6.4,5.0,83.0
5229,STU_05230,5.9,3.1,1.7,5.0,7.0,95.0
5230,STU_05231,7.2,1.1,0.8,8.7,3.0,91.0
5231,STU_05232,5.3,0.7,0.3,7.3,2.0,80.0
5232,STU_05233,2.9,0.1,1.3,8.3,2.0,76.0
5233,STU_05234,4.1,0.7,0.4,7.2,4.0,63.0
5234,STU_05235,5.0,3.5,2.0,5.4,4.010084804033921,82.0
5235,STU_05236,7.6,0.0,0.3,8.6,2.0,98.0
5236,STU_05237,2.4,1.0,1.6,7.7,3.0,66.0
5237,STU_05238,6.3,4.0,1.1,6.3,7.0,97.0
5238,STU_05239,4.8,0.8,0.8,7.9,3.0,83.0
5239,STU_05240,5.8,0.8,1.1,6.6,5.0,80.0
5240,STU_05241,4.3,1.3,2.1,8.3,3.0,74.0
5241,STU_05242,3.2,0.9,0.2,9.0,2.0,69.0
5242,STU_05243,5.6,0.3,0.9,8.5,4.010084804033921,76.0
5243,STU_05244,5.5,0.0,0.6,7.5,4.010084804033921,83.0
5244,STU_05245,6.0,1.4,1.2,7.4,5.0,90.0
5245,STU_05246,4.5,3.8,0.7,8.3,6.0,87.0
5246,STU_05247,3.6,0.2,0.0,9.2,4.010084804033921,72.0
5247,STU_05248,2.2,0.4,0.4,9.8,4.010084804033921,61.0
5248,STU_05249,5.7,0.7,2.5,6.5,6.0,86.0
5249,STU_05250,5.1,2.5,1.4,6.1,6.0,84.0
5250,STU_05251,3.1,0.5,1.4,7.7,4.010084804033921,72.0
5251,STU_05252,3.7,3.2,1.0,7.3,6.0,77.0
5252,STU_05253,3.8,0.1,1.2,7.6,4.010084804033921,76.0
5253,STU_05254,2.3,4.2,0.9,6.2,6.0,69.0
5254,STU_05255,3.3,1.2,1.6,8.6,2.0,77.0
5255,STU_05256,2.8,1.6,1.3,7.2,3.0,70.0
5256,STU_05257,3.9,0.7,0.3,6.5,4.0,72.0
5257,STU_05258,3.4,2.3,1.4,5.9,7.0,72.0
5258,STU_05259,2.1,0.3,0.0,8.2,2.0,66.0
5259,STU_05260,7.5,0.1,1.5,10.0,2.0,90.0
5260,STU_05261,6.4,0.8,0.1,6.8,5.0,89.0
5261,STU_05262,3.3,2.9,1.1,6.6,7.0,79.0
5262,STU_05263,4.9,2.1,0.2,9.7,4.010084804033921,85.0
5263,STU_05264,5.1,1.1,1.2,6.9,3.0,78.0
5264,STU_05265,6.3,1.3,1.7,1.216581632653061,3.0,91.0
5265,STU_05266,3.3,0.2,2.4,9.3,3.0,65.0
5266,STU_05267,6.1,2.8,0.0,6.2,6.0,92.0
5267,STU_05268,3.7,2.3,1.2165816326530612,6.6,3.0,81.0
5268,STU_05269,2.5,1.6,1.3,6.8,5.0,68.0
5269,STU_05270,5.6,0.9,0.8,6.0,2.0,80.0
5270,STU_05271,6.4,5.0,1.8,7.7,5.0,95.0
5271,STU_05272,8.4,3.2,1.0,6.3,5.0,100.0
5272,STU_05273,2.7,1.6,1.8,6.3,4.0,73.0
5273,STU_05274,5.5,0.7,0.4,7.3,4.0,89.0
5274,STU_05275,3.9,1.4,0.7,8.4,2.0,71.0
5275,STU_05276,5.7,1.3,2.0,7.3,4.0,85.0
5276,STU_05277,2.3,0.8,2.4,6.5,4.0,66.0
5277,STU_05278,2.6,0.5,1.2,8.0,3.0,64.0
5278,STU_05279,3.3,0.8,0.0,8.6,3.0,73.0
5279,STU_05280,4.6,1.3,1.0,7.4,3.0,74.0
5280,STU_05281,3.5,0.8,1.2,7.3,4.0,74.0
5281,STU_05282,5.5,0.5,1.0,8.7,2.0,88.0
5282,STU_05283,6.0,2.1,1.5,6.9,5.0,90.0
5283,STU_05284,5.4,1.1,0.8,9.1,4.010084804033921,85.0
5284,STU_05285,6.9,0.1,1.9,6.8,5.0,95.0
5285,STU_05286,5.1,0.7,0.3,7.0,4.0,80.0
5286,STU_05287,2.7,3.2,2.2,5.7,6.0,73.0
5287,STU_05288,6.5,2.1,2.4,6.6,5.0,92.0
5288,STU_05289,3.6,0.6,0.5,7.7,3.0,69.0
5289,STU_05290,5.9,4.2,0.5,5.3,7.0,95.0
5290,STU_05291,6.9,0.1,1.5,7.8,2.0,97.0
5291,STU_05292,5.2,4.9,0.3,7.1,7.0,93.0
5292,STU_05293,2.3,0.4,0.8,6.2,5.0,68.0
5293,STU_05294,3.1,0.0,2.1,7.1,6.0,71.0
5294,STU_05295,6.5,0.9,1.8,8.0,4.010084804033921,92.0
5295,STU_05296,4.2,0.7,2.8,6.2,6.0,76.0
5296,STU_05297,4.6,1.2,1.3,7.1,5.0,77.0
5297,STU_05298,5.6,2.4,0.7,8.2,4.0,79.0
5298,STU_05299,5.5,2.8,1.2,8.7,3.0,81.0
5299,STU_05300,4.9,0.8,1.1,8.0,4.010084804033921,81.0
5300,STU_05301,4.2,0.8,1.1,1.216581632653061,5.0,71.0
5301,STU_05302,4.0,0.2,1.2,7.2,3.0,76.0
5302,STU_05303,5.8,0.1,0.5,8.8,4.010084804033921,92.0
5303,STU_05304,5.3,1.5,1.4,8.4,5.0,71.0
5304,STU_05305,4.1,0.1,0.1,6.8,2.0,71.0
5305,STU_05306,6.1,2.0,0.6,8.2,4.0,98.0
5306,STU_05307,4.3,1.2,1.1,6.8,3.0,81.0
5307,STU_05308,3.2,0.3,0.0,7.0,2.0,69.0
5308,STU_05309,3.4,1.2,1.8,7.1,4.0,70.0
5309,STU_05310,3.0,0.3,0.0,8.9,2.0,71.0
5310,STU_05311,4.1,0.9,1.7,7.7,4.0,80.0
5311,STU_05312,6.4,2.4,0.2,7.5,5.0,87.0
5312,STU_05313,3.3,0.9,0.9,7.9,2.0,77.0
5313,STU_05314,4.8,0.2,1.6,8.1,4.010084804033921,81.0
5314,STU_05315,3.5,1.9,3.0,6.7,5.0,78.0
5315,STU_05316,4.1,0.3,1.3,8.3,3.0,79.0
5316,STU_05317,2.2,2.0,0.0,6.7,4.0,68.0
5317,STU_05318,4.2,1.0,2.0,8.0,4.010084804033921,78.0
5318,STU_05319,4.2,0.9,1.0,8.4,4.010084804033921,79.0
5319,STU_05320,5.3,2.9,1.3,7.6,4.0,85.0
5320,STU_05321,4.8,1.8,1.6,7.9,4.0,84.0
5321,STU_05322,2.7,0.1,0.0,8.4,4.010084804033921,65.0
5322,STU_05323,6.1,0.5,1.2,1.216581632653061,3.0,88.0
5323,STU_05324,4.8,3.1,0.9,4.6,6.0,90.0
5324,STU_05325,4.8,0.0,2.2,8.4,3.0,79.0
5325,stu_05326 ,4.5,1.2,1.8,9.3,2.0,80.0
5326,STU_05327,3.7,2.0,0.0,6.8,5.0,75.0
5327,STU_05328,4.8,1.5,2.2,6.4,4.0,80.0
5328,STU_05329,5.2,2.1,1.6,8.3,2.0,92.0
5329,STU_05330,1.9,1.9,0.0,6.5,5.0,58.0
5330,STU_05331,3.7,1.8,1.2,6.6,3.0,75.0
5331,STU_05332,4.1,2.6,2.0,7.0,4.0,74.0
5332,STU_05333,4.9,1.6,0.2,6.7,6.0,87.0
5333,STU_05334,6.3,0.8,1.2165816326530612,8.2,3.0,89.0
5334,STU_05335,3.3,1.0,0.0,6.9,4.0,70.0
5335,STU_05336,3.8,1.9,0.6,7.7,4.0,68.0
5336,STU_05337,3.7,3.1,0.4,7.3,5.0,83.0
5337,STU_05338,3.3,0.5,2.3,9.1,2.0,65.0
5338,STU_05339,4.0,0.6,0.8,8.8,4.010084804033921,77.0
5339,STU_05340,5.7,4.0,0.3,6.2,4.010084804033921,78.0
5340,STU_05341,2.9,1.3,1.6,6.0,5.0,78.0
5341,STU_05342,5.1,0.3,1.7,8.4,3.0,79.0
5342,STU_05343,1.9,1.6,1.7,6.5,5.0,61.0
5343,STU_05344,3.7,6.0,1.0,5.7,7.0,79.0
5344,STU_05345,4.0,2.6,1.4,5.9,5.0,76.0
5345,STU_05346,7.0,2.1,0.7,7.9,5.0,88.0
5346,stu_05347 ,4.1,0.3,2.5,6.7,3.0,82.0
5347,STU_05348,1.2,3.1,2.1,6.6,6.0,60.0
5348,STU_05349,1.5,1.1,2.1,7.2,5.0,60.0
5349,STU_05350,4.6,3.3,1.8,6.8,5.0,85.0
5350,STU_05351,5.4,0.6,1.6,8.2,3.0,89.0
5351,STU_05352,5.1,0.1,0.2,7.7,3.0,76.0
5352,STU_05353,4.8,1.0,1.7,6.6,4.0,81.0
5353,STU_05354,6.2,0.5,1.3,5.7,3.0,83.0
5354,STU_05355,3.7,1.9,2.2,7.1,6.0,76.0
5355,STU_05356,5.8,4.7,1.8,6.1,6.0,93.0
5356,STU_05357,2.1,1.8,1.6,6.4,5.0,63.0
5357,STU_05358,3.1,3.3,0.0,1.216581632653061,3.0,75.0
5358,STU_05359,1.8,0.9,1.1,8.4,2.0,63.0
5359,STU_05360,4.1,2.2,0.8,8.3,3.0,78.0
5360,STU_05361,4.4,2.8,1.4,5.4,7.0,80.0
5361,STU_05362,4.7,1.9,0.9,6.9,3.0,75.0
5362,STU_05363,4.6,1.1,1.0,8.4,4.0,75.0
5363,STU_05364,3.1,1.5,1.6,8.8,2.0,68.0
5364,STU_05365,4.2,1.8,0.9,6.5,6.0,74.0
5365,STU_05366,2.3,0.4,1.3,9.0,2.0,62.0
5366,STU_05367,6.5,2.5,0.0,5.9,6.0,93.0
5367,STU_05368,4.0,4.5,0.5,7.7,3.0,81.0
5368,STU_05369,3.8,0.9,1.7,7.1,3.0,76.0
5369,STU_05370,6.9,1.8,0.2,9.0,4.010084804033921,95.0
5370,STU_05371,2.6,2.0,2.2,6.5,5.0,69.0
5371,STU_05372,2.8,1.6,2.0,6.8,5.0,71.0
5372,STU_05373,2.9,1.2,1.0,7.3,4.0,65.0
5373,STU_05374,4.4,3.2,3.0,4.9,4.010084804033921,70.0
5374,STU_05375,5.1,0.9,2.2,5.5,6.0,81.0
5375,STU_05376,5.6,0.1,0.4,8.4,4.0,81.0
5376,STU_05377,8.4,2.8,1.8,7.8,4.0,97.0
5377,STU_05378,1.1,1.7,1.3,7.9,4.010084804033921,62.0
5378,STU_05379,5.4,2.8,0.6,5.8,7.0,83.0
5379,stu_05380 ,3.7,0.2,0.3,8.3,2.0,80.0
5380,STU_05381,3.6,0.0,2.0,6.6,5.0,72.0
5381,STU_05382,3.6,4.1,0.7,7.0,6.0,72.0
5382,STU_05383,3.1,0.2,1.1,8.8,4.010084804033921,72.0
5383,STU_05384,7.0,2.5,0.5,7.5,5.0,96.0
5384,STU_05385,5.8,2.6,0.6,8.6,3.0,90.0
5385,STU_05386,4.5,1.9,1.1,7.1,5.0,78.0
5386,STU_05387,6.5,0.2,1.5,7.4,5.0,86.0
5387,STU_05388,2.2,1.7,0.0,7.6,3.0,60.0
5388,STU_05389,2.5,3.3,1.2,5.4,7.0,65.0
5389,STU_05390,1.2,0.8,0.6,7.2,4.0,53.0
5390,STU_05391,3.5,0.8,2.3,7.0,4.0,70.0
5391,STU_05392,4.7,0.9,3.0,6.9,6.0,80.0
5392,STU_05393,4.7,0.1,0.9,8.0,3.0,72.0
5393,STU_05394,4.7,3.3,0.0,5.5,6.0,87.0
5394,STU_05395,2.4,3.1,1.3,5.7,6.0,69.0
5395,STU_05396,5.7,6.0,1.0,7.1,7.0,100.0
5396,STU_05397,4.9,1.3,2.8,5.0,4.010084804033921,72.0
5397,STU_05398,5.6,2.1,2.5,7.5,5.0,96.0
5398,STU_05399,1.7,0.3,1.9,7.1,4.0,63.0
5399,STU_05400,5.0,1.7,0.7,7.5,5.0,74.0
5400,STU_05401,2.7,1.6,1.7,8.7,2.0,64.0
5401,STU_05402,3.9,3.5,1.4,6.5,5.0,80.0
5402,STU_05403,5.3,2.7,1.4,7.5,5.0,79.0
5403,STU_05404,4.6,4.2,0.0,6.8,5.0,81.0
5404,STU_05405,3.2,3.0,2.0,6.6,4.010084804033921,60.0
5405,STU_05406,4.5,3.0,1.3,6.6,6.0,90.0
5406,STU_05407,2.2,0.1,1.1,8.4,3.0,68.0
5407,STU_05408,6.2,2.8,0.7,6.3,5.0,90.0
5408,STU_05409,4.2,1.4,0.6,6.3,6.0,83.0
5409,STU_05410,6.2,0.7,1.5,7.6,3.0,93.0
5410,STU_05411,3.7,0.1,0.0,8.2,2.0,78.0
5411,STU_05412,3.7,1.7,1.8,5.3,6.0,73.0
5412,STU_05413,3.4,0.6,0.4,7.7,4.010084804033921,70.0
5413,STU_05414,5.8,0.9,0.0,6.5,4.0,82.0
5414,STU_05415,3.4,1.7,2.7,7.6,5.0,73.0
5415,STU_05416,5.5,3.6,0.5,5.0,5.0,85.0
5416,STU_05417,3.9,2.6,0.6,9.0,4.0,73.0
5417,STU_05418,1.5,0.9,2.1,7.0,4.0,65.0
5418,STU_05419,3.6,0.7,2.7,6.4,5.0,76.0
5419,STU_05420,2.7,0.4,0.0,7.6,4.010084804033921,63.0
5420,STU_05421,4.6,0.7,0.4,8.3,2.0,82.0
5421,STU_05422,2.7,0.2,0.5,8.7,4.010084804033921,68.0
5422,STU_05423,5.9,5.3,1.9,5.7,7.0,92.0
5423,STU_05424,4.4,1.3,2.5,5.7,4.0,84.0
5424,STU_05425,4.2,0.2,0.3,6.7,3.0,77.0
5425,STU_05426,5.5,0.7,2.3,7.6,3.0,91.0
5426,STU_05427,5.9,1.2,0.6,8.5,2.0,90.0
5427,STU_05428,4.5,1.1,1.5,8.5,3.0,81.0
5428,STU_05429,3.3,0.1,0.2,8.1,4.010084804033921,66.0
5429,STU_05430,1.8,4.5,1.1,7.4,5.0,66.0
5430,STU_05431,3.5,0.5,1.1,9.5,4.010084804033921,77.0
5431,STU_05432,3.6,0.0,0.9,9.0,4.010084804033921,76.0
5432,STU_05433,4.7,0.1,1.5,8.6,4.010084804033921,77.0
5433,STU_05434,4.0,1.3,0.4,6.7,5.0,70.0
5434,STU_05435,5.5,0.2,1.2165816326530612,8.8,4.0,90.0
5435,stu_05436 ,3.6,0.1,1.2165816326530612,8.1,4.010084804033921,76.0
5436,STU_05437,4.4,0.7,2.3,8.0,2.0,73.0
5437,STU_05438,6.3,1.5,1.2,8.6,4.010084804033921,85.0
5438,STU_05439,5.0,0.2,1.6,8.0,2.0,88.0
5439,STU_05440,4.4,0.6,1.8,1.216581632653061,5.0,75.0
5440,STU_05441,3.6,0.8,1.9,6.3,5.0,71.0
5441,STU_05442,3.6,0.3,0.4,7.5,3.0,69.0
5442,STU_05443,3.2,1.1,0.6,7.8,3.0,72.0
5443,STU_05444,3.7,0.1,0.6,8.1,2.0,67.0
5444,STU_05445,5.6,0.1,2.7,7.7,4.0,85.0
5445,STU_05446,4.2,1.1,1.6,8.3,4.0,71.0
5446,STU_05447,2.5,0.4,1.6,8.4,3.0,60.0
5447,STU_05448,7.2,0.2,1.5,7.6,4.010084804033921,88.0
5448,STU_05449,5.0,0.8,0.1,1.216581632653061,4.0,76.0
5449,STU_05450,2.4,3.7,2.8,6.7,6.0,73.0
5450,STU_05451,3.8,1.9,1.6,9.4,3.0,79.0
5451,STU_05452,4.7,2.5,1.8,7.2,5.0,81.0
5452,STU_05453,7.1,3.1,0.0,6.8,5.0,94.0
5453,STU_05454,2.8,5.4,1.8,6.6,6.0,81.0
5454,STU_05455,6.0,2.2,0.9,7.8,5.0,92.0
5455,STU_05456,6.6,1.4,0.1,8.1,4.0,87.0
5456,STU_05457,3.6,0.7,0.4,9.1,4.010084804033921,74.0
5457,STU_05458,4.1,0.3,0.2,8.3,4.010084804033921,76.0
5458,STU_05459,2.9,1.7,0.2,8.8,3.0,73.0
5459,STU_05460,4.2,6.0,1.2,6.2,7.0,95.0
5460,STU_05461,4.4,0.9,0.9,9.1,3.0,75.0
5461,STU_05462,5.5,1.9,1.5,1.216581632653061,3.0,88.0
5462,STU_05463,6.1,1.0,2.5,8.1,4.0,94.0
5463,STU_05464,3.4,0.8,1.1,8.3,2.0,78.0
5464,STU_05465,1.5,0.8,0.0,10.0,4.010084804033921,61.0
5465,STU_05466,4.5,1.1,1.0,8.6,3.0,73.0
5466,STU_05467,4.9,0.7,2.2,6.5,4.0,73.0
5467,STU_05468,4.9,2.1,1.1,7.4,5.0,86.0
5468,STU_05469,4.0,3.1,2.4,6.3,4.0,80.0
5469,STU_05470,4.7,3.2,1.6,8.8,3.0,83.0
5470,STU_05471,6.8,0.4,0.0,9.1,4.010084804033921,92.0
5471,STU_05472,5.1,3.4,1.3,8.8,2.0,89.0
5472,STU_05473,3.9,0.6,1.4,6.8,5.0,77.0
5473,STU_05474,3.7,0.6,2.1,8.5,4.010084804033921,75.0
5474,STU_05475,4.2,1.9,2.7,5.5,5.0,76.0
5475,STU_05476,7.0,0.5,1.9,5.9,6.0,97.0
5476,STU_05477,4.2,0.1,1.6,7.3,2.0,73.0
5477,STU_05478,4.5,0.7,1.7,9.0,3.0,82.0
5478,STU_05479,3.8,1.9,1.1,6.2,6.0,74.0
5479,STU_05480,6.1,0.6,0.0,7.8,2.0,90.0
5480,STU_05481,7.4,1.5,1.2,8.5,4.0,100.0
5481,STU_05482,5.2,1.6,1.5,8.1,4.010084804033921,86.0
5482,STU_05483,4.6,2.0,0.2,9.6,2.0,86.0
5483,STU_05484,4.6,3.4,2.3,1.216581632653061,5.0,81.0
5484,STU_05485,0.9,0.8,2.0,6.9,4.0,57.0
5485,STU_05486,5.6,0.3,0.1,6.8,3.0,83.0
5486,STU_05487,4.7,0.6,2.3,7.0,5.0,72.0
5487,STU_05488,5.1,0.8,1.0,6.5,4.0,86.0
5488,STU_05489,3.4,1.9,0.6,5.5,6.0,76.0
5489,STU_05490,3.9,0.0,2.1,9.5,4.010084804033921,76.0
5490,STU_05491,3.9,0.6,1.2,7.6,2.0,79.0
5491,STU_05492,6.0,2.3,2.7,9.4,2.0,85.0
5492,STU_05493,3.9,1.7,0.5,6.6,5.0,71.0
5493,STU_05494,7.6,2.0,0.0,7.0,4.0,100.0
5494,STU_05495,5.1,2.5,1.0,6.3,6.0,84.0
5495,STU_05496,2.6,2.3,1.8,6.3,5.0,70.0
5496,STU_05497,4.3,1.7,0.5,8.3,3.0,73.0
5497,STU_05498,3.5,0.9,0.1,8.3,3.0,78.0
5498,STU_05499,1.2,6.0,1.4,6.8,6.0,69.0
5499,STU_05500,6.9,1.3,0.0,9.0,4.010084804033921,91.0
5500,STU_05501,5.6,0.3,1.4,8.7,3.0,92.0
5501,STU_05502,5.3,0.5,0.9,6.7,3.0,77.0
5502,STU_05503,4.7,1.8,1.6,6.6,5.0,80.0
5503,STU_05504,2.4,3.9,0.1,6.9,4.0,74.0
5504,STU_05505,3.8,0.3,2.2,10.0,4.010084804033921,78.0
5505,STU_05506,5.8,0.1,1.1,8.5,4.010084804033921,79.0
5506,STU_05507,2.9,3.2,1.8,6.8,6.0,71.0
5507,STU_05508,0.7,3.7,2.0,7.2,2.0,63.0
5508,STU_05509,4.2,0.5,0.3,7.2,4.0,82.0
5509,stu_05510 ,4.3,0.7,1.9,7.7,4.0,82.0
5510,STU_05511,4.7,1.6,0.1,8.5,4.010084804033921,83.0
5511,STU_05512,5.6,0.6,0.1,7.8,4.0,85.0
5512,STU_05513,5.5,3.1,2.8,5.7,4.010084804033921,71.0
5513,STU_05514,4.9,0.2,2.1,7.5,3.0,82.0
5514,STU_05515,6.3,0.1,2.9,7.1,4.0,94.0
5515,stu_05516 ,2.2,0.4,0.9,6.4,4.0,63.0
5516,STU_05517,5.3,0.5,1.3,7.0,5.0,81.0
5517,STU_05518,5.4,0.2,1.6,6.2,3.0,87.0
5518,STU_05519,2.6,0.1,1.2,6.5,4.0,70.0
5519,STU_05520,2.2,2.1,0.6,6.1,6.0,65.0
5520,STU_05521,3.4,0.3,0.5,8.8,2.0,65.0
5521,STU_05522,3.5,3.7,1.4,8.1,4.0,70.0
5522,STU_05523,5.6,0.7,0.3,6.2,6.0,85.0
5523,STU_05524,3.6,1.7,0.3,9.0,2.0,70.0
5524,STU_05525,3.2,0.4,1.5,6.5,4.0,73.0
5525,STU_05526,3.6,0.4,1.1,8.4,3.0,65.0
5526,stu_05527 ,6.2,1.3,1.9,7.5,4.0,95.0
5527,STU_05528,4.5,1.2,0.9,8.1,3.0,78.0
5528,STU_05529,4.2,2.2,0.7,6.0,5.0,75.0
5529,STU_05530,4.3,2.1,1.5,5.2,4.010084804033921,61.0
5530,STU_05531,6.4,1.7,0.6,6.6,4.0,88.0
5531,STU_05532,3.4,0.9,0.7,8.0,3.0,78.0
5532,STU_05533,6.5,3.3,0.7,1.216581632653061,5.0,97.0
5533,STU_05534,4.8,1.5,1.0,6.3,3.0,81.0
5534,STU_05535,4.3,6.0,2.6,5.6,4.010084804033921,64.0
5535,STU_05536,8.3,2.6,0.1,6.5,5.0,100.0
5536,STU_05537,2.9,0.1,2.2,7.5,5.0,65.0
5537,STU_05538,4.0,0.6,1.8,5.5,4.0,64.0
5538,STU_05539,2.7,1.3,2.5,8.6,2.0,65.0
5539,STU_05540,5.9,1.9,3.0,6.8,5.0,91.0
5540,STU_05541,7.0,1.2,2.3,8.1,3.0,92.0
5541,STU_05542,7.0,2.3,1.9,6.7,5.0,95.0
5542,STU_05543,6.3,0.5,0.2,8.0,4.0,93.0
5543,STU_05544,4.2,0.3,0.3,9.0,4.010084804033921,79.0
5544,STU_05545,4.0,0.1,1.5,7.8,2.0,82.0
5545,STU_05546,2.0,1.3,0.0,7.8,2.0,55.0
5546,STU_05547,7.6,1.8,1.7,6.3,5.0,95.0
5547,STU_05548,5.2,0.6,0.0,7.3,3.0,86.0
5548,STU_05549,3.8,1.4,2.1,6.1,5.0,76.0
5549,STU_05550,6.5,0.1,0.9,7.0,2.0,89.0
5550,STU_05551,3.0,0.2,1.3,8.9,4.010084804033921,66.0
5551,STU_05552,5.1,1.8,0.6,9.1,2.0,84.0
5552,STU_05553,4.2,0.7,0.0,6.5,3.0,77.0
5553,STU_05554,5.5,1.7,2.2,7.5,5.0,78.0
5554,STU_05555,4.4,2.7,2.3,6.4,6.0,81.0
5555,STU_05556,2.3,2.9,0.9,1.216581632653061,3.0,66.0
5556,STU_05557,4.6,0.3,1.7,7.7,3.0,81.0
5557,STU_05558,6.1,1.0,0.9,7.5,5.0,89.0
5558,STU_05559,4.5,2.0,1.4,6.4,4.0,88.0
5559,stu_05560 ,5.7,2.2,1.8,5.4,6.0,87.0
5560,STU_05561,2.9,2.3,1.6,7.7,3.0,67.0
5561,STU_05562,4.5,0.4,2.3,7.8,3.0,67.0
5562,STU_05563,3.6,0.3,1.6,8.0,3.0,68.0
5563,STU_05564,5.6,1.3,1.2,6.8,3.0,87.0
5564,STU_05565,4.5,2.0,0.6,7.1,3.0,83.0
5565,STU_05566,5.5,0.6,0.8,8.5,3.0,82.0
5566,STU_05567,6.1,0.2,1.8,8.6,4.010084804033921,85.0
5567,STU_05568,5.5,1.9,0.0,6.3,4.0,86.0
5568,STU_05569,4.9,0.5,2.1,6.8,4.0,82.0
5569,STU_05570,3.0,0.3,1.0,6.3,3.0,73.0
5570,STU_05571,4.5,0.2,0.5,8.0,3.0,75.0
5571,STU_05572,3.7,0.6,0.3,8.6,2.0,70.0
5572,STU_05573,4.0,1.3,1.7,1.216581632653061,4.0,84.0
5573,STU_05574,3.9,0.7,1.2,6.9,5.0,82.0
5574,STU_05575,3.0,0.0,2.5,7.2,4.0,66.0
5575,STU_05576,1.6,0.2,0.2,10.0,4.010084804033921,64.0
5576,STU_05577,3.5,0.5,0.7,1.216581632653061,4.010084804033921,81.0
5577,STU_05578,4.8,1.6,1.1,8.0,5.0,86.0
5578,STU_05579,2.5,0.2,0.6,8.2,4.010084804033921,62.0
5579,STU_05580,4.5,1.2,1.2,7.4,3.0,79.0
5580,STU_05581,7.4,0.2,1.5,6.7,3.0,87.0
5581,STU_05582,6.0,0.4,1.6,6.5,5.0,83.0
5582,STU_05583,7.0,0.3,2.4,6.9,6.0,92.0
5583,STU_05584,5.1,0.1,0.2,7.0,3.0,82.0
5584,STU_05585,6.3,1.7,1.5,6.6,4.0,87.0
5585,STU_05586,3.4,0.9,0.7,7.5,3.0,61.0
5586,STU_05587,3.5,2.7,1.5,1.216581632653061,4.0,76.0
5587,STU_05588,0.4,0.2,1.5,7.0,3.0,55.0
5588,STU_05589,6.3,0.2,0.4,8.3,4.0,91.0
5589,STU_05590,6.8,0.5,0.5,7.6,4.0,91.0
5590,STU_05591,3.7,2.2,1.6,7.2,6.0,75.0
5591,STU_05592,4.1,0.5,1.2,6.8,5.0,77.0
5592,STU_05593,3.4,0.8,1.0,8.3,2.0,73.0
5593,STU_05594,5.1,0.5,1.7,7.0,6.0,81.0
5594,STU_05595,6.2,0.1,1.8,9.2,4.010084804033921,78.0
5595,STU_05596,1.9,4.2,0.8,6.4,6.0,73.0
5596,STU_05597,5.1,1.2,0.5,7.4,4.010084804033921,81.0
5597,STU_05598,4.1,2.3,0.2,7.9,2.0,73.0
5598,STU_05599,4.7,1.6,1.2,8.1,4.0,79.0
5599,STU_05600,5.2,1.1,0.1,8.6,4.010084804033921,83.0
5600,STU_05601,4.2,0.1,1.3,9.5,2.0,73.0
5601,STU_05602,4.3,1.5,2.2,7.8,4.010084804033921,76.0
5602,STU_05603,4.2,0.3,0.9,7.7,3.0,74.0
5603,STU_05604,6.0,0.8,0.8,7.1,2.0,88.0
5604,STU_05605,5.1,1.5,2.8,6.9,4.0,80.0
5605,STU_05606,4.8,2.3,2.4,8.3,5.0,84.0
5606,STU_05607,2.6,1.7,0.6,6.0,7.0,63.0
5607,STU_05608,3.9,1.7,1.3,6.4,5.0,84.0
5608,STU_05609,5.8,0.2,1.5,7.4,2.0,90.0
5609,STU_05610,4.6,0.6,1.4,6.7,3.0,77.0
5610,STU_05611,5.5,0.1,2.7,7.0,4.0,84.0
5611,STU_05612,7.1,1.9,1.3,9.0,2.0,91.0
5612,STU_05613,6.1,4.6,1.4,6.1,7.0,95.0
5613,STU_05614,4.6,0.5,1.8,7.9,5.0,82.0
5614,STU_05615,3.7,0.1,2.2,5.9,4.0,74.0
5615,STU_05616,0.7,1.0,1.9,6.2,4.0,59.0
5616,STU_05617,4.2,2.9,1.6,7.7,3.0,80.0
5617,STU_05618,4.0,1.2,0.0,9.3,4.010084804033921,75.0
5618,STU_05619,5.1,0.1,0.8,8.0,2.0,78.0
5619,STU_05620,4.3,5.5,1.9,5.7,4.010084804033921,78.0
5620,STU_05621,4.0,2.6,1.4,7.4,5.0,75.0
5621,STU_05622,1.8,0.2,1.9,5.0,6.0,63.0
5622,STU_05623,3.1,3.8,2.7,6.5,6.0,75.0
5623,STU_05624,5.2,0.9,1.2165816326530612,6.6,4.0,88.0
5624,STU_05625,7.1,0.7,2.1,8.2,3.0,96.0
5625,STU_05626,4.4,0.9,0.9,1.216581632653061,5.0,70.0
5626,STU_05627,5.0,2.7,1.9,6.2,5.0,81.0
5627,STU_05628,5.9,1.6,1.2,7.2,3.0,85.0
5628,STU_05629,3.3,0.1,1.2165816326530612,6.6,4.0,67.0
5629,STU_05630,5.1,4.7,1.3,5.9,6.0,91.0
5630,STU_05631,3.4,0.2,0.7,8.7,2.0,62.0
5631,STU_05632,5.8,2.1,1.5,7.1,5.0,94.0
5632,STU_05633,4.7,1.5,1.5,6.3,5.0,85.0
5633,STU_05634,4.9,0.3,2.1,8.4,3.0,81.0
5634,STU_05635,3.3,0.3,1.6,7.9,4.010084804033921,72.0
5635,STU_05636,5.6,3.1,3.0,1.216581632653061,7.0,88.0
5636,STU_05637,7.6,0.8,1.1,6.6,2.0,98.0
5637,STU_05638,3.0,1.6,1.2165816326530612,4.7,4.010084804033921,67.0
5638,STU_05639,4.0,1.1,0.7,6.6,4.0,75.0
5639,STU_05640,4.8,1.9,1.3,6.2,5.0,84.0
5640,STU_05641,5.7,1.0,1.4,6.8,3.0,82.0
5641,STU_05642,3.7,0.5,1.4,6.7,3.0,75.0
5642,STU_05643,0.3,0.7,1.3,7.7,3.0,51.0
5643,stu_05644 ,6.5,2.9,0.7,7.9,4.0,95.0
5644,STU_05645,5.6,0.9,0.5,8.7,3.0,82.0
5645,STU_05646,1.9,0.4,0.9,8.5,2.0,64.0
5646,STU_05647,3.6,4.1,2.1,5.5,4.010084804033921,69.0
5647,STU_05648,6.9,2.4,2.3,6.9,5.0,100.0
5648,stu_05649 ,6.7,0.1,1.1,9.3,4.010084804033921,91.0
5649,STU_05650,5.9,6.0,0.4,4.5,4.010084804033921,88.0
5650,STU_05651,4.2,1.8,1.1,8.6,3.0,76.0
5651,STU_05652,4.6,0.3,2.9,1.216581632653061,5.0,79.0
5652,STU_05653,4.3,0.4,2.0,7.8,2.0,78.0
5653,STU_05654,6.2,1.8,1.6,7.6,3.0,88.0
5654,STU_05655,3.2,2.3,2.0,7.1,5.0,71.0
5655,STU_05656,3.3,0.4,2.4,9.6,4.010084804033921,67.0
5656,STU_05657,6.0,0.4,0.3,7.5,3.0,86.0
5657,STU_05658,4.4,0.6,0.9,6.0,4.0,75.0
5658,STU_05659,6.6,1.4,0.8,7.8,4.0,93.0
5659,STU_05660,3.5,0.3,1.7,7.4,5.0,68.0
5660,STU_05661,4.4,0.2,1.3,8.2,2.0,76.0
5661,STU_05662,3.1,1.7,1.8,8.0,4.0,67.0
5662,STU_05663,4.5,2.3,0.8,7.1,4.0,85.0
5663,STU_05664,2.3,1.0,2.3,7.7,3.0,65.0
5664,STU_05665,3.8,0.7,1.1,7.7,3.0,74.0
5665,STU_05666,2.3,0.8,1.8,9.2,3.0,68.0
5666,STU_05667,5.5,0.7,2.2,7.0,4.0,91.0
5667,STU_05668,5.6,4.8,2.1,5.4,4.010084804033921,75.0
5668,STU_05669,1.9,2.2,1.5,7.9,3.0,59.0
5669,STU_05670,6.5,0.3,1.9,6.6,3.0,94.0
5670,STU_05671,8.2,0.7,2.6,7.7,3.0,95.0
5671,STU_05672,4.6,1.2,1.6,7.2,2.0,77.0
5672,STU_05673,3.5,1.4,0.6,7.3,3.0,78.0
5673,STU_05674,8.7,0.9,1.7,9.8,4.010084804033921,100.0
5674,STU_05675,2.5,2.5,1.2,8.3,5.0,67.0
5675,STU_05676,4.5,2.2,1.2165816326530612,8.4,4.0,82.0
5676,STU_05677,4.8,1.1,1.6,7.9,3.0,80.0
5677,STU_05678,6.5,2.9,1.3,6.2,7.0,91.0
5678,STU_05679,5.0,2.1,2.1,7.2,4.0,87.0
5679,STU_05680,3.8,2.3,0.6,7.8,2.0,81.0
5680,STU_05681,3.1,4.7,0.0,6.8,6.0,81.0
5681,STU_05682,4.0,0.5,1.3,7.7,3.0,77.0
5682,STU_05683,3.0,0.5,1.5,7.2,3.0,66.0
5683,STU_05684,4.6,3.3,1.3,7.0,4.0,77.0
5684,STU_05685,3.7,2.2,1.2,6.6,6.0,66.0
5685,STU_05686,2.3,3.9,0.3,7.5,3.0,74.0
5686,stu_05687 ,6.4,0.1,1.1,1.216581632653061,5.0,89.0
5687,stu_05688 ,3.8,1.5,0.9,8.7,2.0,73.0
5688,STU_05689,2.6,0.2,2.1,6.2,5.0,58.0
5689,STU_05690,4.2,1.1,1.5,6.3,6.0,72.0
5690,STU_05691,4.6,0.3,1.0,8.1,4.010084804033921,71.0
5691,STU_05692,1.9,0.2,2.6,8.0,2.0,67.0
5692,STU_05693,5.0,0.0,1.0,9.9,2.0,83.0
5693,STU_05694,2.9,1.5,1.6,7.5,4.0,65.0
5694,STU_05695,7.1,0.7,1.1,7.5,3.0,100.0
5695,STU_05696,5.3,0.2,2.5,7.6,4.0,79.0
5696,stu_05697 ,3.9,0.6,1.3,9.2,4.010084804033921,76.0
5697,STU_05698,3.4,0.3,1.3,10.0,4.010084804033921,72.0
5698,STU_05699,4.3,4.3,1.1,6.3,7.0,82.0
5699,STU_05700,5.4,0.6,1.4,8.1,4.0,82.0
5700,STU_05701,4.5,0.6,2.2,7.3,5.0,78.0
5701,STU_05702,4.2,2.7,1.9,6.7,5.0,78.0
5702,STU_05703,4.6,1.6,1.2,9.2,3.0,81.0
5703,STU_05704,3.6,1.9,2.6,6.0,6.0,76.0
5704,STU_05705,4.0,1.5,1.9,4.8,7.0,74.0
5705,STU_05706,1.4,4.4,0.8,6.8,4.0,69.0
5706,STU_05707,6.0,0.3,0.1,9.1,4.010084804033921,83.0
5707,STU_05708,4.9,6.0,0.9,6.2,5.0,90.0
5708,STU_05709,3.3,2.7,1.5,7.4,4.0,73.0
5709,STU_05710,7.3,1.3,1.7,8.0,4.0,93.0
5710,STU_05711,4.6,1.6,2.3,7.2,5.0,79.0
5711,STU_05712,2.9,1.6,0.3,8.0,3.0,67.0
5712,STU_05713,5.8,0.1,0.8,8.3,2.0,87.0
5713,STU_05714,5.1,0.4,0.3,5.9,4.0,81.0
5714,STU_05715,5.1,4.9,0.1,6.6,5.0,93.0
5715,stu_05716 ,3.9,1.1,0.7,5.9,6.0,71.0
5716,STU_05717,5.2,0.7,1.5,7.4,2.0,73.0
5717,STU_05718,4.1,2.2,1.8,6.5,4.0,79.0
5718,STU_05719,5.3,1.1,0.4,8.6,3.0,91.0
5719,STU_05720,1.6,0.0,0.6,8.1,2.0,62.0
5720,STU_05721,3.8,2.0,0.0,7.9,3.0,72.0
5721,STU_05722,7.1,2.0,1.4,6.9,5.0,91.0
5722,STU_05723,3.3,0.3,0.6,8.8,3.0,79.0
5723,STU_05724,3.6,4.7,2.5,4.5,4.010084804033921,61.0
5724,STU_05725,3.8,0.4,1.5,6.7,4.0,69.0
5725,STU_05726,2.7,0.9,1.1,8.8,4.0,72.0
5726,STU_05727,1.2,0.2,0.7,1.216581632653061,3.0,57.0
5727,STU_05728,4.2,1.4,0.0,5.4,7.0,69.0
5728,STU_05729,4.7,0.7,0.1,9.2,4.010084804033921,88.0
5729,STU_05730,4.4,0.7,0.7,8.7,4.010084804033921,80.0
5730,STU_05731,4.3,2.6,0.6,7.8,3.0,74.0
5731,STU_05732,4.6,0.0,0.4,8.0,3.0,83.0
5732,STU_05733,6.0,2.4,1.5,8.6,5.0,86.0
5733,STU_05734,4.2,1.3,1.6,8.6,2.0,73.0
5734,STU_05735,3.6,6.0,0.8,7.6,7.0,77.0
5735,STU_05736,4.1,1.3,2.7,7.7,6.0,84.0
5736,STU_05737,5.4,0.1,0.0,8.1,4.0,91.0
5737,STU_05738,6.6,0.1,1.2,7.3,3.0,88.0
5738,STU_05739,3.6,3.2,1.0,5.6,7.0,83.0
5739,stu_05740 ,4.6,2.8,0.8,7.5,4.0,73.0
5740,STU_05741,5.0,0.6,0.6,8.3,2.0,85.0
5741,STU_05742,3.0,1.4,1.2,7.0,5.0,76.0
5742,STU_05743,4.5,1.0,1.0,8.1,2.0,85.0
5743,STU_05744,2.3,5.1,0.9,6.0,7.0,72.0
5744,STU_05745,1.8,4.5,0.2,7.5,3.0,70.0
5745,STU_05746,5.1,6.0,0.0,5.3,6.0,86.0
5746,STU_05747,3.9,3.0,1.0,5.8,6.0,78.0
5747,STU_05748,4.8,3.6,0.9,6.5,6.0,84.0
5748,STU_05749,4.5,0.4,1.0,8.5,4.010084804033921,77.0
5749,STU_05750,3.0,2.7,1.1,5.8,6.0,77.0
5750,STU_05751,4.4,1.9,0.8,8.3,3.0,80.0
5751,STU_05752,2.7,4.9,1.0,4.7,4.010084804033921,64.0
5752,STU_05753,6.6,1.3,0.5,7.3,4.0,92.0
5753,STU_05754,2.5,0.1,2.4,6.1,6.0,74.0
5754,STU_05755,4.2,1.4,0.6,4.9,7.0,82.0
5755,stu_05756 ,2.9,1.7,0.9,7.7,3.0,70.0
5756,STU_05757,5.4,0.4,0.6,7.6,3.0,83.0
5757,STU_05758,4.0,0.8,0.6,6.3,7.0,72.0
5758,STU_05759,3.7,1.4,1.2,6.8,5.0,75.0
5759,STU_05760,5.8,0.7,1.1,8.0,3.0,82.0
5760,STU_05761,4.5,0.7,0.8,7.3,3.0,84.0
5761,STU_05762,5.3,0.2,1.0,7.5,2.0,81.0
5762,STU_05763,3.0,4.2,0.6,6.2,5.0,76.0
5763,STU_05764,2.4,2.1,1.5,6.5,7.0,58.0
5764,STU_05765,4.7,0.0,2.8,6.8,4.0,77.0
5765,STU_05766,4.0,2.2,0.5,6.6,3.0,76.0
5766,STU_05767,5.4,2.0,1.5,6.3,5.0,89.0
5767,STU_05768,4.4,0.0,1.2,6.7,5.0,78.0
5768,STU_05769,4.8,0.7,1.7,7.1,3.0,84.0
5769,STU_05770,2.1,1.4,1.8,6.6,4.0,66.0
5770,STU_05771,7.3,0.9,1.4,6.4,5.0,100.0
5771,STU_05772,4.3,2.3,1.2,7.9,4.0,81.0
5772,STU_05773,5.5,0.8,0.9,8.8,4.010084804033921,79.0
5773,STU_05774,3.2,0.3,0.6,7.8,2.0,69.0
5774,STU_05775,5.0,5.6,1.1,6.2,7.0,88.0
5775,STU_05776,2.5,0.4,0.2,7.1,2.0,53.0
5776,STU_05777,5.2,1.9,0.7,8.4,2.0,80.0
5777,STU_05778,4.0,0.2,2.1,9.3,4.010084804033921,82.0
5778,stu_05779 ,4.5,0.6,1.3,7.4,4.0,77.0
5779,STU_05780,5.5,0.9,1.9,6.8,4.0,84.0
5780,STU_05781,2.7,0.3,2.4,7.8,4.0,58.0
5781,STU_05782,3.5,0.9,1.1,7.6,4.0,67.0
5782,STU_05783,5.2,0.3,1.4,7.1,3.0,83.0
5783,STU_05784,7.6,1.2,1.0,7.9,6.0,96.0
5784,STU_05785,4.3,1.6,0.5,8.3,4.0,74.0
5785,STU_05786,5.4,0.1,0.4,7.1,3.0,88.0
5786,STU_05787,4.3,3.1,1.9,9.2,3.0,78.0
5787,STU_05788,7.4,0.3,1.4,6.1,4.0,90.0
5788,STU_05789,1.9,0.4,2.7,6.5,6.0,62.0
5789,STU_05790,4.6,1.6,2.0,1.216581632653061,4.0,77.0
5790,STU_05791,2.1,0.9,0.6,9.8,4.010084804033921,61.0
5791,STU_05792,0.7,1.0,1.9,6.8,3.0,56.0
5792,STU_05793,4.9,0.2,1.0,6.7,4.0,77.0
5793,STU_05794,4.7,2.5,2.2,7.4,5.0,75.0
5794,STU_05795,4.1,1.4,0.8,7.2,3.0,79.0
5795,STU_05796,4.3,0.2,0.4,8.5,4.010084804033921,80.0
5796,STU_05797,9.1,0.7,0.6,7.6,4.010084804033921,100.0
5797,STU_05798,4.1,2.5,0.6,6.3,4.0,81.0
5798,STU_05799,5.3,1.3,0.5,9.9,4.010084804033921,82.0
5799,STU_05800,3.5,0.2,0.7,4.8,6.0,64.0
5800,STU_05801,4.9,0.7,1.9,9.2,2.0,84.0
5801,STU_05802,4.1,0.4,2.6,8.3,4.0,75.0
5802,STU_05803,3.9,1.1,0.1,6.9,4.0,76.0
5803,STU_05804,7.2,2.8,2.2,8.6,4.0,97.0
5804,STU_05805,6.3,0.9,0.8,6.2,5.0,88.0
5805,STU_05806,4.7,0.9,1.5,8.5,4.010084804033921,80.0
5806,STU_05807,1.0,3.5,0.0,4.9,6.0,62.0
5807,STU_05808,4.0,1.3,1.6,6.1,7.0,81.0
5808,STU_05809,8.6,1.3,0.0,6.5,2.0,100.0
5809,STU_05810,4.2,0.5,1.5,6.8,4.0,80.0
5810,STU_05811,6.2,1.4,1.4,7.3,4.0,95.0
5811,STU_05812,6.7,1.3,1.4,6.5,3.0,85.0
5812,STU_05813,4.8,0.8,0.6,5.6,4.0,85.0
5813,STU_05814,3.2,6.0,1.6,6.3,4.010084804033921,65.0
5814,STU_05815,0.8,3.2,1.5,6.8,5.0,62.0
5815,stu_05816 ,5.5,2.1,1.0,7.6,3.0,90.0
5816,STU_05817,3.3,1.2,1.2165816326530612,7.5,4.0,70.0
5817,STU_05818,4.8,0.9,1.1,8.5,2.0,82.0
5818,STU_05819,2.6,0.3,1.6,7.5,5.0,62.0
5819,STU_05820,4.1,0.5,1.1,8.6,4.010084804033921,70.0
5820,STU_05821,4.6,2.2,1.4,6.3,5.0,83.0
5821,STU_05822,4.9,0.9,1.7,6.7,3.0,80.0
5822,STU_05823,2.8,3.2,0.9,8.2,3.0,72.0
5823,STU_05824,6.3,0.2,0.2,9.2,4.010084804033921,85.0
5824,STU_05825,3.6,1.1,1.4,8.0,4.0,75.0
5825,STU_05826,2.0,1.6,2.2,6.2,4.0,63.0
5826,STU_05827,4.3,1.1,1.4,6.4,5.0,77.0
5827,STU_05828,4.6,3.3,1.5,8.0,4.0,80.0
5828,STU_05829,4.7,6.0,1.2,7.2,4.0,84.0
5829,STU_05830,6.5,0.2,1.8,7.5,2.0,89.0
5830,STU_05831,4.1,0.2,1.1,10.0,4.010084804033921,80.0
5831,STU_05832,4.3,0.2,0.8,1.216581632653061,4.0,74.0
5832,STU_05833,2.8,1.7,2.1,6.0,6.0,69.0
5833,STU_05834,5.7,0.7,0.8,7.4,3.0,84.0
5834,STU_05835,4.8,2.0,1.9,7.0,4.010084804033921,79.0
5835,STU_05836,3.9,0.8,2.1,7.4,2.0,79.0
5836,STU_05837,1.6,1.5,1.7,8.5,3.0,57.0
5837,STU_05838,6.7,2.2,0.2,6.3,6.0,93.0
5838,STU_05839,2.7,1.2,1.2,6.1,4.0,64.0
5839,STU_05840,3.6,1.2,1.0,8.0,3.0,76.0
5840,STU_05841,5.0,0.1,0.8,7.3,3.0,81.0
5841,STU_05842,2.7,0.8,1.3,9.9,4.010084804033921,72.0
5842,STU_05843,2.3,1.2,1.8,1.216581632653061,3.0,68.0
5843,STU_05844,1.3,0.9,0.8,7.0,5.0,60.0
5844,STU_05845,5.6,3.5,1.1,8.0,5.0,92.0
5845,STU_05846,3.7,3.6,1.0,1.216581632653061,4.0,81.0
5846,STU_05847,8.9,2.6,2.1,7.4,3.0,100.0
5847,STU_05848,3.0,0.7,1.0,7.5,2.0,72.0
5848,STU_05849,3.1,1.9,0.2,7.8,3.0,73.0
5849,STU_05850,3.7,0.8,0.0,5.7,5.0,75.0
5850,STU_05851,4.9,0.4,1.5,8.9,3.0,78.0
5851,STU_05852,3.8,0.6,0.6,4.3,7.0,70.0
5852,STU_05853,5.4,0.1,1.7,7.2,4.0,79.0
5853,STU_05854,3.0,0.6,0.1,6.2,4.0,55.0
5854,STU_05855,2.4,0.9,0.8,7.1,5.0,63.0
5855,STU_05856,1.8,4.7,0.1,6.5,6.0,78.0
5856,STU_05857,1.2,0.6,1.5,6.3,5.0,61.0
5857,STU_05858,3.7,3.5,1.7,3.8,4.010084804033921,63.0
5858,STU_05859,4.0,0.4,1.5,7.8,3.0,79.0
5859,STU_05860,3.6,0.3,0.3,9.9,4.010084804033921,71.0
5860,STU_05861,6.4,1.1,0.6,7.2,5.0,88.0
5861,STU_05862,6.3,1.7,1.4,8.2,3.0,89.0
5862,STU_05863,4.0,0.1,0.0,9.5,4.010084804033921,71.0
5863,STU_05864,1.8,0.4,1.0,5.8,4.0,59.0
5864,STU_05865,3.6,0.9,2.4,6.8,5.0,73.0
5865,STU_05866,3.6,0.6,1.1,6.3,4.0,73.0
5866,STU_05867,3.5,1.9,0.0,6.6,5.0,79.0
5867,STU_05868,3.5,1.1,0.7,9.2,2.0,76.0
5868,STU_05869,3.5,0.3,0.7,8.0,2.0,66.0
5869,STU_05870,3.9,3.4,2.9,7.2,4.0,77.0
5870,STU_05871,3.5,0.5,2.5,7.3,3.0,68.0
5871,STU_05872,4.8,2.0,1.8,5.8,5.0,71.0
5872,STU_05873,5.0,2.3,0.9,7.8,3.0,84.0
5873,STU_05874,3.1,5.0,2.2,7.3,6.0,79.0
5874,STU_05875,6.4,1.0,0.3,7.9,5.0,90.0
5875,STU_05876,3.0,1.4,2.1,7.6,3.0,72.0
5876,STU_05877,2.1,0.6,1.9,6.2,4.0,62.0
5877,STU_05878,5.1,1.7,1.1,8.0,3.0,79.0
5878,STU_05879,3.3,0.9,2.1,8.6,3.0,70.0
5879,STU_05880,5.0,0.9,0.8,8.0,3.0,87.0
5880,STU_05881,0.9,2.9,0.2,5.3,6.0,61.0
5881,STU_05882,6.6,0.1,2.0,9.2,4.010084804033921,84.0
5882,STU_05883,5.5,3.2,1.1,5.9,5.0,88.0
5883,STU_05884,2.2,2.9,1.7,7.2,5.0,73.0
5884,STU_05885,2.3,1.1,2.7,8.1,3.0,68.0
5885,STU_05886,7.0,1.0,0.6,8.7,2.0,99.0
5886,STU_05887,3.4,0.7,1.1,5.8,6.0,65.0
5887,STU_05888,3.2,6.0,2.5,5.8,7.0,79.0
5888,STU_05889,1.1,0.2,1.7,7.7,3.0,55.0
5889,STU_05890,4.0,1.3,0.6,8.9,2.0,78.0
5890,STU_05891,4.2,1.7,0.4,7.9,2.0,74.0
5891,STU_05892,5.6,4.1,0.8,8.1,4.0,86.0
5892,STU_05893,2.4,2.3,0.6,7.7,4.0,68.0
5893,STU_05894,2.2,1.5,1.4,7.2,3.0,62.0
5894,STU_05895,5.2,0.2,1.3,7.9,5.0,82.0
5895,STU_05896,6.0,0.7,1.4,9.0,2.0,79.0
5896,STU_05897,2.1,0.2,0.5,6.5,4.0,68.0
5897,STU_05898,6.1,3.2,1.1,7.7,4.0,80.0
5898,STU_05899,4.6,2.1,0.0,6.7,5.0,84.0
5899,STU_05900,6.1,2.1,1.3,6.3,5.0,88.0
5900,STU_05901,4.4,1.6,2.1,8.1,3.0,73.0
5901,STU_05902,0.7,1.1,0.1,6.8,5.0,57.0
5902,STU_05903,4.3,0.2,1.6,8.0,2.0,80.0
5903,STU_05904,6.1,0.6,0.7,7.2,3.0,92.0
5904,STU_05905,3.2,0.2,1.8,5.2,5.0,74.0
5905,STU_05906,3.9,1.9,1.3,7.6,4.0,73.0
5906,STU_05907,4.2,0.3,1.5,7.7,3.0,77.0
5907,STU_05908,0.2,1.8,1.3,5.3,4.010084804033921,39.0
5908,STU_05909,7.0,1.8,2.3,6.3,4.0,95.0
5909,STU_05910,3.1,0.9,1.5,5.6,4.0,72.0
5910,STU_05911,5.3,0.2,0.6,8.5,4.010084804033921,80.0
5911,STU_05912,4.4,0.6,1.3,9.0,4.010084804033921,70.0
5912,STU_05913,6.4,0.6,0.9,8.5,2.0,87.0
5913,STU_05914,5.1,1.8,1.3,8.2,4.0,91.0
5914,STU_05915,4.1,0.2,0.9,7.3,5.0,77.0
5915,STU_05916,3.2,2.6,0.7,7.6,3.0,71.0
5916,STU_05917,5.7,2.1,1.4,7.1,2.0,87.0
5917,STU_05918,1.7,0.3,1.2165816326530612,7.8,2.0,62.0
5918,STU_05919,5.5,1.9,2.1,8.0,4.0,79.0
5919,STU_05920,2.9,1.7,0.9,8.5,2.0,64.0
5920,STU_05921,6.4,2.1,0.0,7.0,4.0,88.0
5921,STU_05922,4.7,0.3,0.9,6.3,4.0,77.0
5922,STU_05923,5.5,0.3,0.0,7.7,3.0,90.0
5923,STU_05924,4.6,0.4,1.5,7.4,4.0,79.0
5924,STU_05925,1.9,0.7,0.0,8.1,2.0,60.0
5925,STU_05926,3.2,2.4,0.4,8.0,4.0,73.0
5926,STU_05927,5.5,2.0,0.9,5.3,4.0,78.0
5927,STU_05928,4.7,3.9,2.4,5.7,6.0,81.0
5928,STU_05929,6.3,0.1,0.3,6.9,3.0,85.0
5929,STU_05930,5.1,0.0,1.2,9.0,4.010084804033921,77.0
5930,STU_05931,3.0,1.8,1.7,6.9,4.0,76.0
5931,STU_05932,3.3,0.5,2.4,6.9,4.0,73.0
5932,STU_05933,4.7,0.6,1.8,8.0,2.0,74.0
5933,STU_05934,1.0,1.2,2.1,6.6,5.0,53.0
5934,STU_05935,7.0,0.2,1.9,7.6,3.0,87.0
5935,STU_05936,5.2,1.5,0.2,9.3,4.010084804033921,83.0
5936,STU_05937,6.3,0.6,1.5,9.3,4.010084804033921,90.0
5937,STU_05938,2.1,1.5,1.2165816326530612,6.8,5.0,67.0
5938,STU_05939,6.4,2.7,0.4,6.9,5.0,88.0
5939,STU_05940,7.8,0.3,0.7,7.1,4.0,97.0
5940,STU_05941,2.5,4.0,0.6,4.8,4.010084804033921,63.0
5941,STU_05942,5.7,1.1,1.8,8.3,2.0,90.0
5942,STU_05943,4.5,3.8,1.1,9.0,5.0,86.0
5943,STU_05944,2.2,0.3,0.9,7.3,5.0,58.0
5944,STU_05945,5.2,1.4,0.2,6.7,2.0,76.0
5945,STU_05946,5.8,0.8,1.1,7.3,3.0,85.0
5946,STU_05947,3.6,2.2,0.7,7.3,4.0,72.0
5947,STU_05948,6.2,1.4,1.4,6.2,5.0,86.0
5948,STU_05949,2.0,1.0,0.3,7.2,3.0,61.0
5949,STU_05950,2.3,3.7,1.3,7.6,4.0,71.0
5950,STU_05951,4.7,0.7,0.8,7.7,4.0,73.0
5951,STU_05952,4.5,0.4,0.2,9.1,4.010084804033921,85.0
5952,STU_05953,3.4,1.4,0.1,7.9,3.0,70.0
5953,STU_05954,5.7,1.5,0.3,6.4,3.0,89.0
5954,STU_05955,5.3,0.9,1.0,7.0,5.0,80.0
5955,STU_05956,5.8,1.0,1.3,7.7,3.0,80.0
5956,STU_05957,4.3,4.8,1.4,5.2,4.010084804033921,75.0
5957,STU_05958,5.4,2.0,1.4,5.9,6.0,80.0
5958,STU_05959,3.8,0.2,0.6,6.6,3.0,74.0
5959,STU_05960,7.6,0.4,2.0,8.0,3.0,96.0
5960,STU_05961,3.3,5.6,0.8,5.8,4.010084804033921,59.0
5961,STU_05962,7.7,1.9,1.6,8.3,2.0,99.0
5962,STU_05963,4.6,3.7,1.1,5.8,4.0,87.0
5963,STU_05964,2.4,0.5,1.5,5.1,5.0,65.0
5964,STU_05965,6.6,2.0,1.0,7.1,3.0,89.0
5965,STU_05966,4.7,1.9,1.5,8.8,4.0,83.0
5966,STU_05967,5.8,0.5,1.2,7.6,3.0,87.0
5967,STU_05968,6.3,1.2,1.9,5.9,6.0,89.0
5968,STU_05969,5.0,1.5,0.5,5.8,5.0,88.0
5969,STU_05970,3.6,1.0,0.0,8.9,2.0,72.0
5970,STU_05971,6.0,2.6,0.4,6.3,5.0,96.0
5971,STU_05972,4.5,2.7,2.1,8.3,5.0,78.0
5972,STU_05973,5.5,2.9,1.1,7.6,4.0,91.0
5973,STU_05974,1.3,2.4,1.3,6.2,6.0,60.0
5974,STU_05975,5.2,1.0,0.4,8.8,3.0,84.0
5975,STU_05976,3.5,0.7,1.3,6.6,4.0,64.0
5976,STU_05977,7.0,2.7,0.4,5.7,6.0,100.0
5977,STU_05978,5.4,1.0,0.5,6.7,4.0,85.0
5978,STU_05979,4.9,0.4,0.9,8.5,3.0,84.0
5979,stu_05980 ,5.2,1.1,1.6,8.5,2.0,77.0
5980,STU_05981,3.0,0.2,1.6,7.2,3.0,69.0
5981,STU_05982,6.9,1.8,1.7,5.3,6.0,94.0
5982,STU_05983,7.5,0.6,0.0,6.3,3.0,92.0
5983,STU_05984,5.1,0.5,1.2,6.6,3.0,86.0
5984,STU_05985,6.9,4.7,1.0,5.1,4.010084804033921,83.0
5985,STU_05986,3.6,2.3,0.0,7.6,4.0,75.0
5986,STU_05987,3.3,2.3,1.2,9.0,2.0,76.0
5987,STU_05988,4.6,1.5,1.0,8.2,4.0,76.0
5988,STU_05989,5.2,2.7,1.6,5.7,4.010084804033921,78.0
5989,STU_05990,3.9,2.1,1.3,6.4,5.0,77.0
5990,STU_05991,5.3,1.4,0.8,6.9,5.0,84.0
5991,STU_05992,5.0,4.9,1.9,6.5,7.0,91.0
5992,STU_05993,3.0,0.3,0.0,9.5,4.010084804033921,67.0
5993,STU_05994,5.3,4.3,1.1,6.0,7.0,86.0
5994,STU_05995,5.8,0.8,0.0,9.3,2.0,83.0
5995,STU_05996,4.8,1.1,0.5,9.7,4.010084804033921,78.0
5996,STU_05997,6.2,0.2,1.6,7.3,4.010084804033921,92.0
5997,STU_05998,2.7,1.2,0.2,7.2,3.0,68.0
5998,stu_05999 ,5.2,1.4,0.1,1.216581632653061,4.010084804033921,87.0
5999,STU_06000,2.7,6.0,3.0,5.7,7.0,77.0
6000,STU_06001,2.8,5.5,1.2165816326530612,6.0,5.0,72.0
6001,STU_06002,3.6,5.1,2.5,6.9,7.0,73.0
6002,STU_06003,3.1,0.6,1.1,6.0,3.0,64.0
6003,STU_06004,3.7,6.0,0.8,5.5,4.010084804033921,70.0
6004,STU_06005,4.2,0.9,1.7,1.216581632653061,4.0,81.0
6005,STU_06006,5.8,2.9,2.3,7.6,5.0,94.0
6006,STU_06007,4.0,0.4,0.3,10.0,4.010084804033921,75.0
6007,STU_06008,2.1,1.1,0.8,6.2,6.0,68.0
6008,STU_06009,6.2,5.1,1.9,5.5,4.010084804033921,85.0
6009,STU_06010,3.2,4.4,1.4,4.1,4.010084804033921,58.0
6010,STU_06011,4.4,1.7,2.1,6.0,7.0,82.0
6011,STU_06012,5.2,2.4,1.6,5.2,7.0,85.0
6012,STU_06013,4.8,0.3,2.6,6.9,3.0,82.0
6013,STU_06014,6.1,1.9,1.3,6.9,5.0,90.0
6014,STU_06015,5.2,1.4,1.4,7.8,2.0,82.0
6015,STU_06016,3.2,0.1,1.5,7.4,3.0,69.0
6016,STU_06017,7.8,0.2,1.1,8.2,2.0,98.0
6017,STU_06018,4.8,0.2,1.9,7.7,3.0,80.0
6018,STU_06019,4.3,1.9,1.4,6.1,4.0,75.0
6019,STU_06020,5.9,0.2,1.8,5.9,3.0,86.0
6020,STU_06021,4.9,0.9,2.0,7.9,3.0,75.0
6021,STU_06022,5.1,0.7,1.5,9.1,4.010084804033921,80.0
6022,STU_06023,8.2,1.2,1.6,9.9,4.010084804033921,98.0
6023,STU_06024,4.1,1.8,0.4,8.3,4.0,65.0
6024,STU_06025,4.0,1.7,0.8,8.8,3.0,86.0
6025,STU_06026,4.7,1.1,1.9,7.8,4.0,77.0
6026,STU_06027,6.1,0.9,2.3,7.6,3.0,84.0
6027,STU_06028,2.2,0.8,0.0,7.9,4.010084804033921,71.0
6028,STU_06029,1.6,3.0,0.7,6.9,5.0,59.0
6029,STU_06030,3.6,0.6,1.2,8.2,4.0,67.0
6030,STU_06031,2.0,0.5,0.5,7.2,3.0,62.0
6031,STU_06032,3.9,2.0,0.5,7.1,5.0,74.0
6032,STU_06033,5.3,0.7,1.6,6.3,6.0,80.0
6033,STU_06034,3.2,2.8,2.5,7.1,6.0,70.0
6034,STU_06035,2.4,0.6,0.0,6.9,4.0,64.0
6035,STU_06036,4.6,1.8,1.1,7.3,3.0,87.0
6036,STU_06037,5.8,0.1,1.6,8.2,2.0,78.0
6037,STU_06038,2.0,0.7,1.8,8.0,3.0,66.0
6038,STU_06039,5.7,0.6,1.5,8.3,3.0,91.0
6039,STU_06040,5.7,2.5,2.6,6.5,4.0,86.0
6040,STU_06041,5.9,5.1,1.2,6.7,6.0,95.0
6041,STU_06042,6.3,0.9,2.2,6.8,5.0,89.0
6042,STU_06043,7.8,2.6,0.7,5.1,6.0,94.0
6043,STU_06044,4.0,1.8,1.2,7.7,3.0,81.0
6044,STU_06045,4.7,5.1,0.2,6.7,5.0,86.0
6045,STU_06046,3.9,2.5,1.9,7.9,4.0,75.0
6046,STU_06047,4.5,0.1,1.1,1.216581632653061,4.010084804033921,71.0
6047,STU_06048,6.8,1.9,1.5,5.5,5.0,96.0
6048,STU_06049,2.5,1.2,0.9,7.4,4.0,67.0
6049,STU_06050,3.2,0.0,1.7,8.5,2.0,72.0
6050,STU_06051,6.6,0.4,1.5,8.0,3.0,92.0
6051,STU_06052,6.0,3.8,0.4,6.6,4.0,89.0
6052,STU_06053,4.0,3.9,0.5,5.1,7.0,66.0
6053,STU_06054,5.8,2.4,1.2,6.0,5.0,88.0
6054,STU_06055,5.0,6.0,1.7,6.3,4.010084804033921,80.0
6055,STU_06056,6.8,2.5,2.7,5.1,4.010084804033921,87.0
6056,STU_06057,4.6,0.0,1.4,7.4,4.0,84.0
6057,STU_06058,6.0,0.5,2.0,7.5,3.0,87.0
6058,STU_06059,8.5,0.0,0.0,9.1,4.010084804033921,100.0
6059,STU_06060,5.4,0.1,2.8,8.0,4.0,84.0
6060,STU_06061,4.6,0.4,1.7,8.5,2.0,72.0
6061,STU_06062,5.6,1.1,1.2,7.8,2.0,80.0
6062,STU_06063,4.0,2.8,1.1,6.1,5.0,83.0
6063,STU_06064,8.1,3.0,0.3,6.4,6.0,99.0
6064,STU_06065,4.8,1.4,0.5,6.5,3.0,82.0
6065,STU_06066,4.1,4.0,2.7,6.9,6.0,76.0
6066,STU_06067,3.2,1.0,0.4,6.9,3.0,74.0
6067,STU_06068,6.1,3.3,0.4,6.5,6.0,93.0
6068,STU_06069,5.8,0.9,0.6,7.6,3.0,85.0
6069,stu_06070 ,3.8,0.5,0.2,9.4,2.0,76.0
6070,STU_06071,5.4,3.7,1.2,1.216581632653061,6.0,89.0
6071,STU_06072,2.2,0.7,2.1,6.6,3.0,62.0
6072,STU_06073,4.8,1.0,0.7,7.7,2.0,80.0
6073,STU_06074,5.2,0.6,0.1,9.5,4.010084804033921,85.0
6074,STU_06075,7.1,1.6,1.4,7.8,3.0,99.0
6075,STU_06076,3.3,6.0,1.2,4.4,4.010084804033921,63.0
6076,STU_06077,2.6,0.0,2.0,6.7,3.0,73.0
6077,STU_06078,3.2,3.5,0.8,5.8,5.0,71.0
6078,STU_06079,2.5,0.0,1.0,9.2,2.0,59.0
6079,STU_06080,6.5,0.7,1.1,8.8,2.0,84.0
6080,STU_06081,6.8,0.3,1.3,7.0,4.0,91.0
6081,STU_06082,5.0,2.1,0.9,6.5,3.0,83.0
6082,STU_06083,6.3,0.1,0.8,7.9,4.0,89.0
6083,STU_06084,4.7,1.2,0.0,7.7,3.0,77.0
6084,STU_06085,4.4,0.5,0.7,6.7,4.0,86.0
6085,STU_06086,4.0,0.2,1.8,1.216581632653061,2.0,80.0
6086,STU_06087,4.0,2.2,1.9,5.5,6.0,73.0
6087,STU_06088,2.2,0.4,0.8,9.0,4.010084804033921,63.0
6088,STU_06089,4.9,0.4,2.2,5.7,3.0,80.0
6089,STU_06090,4.4,0.5,1.2,5.8,4.0,80.0
6090,STU_06091,5.6,1.3,0.1,8.0,4.010084804033921,80.0
6091,STU_06092,4.6,1.6,0.0,6.3,4.0,73.0
6092,STU_06093,4.3,0.0,2.2,7.1,2.0,71.0
6093,STU_06094,3.2,0.4,0.9,7.8,3.0,76.0
6094,STU_06095,4.6,0.8,0.2,8.4,4.010084804033921,76.0
6095,STU_06096,5.6,0.6,0.0,7.6,4.0,88.0
6096,STU_06097,2.8,3.2,0.9,8.6,4.0,74.0
6097,STU_06098,4.6,2.3,1.5,7.0,4.0,81.0
6098,STU_06099,4.8,1.5,0.6,8.6,2.0,85.0
6099,STU_06100,3.4,0.6,0.4,8.0,2.0,67.0
6100,STU_06101,3.6,1.8,0.8,9.4,2.0,73.0
6101,STU_06102,4.8,2.8,2.2,7.8,6.0,74.0
6102,STU_06103,2.8,1.4,0.1,7.6,4.0,69.0
6103,STU_06104,5.0,2.3,0.7,7.8,3.0,80.0
6104,STU_06105,3.2,2.1,2.2,6.7,5.0,81.0
6105,STU_06106,6.1,1.3,1.6,7.0,6.0,89.0
6106,STU_06107,8.0,0.6,1.3,6.3,5.0,100.0
6107,STU_06108,3.2,2.1,0.7,6.4,6.0,75.0
6108,STU_06109,5.3,0.3,1.2,9.7,4.010084804033921,82.0
6109,STU_06110,3.4,2.3,0.8,6.0,5.0,78.0
6110,STU_06111,6.1,2.4,0.5,6.5,5.0,90.0
6111,STU_06112,2.6,2.6,0.3,7.1,3.0,71.0
6112,STU_06113,5.2,1.0,1.8,7.3,3.0,92.0
6113,STU_06114,3.2,0.3,1.2165816326530612,8.1,2.0,70.0
6114,STU_06115,4.2,0.2,1.5,7.2,3.0,73.0
6115,STU_06116,3.0,2.0,1.3,7.6,4.0,68.0
6116,STU_06117,5.7,3.3,1.6,7.9,4.0,89.0
6117,STU_06118,3.2,1.6,1.0,8.6,3.0,72.0
6118,STU_06119,5.3,0.2,0.8,7.5,4.0,83.0
6119,STU_06120,4.0,4.1,0.5,7.3,5.0,74.0
6120,STU_06121,4.3,6.0,0.1,5.0,4.010084804033921,60.0
6121,STU_06122,4.7,0.9,0.3,7.0,5.0,76.0
6122,STU_06123,3.4,1.4,0.9,6.2,5.0,72.0
6123,STU_06124,4.8,2.3,0.0,7.3,3.0,83.0
6124,STU_06125,6.8,2.0,0.1,6.5,5.0,96.0
6125,STU_06126,3.3,5.2,2.0,1.216581632653061,4.010084804033921,63.0
6126,STU_06127,6.3,0.2,1.4,7.3,4.0,86.0
6127,STU_06128,6.7,1.3,0.8,5.7,7.0,88.0
6128,STU_06129,3.3,1.8,3.0,8.2,4.0,74.0
6129,STU_06130,2.3,3.3,0.0,6.4,7.0,70.0
6130,STU_06131,5.0,3.1,1.2165816326530612,7.7,4.0,80.0
6131,STU_06132,3.7,5.7,1.1,5.6,7.0,83.0
6132,STU_06133,7.3,1.1,1.8,6.1,6.0,99.0
6133,STU_06134,4.6,2.7,1.3,8.1,3.0,84.0
6134,STU_06135,3.3,0.8,0.0,7.8,4.0,75.0
6135,STU_06136,2.8,0.8,1.3,9.4,3.0,65.0
6136,STU_06137,6.1,0.4,1.5,7.1,4.0,91.0
6137,STU_06138,3.6,2.6,0.0,6.8,6.0,75.0
6138,stu_06139 ,4.6,6.0,2.8,6.7,4.010084804033921,87.0
6139,STU_06140,5.9,0.4,1.4,8.6,4.010084804033921,90.0
6140,STU_06141,3.8,0.1,1.7,7.8,2.0,74.0
6141,STU_06142,4.4,2.5,0.3,10.0,2.0,87.0
6142,STU_06143,4.5,1.5,1.8,6.9,4.0,77.0
6143,STU_06144,5.5,4.8,2.1,4.9,4.010084804033921,77.0
6144,STU_06145,5.4,0.4,1.4,6.6,4.0,92.0
6145,STU_06146,4.2,0.1,1.2,7.5,2.0,78.0
6146,STU_06147,4.6,1.0,0.5,9.1,4.010084804033921,80.0
6147,STU_06148,3.9,0.1,1.0,7.6,4.0,73.0
6148,STU_06149,2.3,0.5,0.8,9.3,4.010084804033921,61.0
6149,STU_06150,4.9,0.2,1.7,8.0,4.010084804033921,78.0
6150,STU_06151,7.3,0.4,0.5,8.9,4.010084804033921,91.0
6151,STU_06152,3.2,0.2,1.7,8.0,4.0,68.0
6152,STU_06153,3.3,4.6,0.5,6.9,5.0,77.0
6153,STU_06154,3.2,0.5,1.0,8.4,3.0,74.0
6154,STU_06155,5.6,0.9,1.7,1.216581632653061,4.0,83.0
6155,STU_06156,5.2,3.4,0.6,6.3,5.0,84.0
6156,STU_06157,4.3,1.7,1.7,7.5,3.0,82.0
6157,STU_06158,3.1,1.4,1.6,9.2,3.0,74.0
6158,STU_06159,4.6,1.8,1.0,5.7,4.0,80.0
6159,STU_06160,2.2,2.6,2.1,4.8,7.0,69.0
6160,STU_06161,4.7,3.2,1.3,1.216581632653061,7.0,82.0
6161,STU_06162,5.8,1.5,2.1,8.2,2.0,86.0
6162,STU_06163,2.6,3.3,2.6,6.5,4.0,77.0
6163,STU_06164,2.2,1.1,1.0,6.3,2.0,64.0
6164,STU_06165,6.9,0.5,1.7,7.6,4.0,90.0
6165,STU_06166,3.6,3.2,0.7,5.2,7.0,76.0
6166,STU_06167,6.2,1.2,0.4,8.2,2.0,81.0
6167,STU_06168,4.3,3.5,1.0,6.4,4.0,80.0
6168,STU_06169,4.3,0.1,0.1,7.9,2.0,77.0
6169,STU_06170,5.2,0.8,0.4,8.1,4.0,90.0
6170,STU_06171,3.2,4.4,1.7,6.5,5.0,76.0
6171,STU_06172,4.7,0.4,0.8,7.2,4.0,81.0
6172,STU_06173,3.9,4.3,1.8,7.4,4.0,81.0
6173,STU_06174,2.5,4.6,1.4,7.1,4.0,81.0
6174,STU_06175,5.0,3.2,2.7,4.7,4.010084804033921,81.0
6175,STU_06176,4.1,1.2,1.6,7.1,5.0,71.0
6176,STU_06177,4.3,1.6,2.1,6.0,7.0,83.0
6177,STU_06178,2.7,3.1,1.5,5.5,7.0,67.0
6178,STU_06179,6.9,2.2,1.4,7.6,6.0,92.0
6179,STU_06180,5.8,1.5,2.1,6.7,5.0,82.0
6180,STU_06181,5.9,6.0,1.7,5.7,7.0,100.0
6181,STU_06182,4.0,1.7,1.4,6.5,6.0,82.0
6182,STU_06183,1.9,5.6,1.4,6.4,4.010084804033921,67.0
6183,STU_06184,7.4,0.1,1.6,8.3,3.0,99.0
6184,STU_06185,4.4,0.2,0.7,10.0,4.010084804033921,80.0
6185,STU_06186,3.4,0.9,0.6,7.4,5.0,70.0
6186,STU_06187,5.1,0.7,2.3,5.9,6.0,83.0
6187,STU_06188,6.3,2.3,2.7,6.3,6.0,89.0
6188,STU_06189,4.5,0.3,0.5,8.7,2.0,74.0
6189,STU_06190,6.4,5.6,0.7,5.4,4.010084804033921,86.0
6190,STU_06191,6.1,0.6,2.1,5.9,6.0,97.0
6191,STU_06192,2.9,0.8,1.6,6.7,4.0,67.0
6192,STU_06193,3.5,0.5,1.7,7.0,5.0,76.0
6193,STU_06194,5.9,1.3,1.9,6.1,6.0,96.0
6194,STU_06195,0.4,0.1,1.0,8.0,3.0,56.0
6195,STU_06196,4.3,0.2,1.5,7.6,2.0,73.0
6196,STU_06197,2.4,2.1,1.4,7.9,5.0,64.0
6197,STU_06198,3.8,0.3,0.5,7.4,2.0,74.0
6198,STU_06199,4.1,0.4,1.5,8.1,2.0,84.0
6199,STU_06200,4.0,2.4,2.2,6.4,6.0,83.0
6200,STU_06201,3.7,0.1,0.9,6.6,4.010084804033921,74.0
6201,STU_06202,2.9,0.9,1.3,6.9,5.0,68.0
6202,STU_06203,7.9,0.0,1.4,6.1,4.0,99.0
6203,STU_06204,7.3,0.6,1.0,9.4,3.0,96.0
6204,STU_06205,2.8,1.8,1.7,7.3,6.0,70.0
6205,STU_06206,6.9,0.1,0.7,7.0,3.0,88.0
6206,STU_06207,3.9,3.3,2.3,6.2,7.0,75.0
6207,STU_06208,4.7,3.6,1.7,4.1,7.0,85.0
6208,STU_06209,4.4,0.2,0.5,9.3,4.010084804033921,72.0
6209,STU_06210,3.5,6.0,2.6,7.0,6.0,78.0
6210,STU_06211,6.0,0.5,1.3,7.7,4.0,87.0
6211,STU_06212,4.7,0.1,0.6,8.2,3.0,80.0
6212,STU_06213,3.8,0.0,2.1,6.3,4.0,77.0
6213,STU_06214,2.5,0.8,1.6,6.2,5.0,61.0
6214,STU_06215,3.2,1.5,0.0,5.9,6.0,66.0
6215,STU_06216,2.0,0.6,0.8,7.5,3.0,68.0
6216,STU_06217,4.5,2.7,1.4,1.216581632653061,6.0,88.0
6217,STU_06218,2.7,1.9,0.0,7.0,4.0,65.0
6218,STU_06219,4.1,0.6,1.3,7.9,4.0,72.0
6219,STU_06220,6.6,2.0,1.3,8.1,4.0,94.0
6220,STU_06221,6.3,4.2,1.2165816326530612,5.1,5.0,94.0
6221,STU_06222,4.5,0.1,1.4,9.5,2.0,77.0
6222,STU_06223,4.4,0.5,1.2,8.8,3.0,74.0
6223,STU_06224,7.3,0.9,0.2,8.2,2.0,98.0
6224,STU_06225,5.3,1.0,1.9,8.2,3.0,82.0
6225,STU_06226,4.0,1.2,1.9,8.2,3.0,75.0
6226,STU_06227,2.4,0.5,1.0,7.9,4.0,60.0
6227,STU_06228,5.1,1.7,1.0,8.7,2.0,86.0
6228,STU_06229,5.7,1.6,1.8,6.7,6.0,85.0
6229,STU_06230,3.6,1.3,1.0,7.9,2.0,73.0
6230,STU_06231,4.9,0.2,1.2165816326530612,9.3,4.010084804033921,85.0
6231,STU_06232,4.0,1.0,1.6,4.7,7.0,71.0
6232,STU_06233,4.2,0.7,0.5,8.1,4.0,76.0
6233,STU_06234,0.8,1.0,0.9,8.2,2.0,50.0
6234,STU_06235,4.2,3.8,2.4,4.7,6.0,79.0
6235,stu_06236 ,6.0,1.0,1.1,7.8,2.0,92.0
6236,STU_06237,3.6,0.0,1.2,7.0,4.0,65.0
6237,STU_06238,4.6,0.9,1.6,7.8,3.0,80.0
6238,STU_06239,3.4,2.6,1.6,1.216581632653061,6.0,80.0
6239,STU_06240,5.0,2.3,0.5,6.3,5.0,86.0
6240,STU_06241,4.2,1.1,1.2,8.6,2.0,74.0
6241,STU_06242,3.1,0.4,1.2,7.2,4.0,65.0
6242,STU_06243,6.5,0.9,1.4,7.7,4.0,83.0
6243,stu_06244 ,5.9,1.2,1.4,8.7,4.0,93.0
6244,STU_06245,3.6,6.0,3.0,4.7,4.010084804033921,63.0
6245,STU_06246,5.2,1.5,0.3,7.5,3.0,77.0
6246,STU_06247,5.3,1.8,2.0,6.6,6.0,80.0
6247,STU_06248,5.5,1.0,2.1,7.0,3.0,80.0
6248,STU_06249,2.0,0.7,1.6,9.6,2.0,61.0
6249,STU_06250,6.0,2.5,0.7,7.6,4.0,99.0
6250,STU_06251,3.6,1.0,2.5,7.5,4.0,77.0
6251,STU_06252,4.0,6.0,0.0,6.7,6.0,85.0
6252,STU_06253,8.5,0.9,0.7,8.0,3.0,100.0
6253,STU_06254,5.0,0.1,2.1,5.7,7.0,87.0
6254,STU_06255,3.9,1.7,0.9,9.6,4.010084804033921,78.0
6255,STU_06256,1.2,0.1,2.5,1.216581632653061,4.0,63.0
6256,STU_06257,6.6,0.4,0.0,9.6,2.0,88.0
6257,STU_06258,2.5,0.7,0.3,8.4,3.0,62.0
6258,STU_06259,3.0,2.0,0.8,7.4,5.0,67.0
6259,STU_06260,4.0,1.0,1.5,7.1,3.0,77.0
6260,STU_06261,6.6,0.0,1.0,10.0,4.010084804033921,79.0
6261,STU_06262,5.7,1.4,0.8,8.0,4.0,91.0
6262,STU_06263,4.3,0.8,2.3,7.3,3.0,75.0
6263,STU_06264,5.0,3.8,2.4,5.8,7.0,89.0
6264,STU_06265,3.6,1.0,0.9,6.9,4.0,68.0
6265,STU_06266,4.7,1.9,0.0,7.5,3.0,85.0
6266,STU_06267,4.6,0.4,0.0,7.0,4.0,84.0
6267,STU_06268,6.0,2.1,1.4,7.8,5.0,89.0
6268,STU_06269,6.0,1.9,1.2165816326530612,6.4,5.0,91.0
6269,STU_06270,5.2,3.5,1.3,7.7,5.0,83.0
6270,STU_06271,4.0,0.1,1.1,8.7,3.0,74.0
6271,STU_06272,5.6,0.9,0.6,7.6,3.0,89.0
6272,STU_06273,4.4,1.7,1.7,7.7,4.0,78.0
6273,STU_06274,2.9,0.2,2.5,8.1,2.0,74.0
6274,STU_06275,3.9,0.8,0.0,6.3,3.0,67.0
6275,STU_06276,4.6,4.3,1.1,8.2,4.0,83.0
6276,STU_06277,5.9,0.9,0.4,7.4,2.0,79.0
6277,STU_06278,4.2,6.0,0.0,6.9,7.0,86.0
6278,STU_06279,2.7,0.1,0.3,8.6,4.010084804033921,65.0
6279,STU_06280,4.6,1.9,1.5,4.6,5.0,80.0
6280,STU_06281,4.7,1.3,1.5,6.6,5.0,83.0
6281,STU_06282,4.8,1.0,2.4,8.1,4.0,79.0
6282,STU_06283,5.9,5.3,1.2,6.2,6.0,100.0
6283,STU_06284,6.0,0.2,0.0,8.6,2.0,90.0
6284,STU_06285,3.6,3.4,1.0,6.9,4.0,77.0
6285,STU_06286,3.6,1.8,0.1,8.7,2.0,71.0
6286,STU_06287,2.9,0.4,0.2,7.9,3.0,65.0
6287,STU_06288,5.5,3.5,1.7,8.0,5.0,90.0
6288,STU_06289,6.7,0.8,1.4,6.5,4.0,89.0
6289,STU_06290,4.0,2.5,1.7,6.8,4.0,82.0
6290,STU_06291,4.1,0.7,0.9,1.216581632653061,5.0,76.0
6291,STU_06292,6.7,2.9,1.8,1.216581632653061,5.0,94.0
6292,STU_06293,5.3,1.5,0.9,7.1,4.0,84.0
6293,STU_06294,5.2,0.2,2.1,7.3,5.0,81.0
6294,STU_06295,2.7,1.6,1.5,6.5,7.0,70.0
6295,STU_06296,5.5,0.3,1.0,7.2,4.0,92.0
6296,STU_06297,3.1,0.8,1.4,7.5,3.0,72.0
6297,STU_06298,2.8,0.3,1.2,5.7,5.0,69.0
6298,STU_06299,4.0,0.0,2.5,5.2,5.0,77.0
6299,STU_06300,3.6,0.4,1.4,7.7,4.0,72.0
6300,STU_06301,4.2,1.2,1.2,4.6,6.0,73.0
6301,STU_06302,2.3,1.0,1.0,7.3,3.0,53.0
6302,STU_06303,5.9,1.0,1.9,6.9,3.0,79.0
6303,STU_06304,6.2,0.4,1.8,8.1,3.0,91.0
6304,STU_06305,1.6,1.7,1.0,6.6,5.0,64.0
6305,STU_06306,6.0,1.8,0.3,9.0,3.0,88.0
6306,STU_06307,3.3,0.7,0.5,8.6,2.0,80.0
6307,STU_06308,5.8,3.2,1.1,5.3,7.0,89.0
6308,STU_06309,4.4,1.5,2.3,6.8,4.0,69.0
6309,STU_06310,4.5,1.9,1.0,8.8,2.0,83.0
6310,STU_06311,4.2,0.5,0.7,7.0,2.0,81.0
6311,STU_06312,6.3,0.0,0.0,7.9,3.0,91.0
6312,STU_06313,2.6,3.0,2.4,8.0,4.0,75.0
6313,STU_06314,5.4,2.6,1.7,6.4,7.0,79.0
6314,STU_06315,6.2,0.2,1.8,8.7,2.0,88.0
6315,STU_06316,5.6,0.7,2.0,6.5,3.0,81.0
6316,STU_06317,8.0,1.6,1.1,4.4,6.0,100.0
6317,STU_06318,3.7,1.6,1.3,1.216581632653061,3.0,81.0
6318,STU_06319,5.9,3.0,2.4,7.1,5.0,89.0
6319,STU_06320,4.3,0.2,1.3,8.2,3.0,79.0
6320,STU_06321,6.4,0.8,1.7,6.3,5.0,86.0
6321,STU_06322,4.5,0.2,1.9,6.6,4.0,77.0
6322,STU_06323,3.9,0.7,1.7,8.6,4.010084804033921,73.0
6323,STU_06324,6.5,0.0,1.1,8.0,2.0,96.0
6324,STU_06325,3.8,3.4,1.2,6.6,6.0,73.0
6325,STU_06326,2.4,1.1,1.2165816326530612,7.5,4.0,66.0
6326,STU_06327,3.7,2.8,1.8,1.216581632653061,3.0,82.0
6327,STU_06328,5.4,0.1,2.1,8.3,3.0,75.0
6328,STU_06329,6.6,0.4,1.6,7.1,4.0,92.0
6329,STU_06330,4.7,0.5,1.7,6.1,4.0,79.0
6330,STU_06331,6.5,0.7,0.8,8.2,3.0,87.0
6331,STU_06332,2.5,2.4,0.7,6.2,6.0,73.0
6332,STU_06333,3.8,0.7,1.8,6.2,4.0,81.0
6333,STU_06334,4.1,0.3,0.7,9.1,4.010084804033921,78.0
6334,STU_06335,4.3,0.1,1.2,8.6,2.0,75.0
6335,STU_06336,4.6,0.1,2.3,7.9,2.0,72.0
6336,STU_06337,5.5,2.1,2.2,5.7,4.010084804033921,79.0
6337,STU_06338,3.8,0.9,1.4,9.2,3.0,74.0
6338,stu_06339 ,4.7,1.9,1.0,8.3,3.0,81.0
6339,STU_06340,4.4,1.7,1.1,7.0,5.0,77.0
6340,STU_06341,3.1,0.2,1.9,7.0,3.0,67.0
6341,STU_06342,4.3,0.2,1.2,7.8,4.010084804033921,76.0
6342,STU_06343,4.3,2.1,0.8,6.7,4.0,74.0
6343,STU_06344,4.3,1.9,2.2,9.2,4.010084804033921,83.0
6344,STU_06345,4.5,0.7,1.3,7.1,4.0,75.0
6345,STU_06346,4.6,0.1,0.7,6.7,3.0,78.0
6346,stu_06347 ,3.9,0.0,1.6,9.3,4.010084804033921,72.0
6347,STU_06348,6.4,0.5,2.0,6.9,4.0,92.0
6348,STU_06349,2.7,0.0,0.4,8.7,2.0,69.0
6349,STU_06350,3.4,0.4,1.0,8.3,2.0,73.0
6350,STU_06351,8.7,0.8,1.0,7.5,3.0,99.0
6351,STU_06352,2.9,0.2,1.6,6.7,3.0,67.0
6352,STU_06353,2.5,0.2,1.7,7.6,3.0,71.0
6353,STU_06354,5.6,3.4,0.8,5.7,5.0,87.0
6354,STU_06355,1.4,1.3,0.0,7.6,4.0,64.0
6355,STU_06356,4.1,4.1,2.0,7.1,6.0,81.0
6356,STU_06357,7.7,0.6,0.3,9.5,2.0,96.0
6357,STU_06358,2.2,1.7,1.4,6.1,4.0,66.0
6358,STU_06359,1.5,0.3,1.1,7.4,3.0,56.0
6359,STU_06360,2.3,1.4,1.3,6.8,4.0,69.0
6360,STU_06361,5.8,0.2,2.5,7.7,3.0,82.0
6361,STU_06362,6.2,0.0,3.0,5.9,4.0,89.0
6362,STU_06363,3.7,4.0,0.0,5.9,6.0,83.0
6363,STU_06364,5.5,1.2,2.0,5.5,4.0,87.0
6364,STU_06365,6.6,3.9,1.1,1.216581632653061,7.0,93.0
6365,STU_06366,7.2,0.6,2.0,6.7,3.0,95.0
6366,STU_06367,4.1,0.6,2.0,9.1,4.0,73.0
6367,STU_06368,1.0,0.8,2.3,7.7,4.0,57.0
6368,STU_06369,3.3,1.8,1.4,7.2,4.0,70.0
6369,STU_06370,3.9,1.3,0.5,8.9,3.0,72.0
6370,STU_06371,4.1,3.9,1.9,6.8,4.0,83.0
6371,STU_06372,4.2,0.0,1.3,8.2,4.010084804033921,79.0
6372,STU_06373,6.2,1.8,1.0,6.8,5.0,94.0
6373,STU_06374,6.4,0.6,0.8,7.0,4.0,90.0
6374,STU_06375,4.2,0.3,2.0,6.2,4.0,82.0
6375,STU_06376,6.1,1.1,2.5,6.6,5.0,86.0
6376,stu_06377 ,5.0,1.1,0.2,7.4,4.0,87.0
6377,STU_06378,4.6,0.2,1.7,7.9,3.0,82.0
6378,STU_06379,5.9,0.3,0.9,7.7,3.0,86.0
6379,STU_06380,4.6,0.8,0.0,7.4,2.0,80.0
6380,STU_06381,7.6,0.8,1.3,6.6,4.0,100.0
6381,STU_06382,2.3,0.6,0.5,8.1,4.010084804033921,68.0
6382,STU_06383,3.7,0.2,0.0,7.4,2.0,74.0
6383,STU_06384,4.3,0.0,0.6,8.2,2.0,74.0
6384,STU_06385,5.2,5.3,0.4,4.4,4.010084804033921,69.0
6385,STU_06386,6.4,4.3,0.7,1.216581632653061,6.0,95.0
6386,STU_06387,4.5,1.0,0.1,8.4,4.010084804033921,74.0
6387,STU_06388,2.4,6.0,0.9,6.6,6.0,76.0
6388,STU_06389,5.8,1.7,0.6,7.2,5.0,80.0
6389,STU_06390,5.6,0.1,1.5,8.6,2.0,85.0
6390,STU_06391,1.6,0.2,1.7,6.3,4.0,59.0
6391,STU_06392,4.5,3.7,1.4,6.5,7.0,81.0
6392,STU_06393,2.1,1.5,1.0,7.2,4.0,64.0
6393,STU_06394,3.5,2.8,1.0,8.0,4.0,64.0
6394,STU_06395,3.1,3.4,0.5,4.8,7.0,72.0
6395,STU_06396,5.7,0.9,0.5,6.6,4.0,82.0
6396,STU_06397,4.7,0.1,1.8,9.4,4.010084804033921,75.0
6397,STU_06398,2.6,0.3,0.0,5.5,3.0,78.0
6398,STU_06399,5.8,0.1,1.1,8.6,4.010084804033921,80.0
6399,STU_06400,2.3,0.3,0.9,7.0,4.0,66.0
6400,STU_06401,5.0,0.8,1.7,7.7,4.0,78.0
6401,STU_06402,3.3,0.2,0.1,9.3,2.0,66.0
6402,STU_06403,4.0,0.3,1.2,8.0,3.0,69.0
6403,STU_06404,5.3,0.9,1.5,8.9,2.0,87.0
6404,STU_06405,5.3,0.6,0.0,7.3,3.0,87.0
6405,STU_06406,6.5,0.9,0.3,7.3,3.0,88.0
6406,STU_06407,4.4,0.8,1.1,8.3,3.0,81.0
6407,STU_06408,5.0,1.6,1.6,6.8,5.0,78.0
6408,STU_06409,3.8,4.2,1.2165816326530612,7.1,5.0,78.0
6409,STU_06410,4.8,0.2,1.2165816326530612,8.8,4.010084804033921,82.0
6410,STU_06411,5.2,0.2,0.3,8.8,4.010084804033921,77.0
6411,STU_06412,4.4,2.9,0.0,5.6,7.0,77.0
6412,STU_06413,1.8,1.1,1.3,7.1,4.0,62.0
6413,STU_06414,5.0,2.2,0.2,1.216581632653061,4.0,83.0
6414,STU_06415,5.0,0.4,0.5,7.5,3.0,77.0
6415,STU_06416,3.5,2.6,1.9,6.9,5.0,84.0
6416,STU_06417,2.6,3.9,1.4,6.9,6.0,68.0
6417,STU_06418,6.7,1.5,0.7,6.9,4.0,96.0
6418,STU_06419,5.2,0.2,0.6,7.6,2.0,84.0
6419,STU_06420,4.2,3.4,1.7,5.5,4.010084804033921,69.0
6420,STU_06421,2.8,2.4,1.4,6.5,5.0,72.0
6421,STU_06422,3.3,2.1,0.2,5.8,7.0,69.0
6422,STU_06423,6.5,0.1,0.0,8.1,2.0,89.0
6423,STU_06424,4.7,2.4,2.7,6.5,6.0,85.0
6424,STU_06425,3.7,0.2,0.2,7.0,4.0,70.0
6425,STU_06426,5.3,0.4,1.6,9.3,4.010084804033921,84.0
6426,STU_06427,3.3,1.3,2.4,6.9,5.0,69.0
6427,STU_06428,6.8,0.5,1.3,7.9,3.0,92.0
6428,STU_06429,6.5,1.6,0.7,6.7,5.0,92.0
6429,STU_06430,3.8,1.4,0.1,7.2,3.0,73.0
6430,STU_06431,3.6,0.2,0.0,8.3,4.010084804033921,64.0
6431,STU_06432,0.6,1.6,1.5,6.9,3.0,59.0
6432,STU_06433,2.3,3.9,2.4,6.4,6.0,77.0
6433,STU_06434,2.5,0.3,0.9,8.6,4.010084804033921,66.0
6434,STU_06435,4.7,1.4,0.8,6.9,3.0,78.0
6435,STU_06436,4.0,0.6,1.8,6.1,5.0,76.0
6436,STU_06437,2.5,0.9,0.7,6.1,5.0,71.0
6437,STU_06438,4.1,0.5,1.4,9.0,2.0,80.0
6438,STU_06439,5.3,0.7,1.2,8.5,3.0,86.0
6439,STU_06440,5.3,0.0,0.9,8.5,2.0,84.0
6440,STU_06441,1.7,6.0,1.2,5.5,4.010084804033921,56.0
6441,STU_06442,4.3,1.5,2.6,5.7,6.0,79.0
6442,STU_06443,2.4,1.0,1.7,7.1,4.0,62.0
6443,STU_06444,5.9,0.7,2.1,7.3,5.0,85.0
6444,STU_06445,5.7,1.2,0.5,6.4,5.0,85.0
6445,STU_06446,3.2,0.7,2.1,5.9,4.0,71.0
6446,STU_06447,3.4,0.7,1.7,5.7,5.0,64.0
6447,STU_06448,3.8,0.9,1.2165816326530612,8.4,4.010084804033921,76.0
6448,STU_06449,1.1,0.5,1.6,6.3,3.0,49.0
6449,STU_06450,5.0,0.3,0.8,8.1,2.0,82.0
6450,STU_06451,4.1,1.2,0.0,7.2,3.0,81.0
6451,STU_06452,6.0,2.8,1.3,7.5,4.0,93.0
6452,STU_06453,2.9,0.2,1.6,7.9,4.010084804033921,64.0
6453,STU_06454,3.6,0.0,1.3,7.5,4.0,74.0
6454,STU_06455,2.2,0.4,1.1,7.8,2.0,67.0
6455,STU_06456,3.0,5.8,0.9,5.9,4.010084804033921,76.0
6456,STU_06457,2.7,2.6,3.0,1.216581632653061,6.0,72.0
6457,STU_06458,6.0,1.4,0.3,8.5,2.0,92.0
6458,STU_06459,3.5,4.0,1.9,6.0,7.0,75.0
6459,STU_06460,4.7,0.9,1.2,7.4,3.0,76.0
6460,STU_06461,3.9,6.0,0.5,4.7,4.010084804033921,70.0
6461,STU_06462,2.6,0.5,1.2,7.9,3.0,70.0
6462,STU_06463,4.2,0.4,0.1,7.2,2.0,74.0
6463,STU_06464,5.4,1.5,0.7,6.9,5.0,80.0
6464,STU_06465,2.7,0.7,1.2,6.7,3.0,68.0
6465,STU_06466,5.7,1.5,0.0,7.4,2.0,87.0
6466,STU_06467,3.2,0.5,1.6,5.5,5.0,71.0
6467,STU_06468,3.8,1.4,0.4,8.2,4.0,78.0
6468,STU_06469,5.3,0.5,0.0,7.8,4.010084804033921,87.0
6469,STU_06470,3.5,0.1,0.3,7.4,3.0,71.0
6470,STU_06471,4.6,3.6,2.9,4.8,4.010084804033921,71.0
6471,STU_06472,4.0,3.2,0.0,1.216581632653061,4.0,76.0
6472,STU_06473,4.7,5.3,1.5,5.5,4.010084804033921,76.0
6473,STU_06474,0.9,1.9,0.6,8.6,2.0,58.0
6474,STU_06475,1.8,1.7,0.9,7.8,4.0,61.0
6475,STU_06476,5.4,1.2,1.7,8.8,2.0,83.0
6476,STU_06477,6.1,0.2,1.6,7.7,4.010084804033921,87.0
6477,STU_06478,3.1,0.3,0.7,8.9,4.010084804033921,67.0
6478,STU_06479,4.1,0.5,0.1,8.3,3.0,77.0
6479,STU_06480,4.9,3.3,1.7,6.2,6.0,92.0
6480,STU_06481,5.5,0.3,1.6,7.8,5.0,83.0
6481,STU_06482,1.5,3.8,1.0,5.8,6.0,62.0
6482,STU_06483,3.2,1.1,1.6,9.4,4.010084804033921,72.0
6483,STU_06484,4.0,1.9,0.8,7.2,4.0,74.0
6484,STU_06485,5.6,0.2,0.5,7.9,2.0,83.0
6485,STU_06486,8.2,0.5,1.2,8.0,2.0,97.0
6486,STU_06487,4.2,4.8,1.6,5.2,7.0,78.0
6487,STU_06488,2.4,0.5,1.4,8.9,4.010084804033921,62.0
6488,STU_06489,5.1,0.5,1.6,6.5,4.0,79.0
6489,STU_06490,6.5,0.3,0.6,6.5,4.0,85.0
6490,STU_06491,4.7,0.2,2.5,7.3,4.0,83.0
6491,STU_06492,3.1,0.4,0.9,6.4,3.0,71.0
6492,STU_06493,5.9,1.5,1.1,8.9,2.0,92.0
6493,STU_06494,5.5,0.9,0.1,7.5,4.0,79.0
6494,STU_06495,3.0,1.2,1.0,4.2,5.0,68.0
6495,STU_06496,5.1,0.2,1.6,7.8,3.0,82.0
6496,STU_06497,6.0,2.4,1.8,7.5,5.0,96.0
6497,STU_06498,6.3,2.3,2.4,6.4,5.0,88.0
6498,STU_06499,4.4,0.0,1.6,6.3,3.0,71.0
6499,STU_06500,4.0,0.7,1.4,7.4,5.0,76.0
6500,STU_06501,6.3,0.1,0.8,7.3,4.0,86.0
6501,STU_06502,2.7,2.4,0.7,1.216581632653061,6.0,76.0
6502,STU_06503,5.2,2.0,2.0,5.9,6.0,86.0
6503,STU_06504,2.4,3.5,2.0,6.7,6.0,69.0
6504,STU_06505,6.1,0.4,0.3,8.7,4.010084804033921,86.0
6505,STU_06506,4.1,0.9,1.8,7.8,3.0,76.0
6506,STU_06507,6.4,0.3,1.7,5.8,6.0,82.0
6507,STU_06508,5.2,0.7,0.3,8.3,4.010084804033921,83.0
6508,STU_06509,2.7,1.1,1.6,8.1,3.0,66.0
6509,STU_06510,6.6,0.1,0.4,9.3,4.010084804033921,92.0
6510,STU_06511,6.8,1.9,0.0,6.5,4.0,90.0
6511,STU_06512,5.8,1.2,1.1,7.4,4.0,89.0
6512,STU_06513,3.4,2.6,1.4,7.5,5.0,76.0
6513,STU_06514,4.0,0.5,1.1,7.1,4.0,76.0
6514,STU_06515,4.7,3.5,3.0,1.216581632653061,5.0,89.0
6515,STU_06516,3.4,6.0,1.5,5.9,7.0,72.0
6516,STU_06517,7.0,3.8,1.3,5.8,7.0,100.0
6517,STU_06518,4.7,2.3,1.5,6.3,6.0,82.0
6518,STU_06519,0.4,2.5,0.8,8.3,3.0,56.0
6519,STU_06520,5.0,1.3,1.9,6.2,5.0,78.0
6520,STU_06521,4.0,0.3,1.5,6.4,5.0,69.0
6521,STU_06522,4.4,1.7,1.5,7.5,5.0,82.0
6522,STU_06523,3.9,1.9,0.7,7.3,4.0,80.0
6523,STU_06524,5.7,6.0,0.0,4.9,4.010084804033921,92.0
6524,STU_06525,6.2,1.2,0.8,7.0,3.0,97.0
6525,STU_06526,4.9,0.5,1.4,6.8,5.0,74.0
6526,STU_06527,4.0,1.7,0.8,6.7,3.0,76.0
6527,STU_06528,4.4,5.8,1.4,8.5,5.0,86.0
6528,STU_06529,4.5,0.3,1.0,7.4,3.0,81.0
6529,STU_06530,3.3,0.6,1.5,6.6,2.0,76.0
6530,STU_06531,5.4,1.2,0.4,1.216581632653061,4.010084804033921,80.0
6531,STU_06532,5.2,0.3,1.4,8.5,2.0,79.0
6532,STU_06533,6.8,0.0,0.7,8.6,2.0,96.0
6533,STU_06534,6.4,0.6,0.0,7.0,3.0,83.0
6534,STU_06535,3.5,3.0,1.1,8.1,5.0,71.0
6535,STU_06536,5.7,0.1,2.4,8.3,3.0,86.0
6536,STU_06537,3.1,0.8,0.0,7.9,4.010084804033921,78.0
6537,STU_06538,5.5,2.2,1.3,5.4,4.010084804033921,72.0
6538,STU_06539,3.7,4.6,1.8,6.2,6.0,79.0
6539,STU_06540,3.0,6.0,3.0,1.216581632653061,7.0,79.0
6540,STU_06541,4.9,0.8,0.8,7.8,3.0,87.0
6541,STU_06542,0.5,4.5,0.7,6.1,6.0,61.0
6542,STU_06543,1.9,0.1,0.3,7.7,3.0,54.0
6543,STU_06544,4.2,2.1,2.1,6.8,6.0,73.0
6544,STU_06545,4.6,1.5,0.5,6.6,5.0,86.0
6545,STU_06546,3.9,0.4,0.9,7.6,3.0,76.0
6546,STU_06547,2.1,1.1,0.0,9.1,4.010084804033921,60.0
6547,STU_06548,3.3,0.2,1.9,8.9,4.010084804033921,72.0
6548,STU_06549,5.1,3.1,2.1,5.9,7.0,86.0
6549,STU_06550,5.4,0.7,1.9,8.7,3.0,73.0
6550,STU_06551,4.5,1.5,0.0,8.3,2.0,71.0
6551,STU_06552,6.2,0.3,1.7,8.2,4.0,89.0
6552,STU_06553,5.1,0.3,0.0,8.3,3.0,89.0
6553,STU_06554,3.4,6.0,1.2,5.0,4.010084804033921,56.0
6554,STU_06555,4.1,2.1,1.4,6.7,4.0,68.0
6555,STU_06556,2.4,4.9,1.4,7.1,6.0,65.0
6556,STU_06557,4.3,0.5,1.6,6.3,4.0,79.0
6557,STU_06558,6.2,0.3,1.2165816326530612,6.6,6.0,90.0
6558,STU_06559,5.5,1.0,0.0,8.0,3.0,84.0
6559,STU_06560,6.6,1.0,1.6,6.6,6.0,89.0
6560,stu_06561 ,4.0,0.3,1.3,8.5,3.0,78.0
6561,STU_06562,6.5,2.0,0.5,6.6,4.0,97.0
6562,STU_06563,4.2,0.7,0.0,8.0,2.0,79.0
6563,STU_06564,6.7,0.3,2.4,7.7,4.0,87.0
6564,STU_06565,4.5,0.6,2.2,6.9,5.0,81.0
6565,STU_06566,5.6,1.2,1.8,7.0,4.0,84.0
6566,STU_06567,6.7,1.9,0.7,6.6,4.0,91.0
6567,STU_06568,4.2,1.0,0.0,7.7,4.0,74.0
6568,STU_06569,4.8,1.1,1.8,6.3,4.0,81.0
6569,STU_06570,6.4,0.2,1.5,7.4,3.0,91.0
6570,STU_06571,4.3,3.7,0.9,7.5,6.0,73.0
6571,STU_06572,2.5,4.0,2.1,5.3,4.010084804033921,60.0
6572,STU_06573,7.7,1.7,1.9,6.6,4.0,97.0
6573,stu_06574 ,3.8,0.0,1.3,8.2,4.010084804033921,77.0
6574,stu_06575 ,4.7,1.2,1.2,5.3,7.0,77.0
6575,STU_06576,6.2,1.5,1.2,9.2,2.0,88.0
6576,STU_06577,3.6,6.0,1.7,6.9,6.0,84.0
6577,STU_06578,3.0,6.0,0.5,4.6,4.010084804033921,53.0
6578,STU_06579,4.9,2.9,1.5,4.7,4.010084804033921,82.0
6579,STU_06580,1.8,0.1,0.5,7.9,4.010084804033921,60.0
6580,STU_06581,4.1,4.6,2.3,5.0,4.010084804033921,65.0
6581,STU_06582,4.9,1.4,1.6,8.2,2.0,90.0
6582,STU_06583,4.1,2.4,0.6,7.5,5.0,80.0
6583,STU_06584,2.2,0.8,1.3,7.6,5.0,66.0
6584,STU_06585,6.9,0.6,0.5,7.2,4.0,94.0
6585,STU_06586,4.7,0.9,2.4,8.8,3.0,83.0
6586,STU_06587,6.6,0.2,2.5,8.2,4.010084804033921,91.0
6587,STU_06588,4.1,0.7,1.8,8.1,5.0,80.0
6588,stu_06589 ,3.2,2.9,2.4,7.8,5.0,75.0
6589,STU_06590,4.9,0.1,1.3,6.7,2.0,85.0
6590,STU_06591,4.2,0.2,1.8,1.216581632653061,3.0,70.0
6591,STU_06592,2.7,0.2,2.2,7.2,4.0,68.0
6592,STU_06593,6.7,0.8,1.2165816326530612,7.9,3.0,95.0
6593,STU_06594,3.6,6.0,1.3,5.8,7.0,76.0
6594,STU_06595,1.7,0.3,1.9,5.6,5.0,63.0
6595,STU_06596,6.5,0.2,1.7,8.5,3.0,92.0
6596,STU_06597,3.7,3.7,0.6,4.9,7.0,85.0
6597,STU_06598,3.6,3.2,0.0,6.1,6.0,75.0
6598,STU_06599,1.9,0.0,1.1,7.3,6.0,62.0
6599,STU_06600,7.1,2.1,0.0,5.4,6.0,94.0
6600,STU_06601,2.6,1.6,0.4,6.3,6.0,67.0
6601,STU_06602,4.6,2.2,0.5,7.5,3.0,87.0
6602,STU_06603,5.9,1.0,0.7,7.2,2.0,87.0
6603,STU_06604,5.1,6.0,1.9,5.6,4.010084804033921,71.0
6604,STU_06605,4.4,0.1,2.0,6.7,5.0,76.0
6605,STU_06606,1.9,0.4,1.6,7.6,5.0,60.0
6606,STU_06607,3.3,0.8,1.7,7.1,4.0,69.0
6607,STU_06608,4.8,0.9,1.7,5.7,6.0,78.0
6608,STU_06609,3.3,3.8,0.0,6.7,3.0,74.0
6609,STU_06610,4.8,1.2,1.2,6.1,5.0,76.0
6610,STU_06611,5.5,0.1,0.0,8.9,2.0,84.0
6611,STU_06612,5.9,0.8,1.6,7.1,3.0,83.0
6612,STU_06613,2.7,0.8,0.0,10.0,4.010084804033921,72.0
6613,STU_06614,7.8,5.0,1.1,7.2,5.0,100.0
6614,STU_06615,5.7,1.4,1.6,7.1,4.0,88.0
6615,STU_06616,4.5,1.5,0.3,8.1,3.0,81.0
6616,STU_06617,6.1,1.9,2.0,5.0,4.010084804033921,74.0
6617,STU_06618,8.0,2.2,1.6,8.0,3.0,100.0
6618,STU_06619,2.3,1.5,1.5,1.216581632653061,4.0,73.0
6619,STU_06620,4.2,0.4,1.8,7.6,2.0,72.0
6620,STU_06621,0.9,3.1,0.9,6.2,5.0,69.0
6621,STU_06622,4.8,2.0,1.3,6.5,5.0,84.0
6622,STU_06623,5.0,2.0,1.2,7.0,5.0,85.0
6623,STU_06624,4.4,6.0,1.2,6.0,7.0,87.0
6624,STU_06625,3.5,2.4,0.7,7.1,5.0,79.0
6625,STU_06626,1.4,2.7,0.2,7.2,5.0,67.0
6626,STU_06627,5.1,4.5,0.9,4.8,7.0,87.0
6627,STU_06628,6.7,0.2,0.9,10.0,4.010084804033921,89.0
6628,STU_06629,3.6,1.0,0.6,7.8,3.0,68.0
6629,STU_06630,5.2,1.3,1.9,7.7,4.0,86.0
6630,STU_06631,2.1,0.6,0.3,7.4,2.0,64.0
6631,STU_06632,5.2,2.7,1.1,6.1,5.0,82.0
6632,STU_06633,3.9,2.2,2.1,1.216581632653061,5.0,74.0
6633,STU_06634,3.4,1.9,1.9,7.3,6.0,73.0
6634,STU_06635,3.4,6.0,2.2,7.1,7.0,75.0
6635,STU_06636,3.9,0.5,0.7,9.8,2.0,74.0
6636,STU_06637,5.1,2.0,1.8,8.5,4.0,77.0
6637,STU_06638,2.5,1.2,0.3,5.8,4.0,65.0
6638,STU_06639,3.9,0.6,1.0,7.2,3.0,70.0
6639,STU_06640,4.4,0.3,1.1,8.0,4.0,78.0
6640,STU_06641,2.9,3.4,0.7,6.4,6.0,68.0
6641,STU_06642,7.2,1.4,0.9,7.4,3.0,93.0
6642,STU_06643,3.2,2.6,0.8,4.9,7.0,82.0
6643,STU_06644,3.5,1.2,0.4,8.5,3.0,76.0
6644,STU_06645,3.0,0.4,1.9,5.6,5.0,71.0
6645,STU_06646,7.2,0.6,1.1,6.0,4.0,99.0
6646,STU_06647,5.3,0.7,1.2165816326530612,6.5,2.0,85.0
6647,STU_06648,3.1,5.4,1.3,6.0,7.0,71.0
6648,STU_06649,6.2,0.0,1.2,6.1,4.0,82.0
6649,STU_06650,4.8,6.0,1.3,4.9,7.0,77.0
6650,STU_06651,4.9,5.9,1.0,7.2,6.0,89.0
6651,STU_06652,4.0,6.0,2.3,5.6,4.010084804033921,71.0
6652,STU_06653,3.4,1.0,1.8,7.8,3.0,69.0
6653,STU_06654,5.0,5.0,1.2,5.0,4.010084804033921,78.0
6654,STU_06655,3.7,0.8,0.8,7.6,4.0,71.0
6655,STU_06656,7.2,0.0,1.1,7.6,3.0,93.0
6656,STU_06657,2.6,0.4,1.5,6.8,5.0,65.0
6657,STU_06658,6.8,4.4,2.4,6.2,6.0,96.0
6658,STU_06659,4.3,0.0,0.1,6.1,6.0,70.0
6659,STU_06660,4.9,1.2,1.7,7.7,4.0,82.0
6660,stu_06661 ,5.7,0.1,2.1,7.1,5.0,93.0
6661,STU_06662,3.6,0.5,0.0,7.6,3.0,73.0
6662,STU_06663,5.8,0.1,1.1,8.6,2.0,94.0
6663,STU_06664,0.4,2.9,0.3,1.216581632653061,4.0,55.0
6664,STU_06665,3.4,1.3,1.5,7.0,6.0,72.0
6665,STU_06666,3.1,3.5,0.9,5.7,7.0,74.0
6666,STU_06667,2.6,1.7,1.1,8.6,2.0,68.0
6667,STU_06668,4.2,5.3,0.9,4.9,4.010084804033921,72.0
6668,STU_06669,5.1,1.1,1.8,8.0,2.0,73.0
6669,STU_06670,5.6,1.5,1.4,5.7,6.0,84.0
6670,STU_06671,4.9,1.3,1.4,8.3,4.0,88.0
6671,STU_06672,3.5,1.0,1.3,8.4,4.0,71.0
6672,STU_06673,5.1,2.8,1.7,1.216581632653061,7.0,88.0
6673,STU_06674,4.7,1.6,1.0,7.8,3.0,83.0
6674,STU_06675,5.9,2.4,2.6,7.1,5.0,89.0
6675,stu_06676 ,5.7,2.3,0.2,8.0,4.0,89.0
6676,STU_06677,4.5,0.3,0.0,8.3,3.0,77.0
6677,STU_06678,3.2,1.6,0.0,6.6,4.0,63.0
6678,STU_06679,3.5,0.3,0.0,7.7,4.010084804033921,73.0
6679,STU_06680,3.7,1.3,1.7,8.9,4.010084804033921,72.0
6680,STU_06681,4.0,1.7,1.6,6.1,6.0,71.0
6681,STU_06682,4.9,6.0,2.2,6.1,6.0,90.0
6682,STU_06683,5.6,0.0,0.4,9.1,4.010084804033921,85.0
6683,STU_06684,4.4,0.1,1.8,6.6,4.0,81.0
6684,STU_06685,4.5,0.1,1.2,6.3,6.0,76.0
6685,STU_06686,4.7,0.8,1.3,6.2,5.0,83.0
6686,STU_06687,3.7,2.6,1.7,7.3,5.0,76.0
6687,STU_06688,3.1,2.8,0.6,5.8,6.0,74.0
6688,STU_06689,1.9,2.0,3.0,6.7,3.0,66.0
6689,STU_06690,3.5,3.4,2.3,7.9,4.0,71.0
6690,STU_06691,5.2,0.6,0.8,7.6,2.0,84.0
6691,STU_06692,3.4,0.1,0.3,7.1,5.0,71.0
6692,STU_06693,4.1,0.1,1.1,7.9,4.010084804033921,74.0
6693,STU_06694,5.2,2.9,1.3,6.8,5.0,86.0
6694,STU_06695,5.3,2.0,2.1,7.5,4.0,95.0
6695,STU_06696,2.9,1.8,0.3,9.0,4.010084804033921,62.0
6696,STU_06697,6.0,0.6,1.4,7.9,3.0,86.0
6697,STU_06698,6.2,0.7,0.0,1.216581632653061,4.010084804033921,91.0
6698,STU_06699,2.8,4.8,1.5,6.7,6.0,69.0
6699,STU_06700,3.3,0.1,1.1,7.0,4.0,71.0
6700,STU_06701,6.3,2.2,2.7,9.1,3.0,92.0
6701,STU_06702,4.3,0.6,0.0,7.7,3.0,70.0
6702,STU_06703,1.2,0.1,2.3,6.5,5.0,55.0
6703,STU_06704,2.4,2.0,0.0,9.7,4.010084804033921,75.0
6704,STU_06705,4.1,0.6,0.1,1.216581632653061,4.0,69.0
6705,STU_06706,2.8,1.9,0.0,6.7,3.0,68.0
6706,STU_06707,3.9,1.8,1.4,6.6,4.0,75.0
6707,STU_06708,4.5,1.1,0.3,7.8,3.0,79.0
6708,STU_06709,6.7,2.3,0.1,8.2,3.0,92.0
6709,STU_06710,4.1,1.3,1.4,4.7,7.0,77.0
6710,STU_06711,6.1,0.5,1.6,8.5,4.010084804033921,87.0
6711,STU_06712,6.6,2.0,1.2,6.6,6.0,96.0
6712,STU_06713,6.7,1.3,1.1,7.0,4.0,95.0
6713,STU_06714,4.9,0.0,2.7,9.2,4.010084804033921,81.0
6714,STU_06715,1.6,3.5,1.3,6.9,4.0,65.0
6715,STU_06716,5.2,1.2,1.8,7.7,2.0,77.0
6716,STU_06717,6.1,3.0,1.3,6.8,4.0,91.0
6717,STU_06718,4.4,3.2,0.3,7.7,4.0,86.0
6718,STU_06719,7.1,0.9,1.6,9.0,3.0,88.0
6719,STU_06720,5.8,1.1,0.7,5.1,5.0,81.0
6720,STU_06721,5.4,0.8,1.1,8.6,4.010084804033921,89.0
6721,STU_06722,6.1,0.9,1.4,9.0,2.0,82.0
6722,STU_06723,5.0,3.4,0.0,7.5,4.0,85.0
6723,STU_06724,0.8,2.3,0.0,6.6,5.0,56.0
6724,STU_06725,3.8,0.2,1.9,6.4,3.0,79.0
6725,STU_06726,6.3,1.4,0.7,9.8,4.010084804033921,91.0
6726,STU_06727,3.3,6.0,0.7,5.2,4.010084804033921,58.0
6727,STU_06728,4.2,1.4,1.3,8.8,4.010084804033921,77.0
6728,STU_06729,2.9,2.3,0.9,7.5,4.0,79.0
6729,STU_06730,7.2,2.2,1.5,9.1,3.0,93.0
6730,STU_06731,7.0,0.6,1.2,7.3,2.0,94.0
6731,STU_06732,3.2,0.7,1.4,5.9,5.0,75.0
6732,STU_06733,4.7,1.9,0.6,7.3,3.0,87.0
6733,STU_06734,3.5,1.0,1.4,5.9,6.0,71.0
6734,STU_06735,5.4,1.3,2.1,9.9,4.010084804033921,76.0
6735,STU_06736,5.3,1.9,0.7,7.9,2.0,83.0
6736,STU_06737,5.7,2.3,1.9,7.7,5.0,95.0
6737,STU_06738,5.0,0.5,1.2165816326530612,8.4,4.010084804033921,78.0
6738,STU_06739,8.9,0.2,1.8,6.9,4.0,100.0
6739,STU_06740,3.0,0.5,1.3,7.5,4.0,67.0
6740,STU_06741,1.9,1.1,1.2,7.6,2.0,63.0
6741,STU_06742,3.9,0.6,1.5,9.5,4.010084804033921,80.0
6742,STU_06743,2.1,1.3,2.2,6.0,6.0,66.0
6743,STU_06744,2.3,0.1,1.4,7.0,4.010084804033921,72.0
6744,STU_06745,3.0,1.1,1.6,7.0,5.0,73.0
6745,STU_06746,3.1,0.7,0.9,6.9,2.0,70.0
6746,STU_06747,3.1,1.1,2.5,5.7,5.0,70.0
6747,STU_06748,5.3,0.8,1.7,4.7,7.0,84.0
6748,STU_06749,3.7,0.5,1.3,5.8,5.0,68.0
6749,STU_06750,4.2,3.5,1.1,7.8,5.0,76.0
6750,STU_06751,5.8,0.3,2.0,7.5,3.0,89.0
6751,STU_06752,3.4,1.7,0.7,8.2,2.0,76.0
6752,STU_06753,4.1,3.9,0.0,6.3,7.0,75.0
6753,STU_06754,5.0,1.2,1.3,7.3,4.0,85.0
6754,STU_06755,1.6,3.1,2.2,8.2,5.0,64.0
6755,STU_06756,0.9,0.2,2.5,9.0,4.010084804033921,53.0
6756,STU_06757,5.0,1.0,1.1,8.4,4.010084804033921,80.0
6757,STU_06758,5.2,0.9,1.2,7.7,4.0,86.0
6758,STU_06759,7.6,0.0,1.6,8.2,3.0,98.0
6759,STU_06760,4.7,0.9,1.0,7.9,3.0,81.0
6760,STU_06761,5.7,0.7,1.6,7.3,3.0,87.0
6761,STU_06762,4.2,1.7,1.1,6.9,4.0,73.0
6762,STU_06763,4.9,4.2,2.0,7.5,5.0,88.0
6763,STU_06764,7.0,0.1,1.8,6.3,4.0,90.0
6764,STU_06765,1.3,0.6,1.8,8.9,4.010084804033921,67.0
6765,STU_06766,5.1,0.9,1.0,7.3,4.0,81.0
6766,STU_06767,7.7,0.9,2.7,5.9,7.0,100.0
6767,STU_06768,4.9,2.2,1.6,6.5,5.0,82.0
6768,STU_06769,7.0,0.9,1.4,6.6,3.0,93.0
6769,STU_06770,3.6,0.0,0.6,7.3,3.0,70.0
6770,STU_06771,4.5,1.9,1.1,6.6,5.0,74.0
6771,STU_06772,4.6,3.2,1.3,6.1,6.0,87.0
6772,STU_06773,1.2,1.1,0.6,7.3,5.0,59.0
6773,STU_06774,2.7,1.3,1.0,7.4,4.0,71.0
6774,STU_06775,2.9,0.3,1.1,8.5,4.010084804033921,74.0
6775,STU_06776,5.7,0.4,1.2,7.4,2.0,84.0
6776,STU_06777,5.8,0.4,0.0,8.2,2.0,85.0
6777,STU_06778,5.0,0.8,1.1,7.5,3.0,82.0
6778,STU_06779,5.7,3.9,0.9,7.2,7.0,85.0
6779,STU_06780,4.3,1.1,1.2,7.5,2.0,70.0
6780,STU_06781,6.3,0.3,2.0,6.9,5.0,82.0
6781,STU_06782,4.5,0.5,2.8,6.4,4.0,83.0
6782,STU_06783,4.6,0.7,1.7,7.6,4.0,77.0
6783,STU_06784,4.1,1.5,0.2,8.8,4.010084804033921,80.0
6784,STU_06785,5.5,0.9,0.9,7.3,4.0,83.0
6785,STU_06786,3.9,0.7,1.7,6.7,5.0,68.0
6786,STU_06787,6.0,1.2,1.6,7.1,4.0,91.0
6787,STU_06788,2.8,0.4,2.0,6.9,6.0,64.0
6788,STU_06789,2.9,0.1,1.1,7.1,3.0,70.0
6789,STU_06790,5.5,0.0,0.9,6.4,4.0,87.0
6790,STU_06791,4.4,0.4,2.6,7.1,5.0,77.0
6791,STU_06792,3.8,0.1,1.2,7.9,2.0,75.0
6792,STU_06793,5.8,0.6,0.4,6.7,4.0,80.0
6793,STU_06794,3.6,2.2,2.4,6.0,7.0,87.0
6794,STU_06795,4.2,1.9,0.0,6.5,5.0,80.0
6795,STU_06796,6.6,1.4,0.0,6.2,6.0,95.0
6796,STU_06797,6.8,2.9,1.8,5.8,5.0,99.0
6797,STU_06798,6.9,0.5,1.9,7.3,4.0,91.0
6798,STU_06799,4.1,3.2,1.5,5.4,5.0,80.0
6799,STU_06800,6.3,0.8,0.2,7.6,2.0,94.0
6800,STU_06801,3.1,0.8,1.2,6.8,4.0,68.0
6801,STU_06802,3.1,0.8,1.0,6.6,5.0,72.0
6802,STU_06803,1.0,0.2,0.8,8.2,3.0,58.0
6803,STU_06804,7.0,5.6,2.3,5.2,4.010084804033921,89.0
6804,STU_06805,3.2,0.2,0.4,7.4,3.0,71.0
6805,STU_06806,4.3,0.6,1.5,8.8,2.0,70.0
6806,STU_06807,3.1,0.6,2.2,6.5,5.0,73.0
6807,STU_06808,5.5,0.1,1.5,9.2,4.010084804033921,90.0
6808,STU_06809,3.9,0.2,2.2,7.1,3.0,78.0
6809,STU_06810,2.5,0.1,1.7,6.5,4.0,71.0
6810,STU_06811,5.2,0.5,1.5,7.0,3.0,79.0
6811,STU_06812,2.3,3.0,1.5,6.9,6.0,68.0
6812,STU_06813,3.2,0.6,1.7,8.7,4.0,71.0
6813,STU_06814,1.3,0.2,1.2165816326530612,8.6,2.0,59.0
6814,STU_06815,2.4,1.6,0.2,7.6,4.010084804033921,65.0
6815,STU_06816,4.8,6.0,2.0,7.1,6.0,84.0
6816,STU_06817,1.6,0.4,2.1,5.6,5.0,67.0
6817,STU_06818,2.3,0.5,1.4,7.8,4.010084804033921,61.0
6818,STU_06819,4.5,5.4,0.8,6.6,6.0,92.0
6819,STU_06820,3.7,0.3,0.0,8.2,2.0,75.0
6820,STU_06821,7.5,1.1,1.3,5.8,7.0,97.0
6821,STU_06822,7.3,0.4,0.1,6.8,5.0,96.0
6822,STU_06823,3.2,4.0,0.0,1.216581632653061,4.0,81.0
6823,STU_06824,5.3,6.0,1.2,7.1,6.0,80.0
6824,STU_06825,5.6,2.5,0.6,9.0,2.0,89.0
6825,STU_06826,3.6,0.6,1.5,1.216581632653061,3.0,73.0
6826,STU_06827,2.3,0.8,1.1,1.216581632653061,5.0,65.0
6827,STU_06828,4.5,0.4,0.7,8.5,2.0,81.0
6828,STU_06829,4.2,3.3,0.0,9.6,3.0,78.0
6829,STU_06830,3.8,3.7,0.5,7.9,5.0,74.0
6830,STU_06831,5.2,0.8,0.5,6.9,4.0,77.0
6831,STU_06832,3.4,1.6,0.2,10.0,4.010084804033921,69.0
6832,STU_06833,2.8,0.3,0.9,8.4,4.010084804033921,70.0
6833,STU_06834,4.7,0.9,0.3,6.9,6.0,81.0
6834,STU_06835,5.1,1.5,1.1,9.3,3.0,86.0
6835,STU_06836,2.7,0.7,1.4,6.6,5.0,66.0
6836,STU_06837,5.9,0.7,0.5,7.1,3.0,85.0
6837,STU_06838,1.8,0.0,1.5,8.4,4.0,68.0
6838,STU_06839,3.6,2.4,0.1,7.2,4.0,80.0
6839,STU_06840,4.1,3.3,0.3,7.0,3.0,83.0
6840,STU_06841,3.5,5.2,1.1,6.2,7.0,72.0
6841,STU_06842,3.7,1.9,1.7,8.2,2.0,83.0
6842,STU_06843,7.3,1.2,1.9,4.9,6.0,95.0
6843,STU_06844,3.2,0.5,2.5,7.6,5.0,71.0
6844,STU_06845,8.2,6.0,0.9,5.7,6.0,100.0
6845,STU_06846,5.2,1.3,1.1,6.6,3.0,84.0
6846,STU_06847,4.6,1.7,0.4,6.7,5.0,80.0
6847,STU_06848,5.2,1.7,0.2,4.8,6.0,84.0
6848,STU_06849,8.3,2.8,1.4,6.1,6.0,100.0
6849,STU_06850,3.0,0.0,0.6,1.216581632653061,4.010084804033921,71.0
6850,STU_06851,2.8,0.4,2.2,8.3,3.0,72.0
6851,STU_06852,3.4,1.6,0.0,7.3,3.0,68.0
6852,STU_06853,4.5,3.4,1.6,5.3,4.0,80.0
6853,STU_06854,1.9,1.7,0.4,8.2,3.0,67.0
6854,stu_06855 ,4.5,0.8,0.5,9.0,4.010084804033921,72.0
6855,STU_06856,7.0,0.7,1.6,8.5,3.0,94.0
6856,STU_06857,4.7,2.0,0.7,6.3,5.0,78.0
6857,STU_06858,4.1,2.0,0.8,6.4,5.0,80.0
6858,STU_06859,3.6,1.4,0.6,9.1,2.0,70.0
6859,stu_06860 ,5.8,0.5,2.6,6.1,3.0,84.0
6860,STU_06861,3.3,3.9,0.7,7.2,5.0,74.0
6861,STU_06862,7.3,1.2,1.2,5.6,6.0,96.0
6862,stu_06863 ,7.4,2.3,1.0,6.8,5.0,100.0
6863,STU_06864,4.9,0.4,1.4,8.2,2.0,84.0
6864,STU_06865,4.5,0.6,0.7,7.6,2.0,79.0
6865,STU_06866,6.0,3.1,1.0,7.4,6.0,87.0
6866,STU_06867,6.1,0.1,1.5,6.4,5.0,97.0
6867,STU_06868,3.3,1.1,0.5,1.216581632653061,3.0,71.0
6868,STU_06869,3.7,1.0,2.1,7.8,5.0,75.0
6869,STU_06870,2.5,2.1,2.1,7.6,5.0,69.0
6870,STU_06871,5.1,0.5,1.7,7.7,4.0,83.0
6871,STU_06872,5.5,0.4,1.3,8.6,3.0,80.0
6872,STU_06873,2.5,3.9,0.0,5.2,6.0,72.0
6873,STU_06874,3.8,1.3,1.5,6.8,6.0,82.0
6874,STU_06875,2.5,0.2,0.9,9.6,2.0,57.0
6875,STU_06876,3.2,0.3,1.0,9.0,2.0,70.0
6876,STU_06877,5.3,6.0,0.0,6.8,6.0,86.0
6877,STU_06878,3.4,0.3,1.6,7.4,3.0,75.0
6878,STU_06879,4.0,1.4,0.0,8.6,2.0,81.0
6879,STU_06880,2.1,0.8,1.3,7.9,3.0,63.0
6880,STU_06881,4.8,3.3,1.9,5.1,6.0,84.0
6881,STU_06882,4.4,2.1,0.8,8.2,3.0,76.0
6882,STU_06883,3.4,1.4,2.2,6.3,5.0,63.0
6883,STU_06884,4.2,0.0,0.6,8.6,2.0,74.0
6884,STU_06885,4.8,3.2,1.7,5.1,4.010084804033921,75.0
6885,STU_06886,3.3,0.9,0.2,9.3,2.0,71.0
6886,STU_06887,2.3,4.0,2.0,6.1,7.0,57.0
6887,STU_06888,7.2,1.0,1.9,6.2,3.0,88.0
6888,STU_06889,3.6,1.8,1.6,6.5,5.0,68.0
6889,STU_06890,4.4,0.1,0.9,7.5,3.0,77.0
6890,STU_06891,6.0,2.1,0.1,7.4,4.0,92.0
6891,STU_06892,9.8,0.6,0.9,9.0,4.010084804033921,100.0
6892,STU_06893,2.6,0.6,2.1,7.5,5.0,66.0
6893,STU_06894,5.2,0.2,1.3,5.5,5.0,79.0
6894,STU_06895,3.4,0.2,0.0,6.7,3.0,79.0
6895,STU_06896,3.7,0.3,0.3,10.0,4.010084804033921,71.0
6896,STU_06897,3.4,0.6,2.2,7.5,4.0,70.0
6897,STU_06898,2.8,3.3,1.6,7.6,4.0,69.0
6898,STU_06899,4.4,0.7,0.2,7.4,3.0,70.0
6899,STU_06900,2.3,1.9,0.0,6.4,4.0,69.0
6900,STU_06901,5.9,0.1,0.7,7.3,4.0,85.0
6901,STU_06902,4.6,1.3,0.0,7.7,3.0,78.0
6902,STU_06903,5.1,1.0,1.1,7.0,3.0,83.0
6903,STU_06904,3.8,5.7,3.0,7.6,5.0,75.0
6904,STU_06905,3.9,2.8,0.0,6.5,5.0,85.0
6905,STU_06906,4.9,0.9,1.1,1.216581632653061,4.0,74.0
6906,STU_06907,2.8,2.2,2.2,7.7,2.0,77.0
6907,STU_06908,4.0,0.3,1.8,8.5,4.010084804033921,74.0
6908,STU_06909,3.2,1.2,1.1,7.4,3.0,70.0
6909,STU_06910,3.2,0.1,1.1,7.1,3.0,72.0
6910,STU_06911,1.3,0.6,0.3,5.9,5.0,58.0
6911,STU_06912,6.5,0.4,1.0,8.9,4.010084804033921,93.0
6912,STU_06913,3.5,1.9,1.4,1.216581632653061,3.0,75.0
6913,STU_06914,6.2,1.0,2.1,6.8,5.0,92.0
6914,STU_06915,6.1,2.1,0.7,7.3,3.0,94.0
6915,STU_06916,2.6,1.1,1.0,7.2,2.0,66.0
6916,STU_06917,2.9,0.1,0.4,9.5,4.010084804033921,71.0
6917,STU_06918,8.3,2.0,1.4,6.1,6.0,100.0
6918,STU_06919,7.1,2.7,1.8,6.2,5.0,100.0
6919,STU_06920,4.5,3.5,1.7,5.9,6.0,81.0
6920,STU_06921,4.9,1.3,0.3,7.9,3.0,87.0
6921,STU_06922,3.6,2.1,1.3,7.2,5.0,71.0
6922,STU_06923,5.1,2.1,0.7,7.4,3.0,76.0
6923,STU_06924,3.4,0.3,2.0,6.6,4.0,65.0
6924,STU_06925,1.5,0.3,1.2165816326530612,9.2,4.010084804033921,58.0
6925,STU_06926,2.5,0.1,0.0,7.5,4.0,66.0
6926,STU_06927,4.5,0.6,1.0,8.8,3.0,78.0
6927,STU_06928,2.8,1.0,1.2165816326530612,10.0,4.010084804033921,71.0
6928,STU_06929,4.4,6.0,1.4,5.0,4.010084804033921,65.0
6929,STU_06930,2.9,0.8,0.8,7.9,2.0,75.0
6930,STU_06931,3.3,1.9,0.7,7.1,4.0,78.0
6931,STU_06932,5.8,1.8,0.4,9.4,4.010084804033921,91.0
6932,STU_06933,4.9,0.3,0.9,7.4,3.0,85.0
6933,STU_06934,4.5,0.1,0.5,8.1,2.0,71.0
6934,STU_06935,5.8,1.2,2.0,7.5,4.0,89.0
6935,STU_06936,5.2,1.8,0.5,7.3,4.0,87.0
6936,STU_06937,6.7,6.0,1.3,6.7,7.0,100.0
6937,STU_06938,3.8,0.7,1.2,7.6,4.0,77.0
6938,STU_06939,3.9,3.4,2.0,7.1,3.0,80.0
6939,STU_06940,2.5,0.7,2.1,7.6,5.0,68.0
6940,STU_06941,3.9,1.8,1.8,6.5,5.0,81.0
6941,STU_06942,5.9,1.4,1.5,7.0,4.0,85.0
6942,STU_06943,6.4,0.1,0.4,8.5,3.0,90.0
6943,STU_06944,5.9,0.1,0.3,8.4,2.0,84.0
6944,STU_06945,1.8,0.0,0.5,9.1,2.0,60.0
6945,STU_06946,6.1,0.7,1.8,9.3,3.0,77.0
6946,STU_06947,1.7,2.1,1.3,6.6,5.0,60.0
6947,STU_06948,5.8,0.3,1.9,7.7,4.0,84.0
6948,STU_06949,3.9,1.4,2.0,7.0,3.0,74.0
6949,STU_06950,5.6,0.5,0.6,1.216581632653061,4.0,83.0
6950,STU_06951,2.5,2.4,1.2,1.216581632653061,5.0,64.0
6951,STU_06952,6.3,2.4,1.2,7.8,5.0,90.0
6952,STU_06953,2.3,2.2,0.9,6.1,6.0,72.0
6953,STU_06954,3.5,1.1,0.8,7.1,4.0,71.0
6954,STU_06955,3.0,0.5,2.1,6.9,4.0,74.0
6955,STU_06956,1.9,2.5,1.2,5.5,6.0,70.0
6956,STU_06957,4.6,0.3,1.2,7.6,3.0,76.0
6957,STU_06958,7.2,0.5,0.6,6.6,3.0,96.0
6958,STU_06959,8.5,0.3,1.7,7.7,5.0,96.0
6959,STU_06960,4.6,1.7,0.4,7.7,4.0,76.0
6960,STU_06961,6.2,1.7,1.6,7.6,4.0,90.0
6961,STU_06962,4.8,1.6,1.6,7.6,4.0,84.0
6962,STU_06963,5.2,0.8,0.9,9.1,2.0,89.0
6963,STU_06964,4.0,0.2,1.5,6.9,3.0,74.0
6964,STU_06965,4.8,3.6,1.3,5.9,7.0,85.0
6965,STU_06966,5.3,1.1,1.2,8.1,4.0,84.0
6966,STU_06967,3.6,0.8,1.2165816326530612,1.216581632653061,3.0,80.0
6967,STU_06968,4.4,1.3,1.2,8.5,4.010084804033921,84.0
6968,STU_06969,4.4,0.3,1.3,8.2,4.010084804033921,78.0
6969,STU_06970,5.7,0.2,1.2,9.6,4.010084804033921,88.0
6970,STU_06971,2.9,0.8,0.3,7.6,2.0,70.0
6971,STU_06972,4.4,0.4,1.1,6.2,4.0,81.0
6972,STU_06973,7.4,0.4,1.4,7.9,2.0,98.0
6973,STU_06974,6.2,3.3,1.3,6.7,5.0,91.0
6974,STU_06975,6.5,1.1,2.0,7.8,3.0,91.0
6975,STU_06976,4.5,1.0,1.7,8.0,3.0,79.0
6976,STU_06977,5.0,1.8,0.5,6.8,5.0,83.0
6977,STU_06978,6.0,4.5,1.1,5.4,6.0,91.0
6978,stu_06979 ,6.8,0.2,1.0,7.6,3.0,93.0
6979,STU_06980,1.6,2.7,1.2,4.6,6.0,61.0
6980,STU_06981,2.5,1.3,1.2,7.4,4.0,65.0
6981,STU_06982,6.5,0.2,1.7,7.2,3.0,89.0
6982,STU_06983,4.1,0.5,1.3,8.4,3.0,76.0
6983,STU_06984,3.5,1.0,2.2,5.3,6.0,77.0
6984,STU_06985,2.6,1.8,1.4,7.2,5.0,71.0
6985,STU_06986,3.7,0.4,0.5,9.3,4.010084804033921,77.0
6986,STU_06987,2.4,1.1,0.8,8.2,2.0,73.0
6987,STU_06988,7.6,1.7,1.7,1.216581632653061,4.0,96.0
6988,STU_06989,4.5,0.9,0.0,8.1,3.0,81.0
6989,STU_06990,4.4,3.0,0.1,5.4,7.0,84.0
6990,STU_06991,5.4,3.1,1.2,7.0,5.0,88.0
6991,STU_06992,5.9,1.0,2.0,7.7,2.0,91.0
6992,STU_06993,5.9,5.4,2.2,4.8,4.010084804033921,70.0
6993,STU_06994,6.1,0.1,1.0,7.6,2.0,90.0
6994,STU_06995,3.6,0.0,2.0,4.7,5.0,66.0
6995,STU_06996,4.1,0.7,1.3,7.2,4.0,75.0
6996,STU_06997,5.7,1.4,0.0,7.2,3.0,89.0
6997,STU_06998,3.7,1.5,1.2,8.7,2.0,79.0
6998,STU_06999,4.5,1.0,0.7,7.0,4.0,75.0
6999,STU_07000,5.1,0.2,1.9,7.3,3.0,81.0
7000,STU_07001,5.7,0.3,1.2,7.6,3.0,80.0
7001,STU_07002,1.8,2.9,0.2,6.5,7.0,64.0
7002,STU_07003,5.6,3.0,0.0,7.8,4.0,89.0
7003,STU_07004,4.1,1.7,1.2,5.3,5.0,82.0
7004,STU_07005,5.6,1.6,0.0,8.6,3.0,89.0
7005,STU_07006,5.7,1.4,0.8,7.4,3.0,87.0
7006,STU_07007,6.9,0.3,1.4,8.9,2.0,89.0
7007,STU_07008,6.5,0.8,0.4,4.9,5.0,90.0
7008,STU_07009,6.5,1.8,2.0,4.6,7.0,100.0
7009,STU_07010,6.7,1.2,2.2,6.9,4.0,86.0
7010,STU_07011,4.9,0.0,0.4,1.216581632653061,2.0,75.0
7011,STU_07012,4.5,4.6,1.0,5.9,7.0,85.0
7012,STU_07013,5.8,2.8,2.0,7.3,5.0,92.0
7013,STU_07014,5.6,0.5,1.2165816326530612,8.6,3.0,88.0
7014,STU_07015,4.0,1.4,0.1,8.2,4.010084804033921,78.0
7015,STU_07016,5.1,3.9,1.1,6.7,5.0,80.0
7016,STU_07017,4.4,0.2,0.5,7.9,3.0,76.0
7017,STU_07018,3.2,1.0,2.1,6.7,4.0,64.0
7018,STU_07019,6.4,0.9,1.7,7.3,4.0,92.0
7019,STU_07020,4.6,0.8,0.9,6.5,5.0,81.0
7020,STU_07021,7.6,2.7,1.3,6.1,4.0,99.0
7021,STU_07022,2.1,0.7,0.2,8.3,2.0,59.0
7022,STU_07023,3.7,0.1,1.2165816326530612,7.4,4.0,69.0
7023,STU_07024,4.5,0.1,2.4,6.7,4.0,71.0
7024,STU_07025,6.2,0.1,1.2,8.2,2.0,87.0
7025,STU_07026,5.1,0.8,1.9,7.8,4.0,94.0
7026,STU_07027,5.0,1.9,1.4,6.9,6.0,82.0
7027,STU_07028,2.8,0.3,2.3,7.3,3.0,66.0
7028,STU_07029,2.8,1.6,0.0,7.9,5.0,70.0
7029,STU_07030,5.0,1.7,1.0,8.2,4.010084804033921,78.0
7030,STU_07031,2.5,0.4,2.5,7.6,2.0,61.0
7031,STU_07032,3.7,1.4,2.0,1.216581632653061,5.0,72.0
7032,STU_07033,5.3,1.7,2.3,6.8,4.0,88.0
7033,STU_07034,3.0,0.9,1.2,7.1,3.0,71.0
7034,STU_07035,6.9,0.6,0.8,6.6,3.0,92.0
7035,STU_07036,6.3,1.4,0.4,8.0,2.0,93.0
7036,STU_07037,2.1,5.7,0.3,6.8,6.0,78.0
7037,STU_07038,3.1,0.8,1.8,8.1,2.0,73.0
7038,STU_07039,1.1,0.7,1.6,6.5,5.0,53.0
7039,STU_07040,3.3,0.9,1.1,7.6,3.0,64.0
7040,STU_07041,5.6,0.1,1.6,7.6,3.0,77.0
7041,STU_07042,3.9,1.2,1.3,7.7,3.0,79.0
7042,STU_07043,5.2,0.6,2.0,7.6,4.0,79.0
7043,STU_07044,2.2,0.2,2.0,7.5,3.0,67.0
7044,STU_07045,5.7,0.9,0.3,7.5,2.0,84.0
7045,STU_07046,3.7,0.0,1.4,8.8,4.010084804033921,74.0
7046,STU_07047,4.5,0.8,0.0,6.9,3.0,81.0
7047,STU_07048,4.4,0.2,1.3,7.5,3.0,73.0
7048,STU_07049,2.6,0.0,1.7,8.7,3.0,69.0
7049,STU_07050,2.8,2.6,0.1,6.4,7.0,68.0
7050,STU_07051,6.0,3.7,0.9,6.0,7.0,88.0
7051,STU_07052,5.1,0.3,1.2,8.4,4.010084804033921,84.0
7052,STU_07053,6.1,1.2,1.4,5.9,5.0,91.0
7053,STU_07054,5.0,0.5,1.0,8.3,4.010084804033921,82.0
7054,STU_07055,4.7,1.0,0.3,7.2,3.0,75.0
7055,STU_07056,1.9,0.9,1.2,7.9,2.0,61.0
7056,STU_07057,4.1,0.5,0.0,6.6,4.010084804033921,78.0
7057,STU_07058,4.5,1.8,1.0,8.4,5.0,89.0
7058,STU_07059,7.4,0.2,0.8,6.6,3.0,100.0
7059,STU_07060,5.5,0.1,1.1,8.5,4.010084804033921,81.0
7060,STU_07061,6.8,2.2,0.8,6.0,5.0,91.0
7061,STU_07062,5.4,1.6,0.0,9.3,3.0,92.0
7062,STU_07063,3.4,1.0,0.9,7.4,5.0,75.0
7063,STU_07064,4.7,0.9,1.9,9.3,2.0,78.0
7064,STU_07065,4.9,1.0,2.2,6.4,5.0,81.0
7065,STU_07066,3.1,0.9,3.0,6.7,6.0,65.0
7066,STU_07067,3.9,0.7,2.6,8.5,3.0,79.0
7067,STU_07068,4.2,1.0,0.2,6.2,5.0,82.0
7068,STU_07069,6.9,1.1,0.9,6.8,5.0,99.0
7069,STU_07070,1.4,1.8,1.2,7.7,2.0,65.0
7070,STU_07071,6.3,1.9,1.1,6.2,7.0,89.0
7071,STU_07072,3.1,0.7,1.3,8.1,2.0,73.0
7072,STU_07073,2.4,0.8,3.0,7.3,3.0,72.0
7073,STU_07074,6.3,0.7,0.3,6.2,4.0,92.0
7074,STU_07075,5.6,1.2,0.6,1.216581632653061,3.0,89.0
7075,STU_07076,6.4,0.9,2.5,6.0,6.0,90.0
7076,STU_07077,5.7,3.3,0.7,7.6,4.0,86.0
7077,STU_07078,7.6,1.8,1.5,7.3,4.0,100.0
7078,STU_07079,5.3,3.4,2.0,6.1,7.0,87.0
7079,STU_07080,4.3,1.9,1.6,6.0,5.0,83.0
7080,STU_07081,5.0,5.3,1.4,6.5,6.0,98.0
7081,STU_07082,6.4,1.5,2.0,6.3,4.0,94.0
7082,STU_07083,3.3,5.0,0.5,7.6,6.0,82.0
7083,STU_07084,3.5,0.3,0.8,9.0,4.010084804033921,68.0
7084,STU_07085,4.0,0.1,1.6,9.3,4.010084804033921,71.0
7085,STU_07086,1.3,1.3,0.0,7.9,2.0,65.0
7086,STU_07087,4.7,6.0,2.3,5.3,4.010084804033921,77.0
7087,STU_07088,1.7,0.8,1.4,7.2,5.0,56.0
7088,STU_07089,4.6,0.4,1.3,7.3,2.0,71.0
7089,STU_07090,5.8,1.1,0.0,7.9,3.0,86.0
7090,STU_07091,3.8,1.6,0.2,1.216581632653061,4.0,74.0
7091,STU_07092,7.0,0.6,0.9,8.9,4.010084804033921,97.0
7092,STU_07093,2.3,1.9,1.8,7.1,4.0,63.0
7093,STU_07094,6.3,5.5,0.0,4.9,6.0,100.0
7094,STU_07095,5.5,3.4,1.8,6.2,7.0,83.0
7095,STU_07096,1.9,0.5,0.9,9.2,2.0,58.0
7096,STU_07097,8.6,0.6,1.0,1.216581632653061,5.0,100.0
7097,STU_07098,4.4,0.7,1.4,1.216581632653061,4.010084804033921,78.0
7098,STU_07099,3.2,0.8,1.4,7.1,4.0,73.0
7099,STU_07100,2.4,0.2,0.6,6.9,3.0,60.0
7100,STU_07101,4.2,2.2,1.7,7.4,4.010084804033921,80.0
7101,STU_07102,4.3,0.7,0.0,9.4,2.0,70.0
7102,STU_07103,4.7,3.2,0.8,7.2,6.0,74.0
7103,STU_07104,4.1,3.9,1.3,6.3,7.0,88.0
7104,STU_07105,5.4,0.0,0.9,6.5,3.0,87.0
7105,STU_07106,3.9,6.0,0.0,6.1,5.0,82.0
7106,STU_07107,1.6,1.9,1.8,5.7,5.0,54.0
7107,STU_07108,4.3,1.1,0.2,7.3,4.0,75.0
7108,STU_07109,0.9,0.7,1.1,7.5,2.0,59.0
7109,STU_07110,5.0,1.1,1.3,5.0,4.0,80.0
7110,STU_07111,3.0,0.6,1.2,9.0,2.0,75.0
7111,STU_07112,4.7,1.5,2.1,5.9,5.0,83.0
7112,STU_07113,6.5,0.1,1.2,7.5,4.0,85.0
7113,STU_07114,3.1,1.5,1.5,7.8,3.0,64.0
7114,STU_07115,6.1,0.5,1.2,8.9,4.010084804033921,91.0
7115,STU_07116,3.8,0.0,1.7,6.9,4.0,77.0
7116,STU_07117,7.1,1.2,2.3,4.7,6.0,98.0
7117,STU_07118,4.0,1.3,1.3,8.4,2.0,82.0
7118,STU_07119,3.2,0.8,1.8,6.1,4.0,73.0
7119,STU_07120,5.5,0.1,2.4,7.9,3.0,84.0
7120,STU_07121,3.8,3.4,2.3,7.0,7.0,81.0
7121,STU_07122,3.2,1.4,0.9,4.1,6.0,76.0
7122,STU_07123,3.8,0.2,2.0,5.9,7.0,76.0
7123,STU_07124,4.4,1.1,1.4,6.9,4.0,78.0
7124,STU_07125,6.5,1.0,2.1,4.7,7.0,94.0
7125,STU_07126,1.6,0.1,1.7,6.3,5.0,60.0
7126,STU_07127,4.5,1.4,1.4,7.4,5.0,77.0
7127,STU_07128,5.4,2.5,1.5,6.9,4.0,87.0
7128,STU_07129,4.8,2.1,1.4,7.4,5.0,81.0
7129,STU_07130,6.5,0.3,1.4,8.1,4.0,89.0
7130,STU_07131,4.4,3.0,1.1,5.2,6.0,77.0
7131,STU_07132,4.2,0.6,1.0,6.3,4.0,80.0
7132,STU_07133,5.4,4.4,2.6,6.9,5.0,90.0
7133,STU_07134,4.6,0.1,1.6,9.2,4.010084804033921,81.0
7134,STU_07135,3.9,1.0,0.7,6.6,4.0,77.0
7135,STU_07136,5.3,1.4,1.0,7.7,2.0,80.0
7136,STU_07137,3.5,0.4,2.0,8.3,2.0,77.0
7137,STU_07138,3.6,2.2,0.6,7.5,4.0,74.0
7138,STU_07139,3.7,1.5,0.0,7.3,4.0,73.0
7139,STU_07140,6.5,0.0,0.1,7.3,2.0,90.0
7140,STU_07141,0.0,1.4,0.0,9.6,4.010084804033921,53.0
7141,STU_07142,5.1,1.0,0.2,7.8,4.0,92.0
7142,STU_07143,4.6,0.3,0.3,8.2,4.010084804033921,80.0
7143,STU_07144,2.0,6.0,2.3,6.1,4.010084804033921,61.0
7144,STU_07145,5.0,3.4,1.2,5.9,5.0,92.0
7145,STU_07146,5.2,0.5,0.9,7.7,3.0,76.0
7146,STU_07147,5.4,1.2,0.0,7.3,4.0,82.0
7147,STU_07148,0.5,0.6,1.1,7.3,4.010084804033921,52.0
7148,STU_07149,6.5,2.2,0.0,7.6,4.0,93.0
7149,STU_07150,3.4,4.0,0.9,5.7,4.010084804033921,70.0
7150,stu_07151 ,5.5,0.7,2.9,6.0,5.0,86.0
7151,STU_07152,5.6,2.5,1.7,7.4,5.0,89.0
7152,STU_07153,3.2,1.0,1.0,7.0,3.0,73.0
7153,STU_07154,5.5,0.8,1.8,1.216581632653061,4.0,84.0
7154,STU_07155,3.9,4.2,0.8,4.7,4.010084804033921,61.0
7155,STU_07156,1.4,1.1,0.6,8.5,4.010084804033921,54.0
7156,STU_07157,6.3,0.9,2.6,7.7,3.0,79.0
7157,STU_07158,3.3,1.7,0.3,8.1,4.0,75.0
7158,STU_07159,3.2,0.5,0.9,8.1,4.0,69.0
7159,STU_07160,3.9,0.6,1.4,6.0,3.0,81.0
7160,STU_07161,4.9,4.0,0.5,1.216581632653061,5.0,90.0
7161,STU_07162,4.4,1.7,1.7,6.5,4.0,81.0
7162,STU_07163,5.3,2.6,1.0,6.1,5.0,84.0
7163,STU_07164,2.5,0.5,1.7,8.0,3.0,68.0
7164,STU_07165,3.4,1.2,1.7,1.216581632653061,4.010084804033921,70.0
7165,STU_07166,4.3,5.3,1.0,7.7,5.0,84.0
7166,STU_07167,7.3,0.6,2.6,7.9,2.0,94.0
7167,STU_07168,4.3,0.3,0.7,7.8,3.0,77.0
7168,STU_07169,6.1,1.1,2.3,7.0,4.0,87.0
7169,STU_07170,4.6,0.7,2.1,6.4,4.0,82.0
7170,STU_07171,3.8,0.3,2.6,7.1,3.0,75.0
7171,STU_07172,4.1,3.3,1.3,7.7,5.0,78.0
7172,STU_07173,4.2,6.0,0.6,7.9,5.0,83.0
7173,STU_07174,5.4,1.3,1.2165816326530612,6.2,5.0,79.0
7174,STU_07175,6.6,2.2,0.9,5.1,6.0,85.0
7175,STU_07176,5.0,2.9,0.5,6.5,5.0,88.0
7176,STU_07177,6.3,1.8,1.0,8.2,3.0,89.0
7177,STU_07178,3.1,0.1,0.4,10.0,4.010084804033921,64.0
7178,STU_07179,3.9,0.3,1.6,8.9,4.010084804033921,75.0
7179,STU_07180,3.4,0.1,0.7,9.1,4.010084804033921,68.0
7180,STU_07181,5.0,0.0,1.0,7.0,3.0,80.0
7181,STU_07182,4.0,0.5,2.0,6.6,4.0,69.0
7182,STU_07183,5.6,0.7,1.7,6.1,5.0,87.0
7183,STU_07184,3.1,0.4,1.2,7.0,3.0,70.0
7184,STU_07185,4.6,0.1,1.3,8.6,3.0,80.0
7185,STU_07186,5.5,1.1,1.2,9.0,4.010084804033921,83.0
7186,STU_07187,1.4,0.5,0.9,8.0,4.0,60.0
7187,STU_07188,7.7,2.4,1.2,6.8,5.0,94.0
7188,STU_07189,4.1,0.0,1.6,6.6,5.0,84.0
7189,STU_07190,1.5,2.8,1.1,6.8,4.0,65.0
7190,STU_07191,4.7,4.6,1.5,6.5,4.0,92.0
7191,STU_07192,4.6,1.9,0.5,5.9,4.0,79.0
7192,STU_07193,4.4,2.0,0.7,8.2,6.0,75.0
7193,STU_07194,6.0,4.1,0.6,6.2,5.0,90.0
7194,STU_07195,5.6,0.4,0.7,8.6,3.0,84.0
7195,STU_07196,4.9,6.0,2.2,5.7,7.0,88.0
7196,STU_07197,5.2,2.2,1.8,7.3,5.0,92.0
7197,STU_07198,4.3,1.9,0.3,1.216581632653061,5.0,76.0
7198,STU_07199,7.2,0.7,1.5,7.1,6.0,92.0
7199,STU_07200,2.3,1.2,0.9,8.1,2.0,68.0
7200,STU_07201,4.7,1.6,0.7,7.3,3.0,74.0
7201,STU_07202,4.6,1.5,0.0,6.5,5.0,80.0
7202,STU_07203,5.7,1.8,2.0,7.2,3.0,88.0
7203,STU_07204,3.2,0.1,0.1,8.3,2.0,71.0
7204,STU_07205,1.9,0.7,1.2165816326530612,8.9,2.0,64.0
7205,STU_07206,4.7,0.9,0.4,8.8,4.010084804033921,88.0
7206,STU_07207,4.9,0.5,1.8,7.4,4.0,77.0
7207,STU_07208,6.7,0.3,0.9,7.2,3.0,88.0
7208,STU_07209,2.6,0.2,1.1,7.5,4.0,68.0
7209,STU_07210,6.2,0.7,1.1,7.0,5.0,89.0
7210,STU_07211,8.1,1.0,1.4,7.9,3.0,100.0
7211,STU_07212,3.9,0.1,1.2,8.8,4.010084804033921,68.0
7212,STU_07213,2.6,4.4,1.2,7.7,4.0,81.0
7213,STU_07214,3.9,2.2,0.8,6.8,5.0,78.0
7214,STU_07215,4.5,2.0,0.0,6.9,3.0,74.0
7215,STU_07216,5.3,0.3,0.3,7.4,3.0,85.0
7216,STU_07217,3.6,1.4,1.8,5.3,7.0,69.0
7217,STU_07218,6.8,1.1,1.0,6.3,4.0,96.0
7218,STU_07219,2.8,6.0,0.7,6.0,7.0,71.0
7219,STU_07220,1.9,2.1,0.1,7.7,4.0,68.0
7220,STU_07221,6.2,1.3,0.0,8.1,3.0,84.0
7221,STU_07222,1.1,2.9,0.6,6.2,6.0,57.0
7222,STU_07223,4.2,0.3,1.9,7.1,3.0,76.0
7223,STU_07224,9.2,0.0,0.8,7.6,4.010084804033921,100.0
7224,STU_07225,4.5,1.8,1.5,6.8,4.0,77.0
7225,STU_07226,2.8,0.2,0.7,8.5,4.010084804033921,61.0
7226,STU_07227,4.4,0.2,1.7,6.3,5.0,75.0
7227,STU_07228,4.4,2.0,0.9,6.1,6.0,83.0
7228,STU_07229,4.7,0.5,0.2,7.5,2.0,87.0
7229,STU_07230,5.5,1.5,1.0,6.0,5.0,88.0
7230,STU_07231,2.9,3.7,2.7,4.4,4.010084804033921,60.0
7231,stu_07232 ,7.0,0.6,2.6,5.8,5.0,86.0
7232,STU_07233,4.9,0.4,1.6,7.3,3.0,80.0
7233,STU_07234,5.6,0.2,1.1,8.4,4.0,81.0
7234,STU_07235,3.6,0.2,1.4,8.3,2.0,66.0
7235,STU_07236,6.4,0.1,1.5,9.3,2.0,84.0
7236,STU_07237,4.1,0.1,1.2,7.8,3.0,78.0
7237,STU_07238,4.9,0.8,1.6,7.7,2.0,79.0
7238,STU_07239,3.1,0.6,1.4,7.3,3.0,64.0
7239,STU_07240,3.0,1.8,0.9,7.1,5.0,68.0
7240,STU_07241,5.5,3.1,0.2,9.1,2.0,89.0
7241,STU_07242,3.8,2.3,0.8,7.4,3.0,74.0
7242,STU_07243,3.2,1.1,1.8,7.6,4.0,66.0
7243,STU_07244,3.5,0.2,1.2,6.6,3.0,68.0
7244,STU_07245,5.5,1.9,1.4,1.216581632653061,4.0,90.0
7245,STU_07246,3.6,0.7,1.0,8.3,5.0,64.0
7246,STU_07247,4.3,0.1,0.4,9.0,2.0,75.0
7247,STU_07248,4.5,2.8,1.0,7.6,5.0,81.0
7248,STU_07249,1.6,0.6,0.4,1.216581632653061,3.0,58.0
7249,STU_07250,2.3,0.4,0.3,7.7,2.0,60.0
7250,STU_07251,5.0,3.1,2.2,6.6,7.0,89.0
7251,STU_07252,3.4,3.5,0.9,6.9,5.0,80.0
7252,STU_07253,6.1,0.6,0.6,9.0,4.010084804033921,88.0
7253,STU_07254,6.0,0.7,2.5,8.4,4.0,85.0
7254,STU_07255,5.6,1.3,1.9,8.0,3.0,86.0
7255,STU_07256,7.2,2.0,0.9,9.3,3.0,98.0
7256,STU_07257,4.4,0.1,1.5,5.0,6.0,76.0
7257,STU_07258,5.5,1.3,1.0,6.9,3.0,87.0
7258,STU_07259,3.6,4.6,0.6,6.5,6.0,77.0
7259,STU_07260,8.2,0.5,1.6,6.9,3.0,87.0
7260,STU_07261,7.5,3.6,0.9,5.8,7.0,99.0
7261,STU_07262,4.5,4.5,1.3,4.7,4.010084804033921,71.0
7262,STU_07263,5.1,0.5,2.0,7.1,4.0,81.0
7263,STU_07264,6.5,2.1,1.9,7.9,5.0,94.0
7264,STU_07265,4.3,0.4,0.8,8.5,2.0,75.0
7265,STU_07266,3.5,2.0,1.2165816326530612,6.3,6.0,73.0
7266,STU_07267,5.8,2.4,0.3,7.4,7.0,89.0
7267,STU_07268,4.6,0.4,1.6,8.9,4.0,86.0
7268,STU_07269,4.8,1.9,1.3,5.6,6.0,85.0
7269,STU_07270,3.2,2.5,1.5,6.8,5.0,76.0
7270,STU_07271,1.9,0.7,1.0,7.9,2.0,63.0
7271,STU_07272,4.9,0.3,2.9,7.4,4.0,74.0
7272,STU_07273,5.9,0.1,0.5,8.7,2.0,90.0
7273,STU_07274,4.2,1.3,2.0,5.7,5.0,81.0
7274,STU_07275,6.7,5.7,0.4,5.2,4.010084804033921,84.0
7275,STU_07276,3.4,2.6,1.6,7.6,4.0,74.0
7276,STU_07277,2.9,0.9,1.7,5.7,5.0,71.0
7277,STU_07278,4.4,1.2,1.2,8.2,3.0,77.0
7278,STU_07279,4.4,0.5,0.8,8.1,2.0,80.0
7279,STU_07280,5.7,0.3,1.3,8.4,2.0,81.0
7280,STU_07281,3.3,1.0,1.4,7.0,6.0,64.0
7281,STU_07282,6.6,0.9,2.6,7.7,3.0,86.0
7282,STU_07283,7.5,1.1,0.5,6.4,5.0,97.0
7283,STU_07284,4.4,4.6,0.8,6.1,6.0,82.0
7284,STU_07285,6.4,1.4,1.4,7.3,3.0,90.0
7285,STU_07286,2.9,1.4,1.0,1.216581632653061,4.0,64.0
7286,STU_07287,6.1,0.2,1.1,7.9,5.0,88.0
7287,STU_07288,6.1,6.0,2.1,4.6,4.010084804033921,67.0
7288,STU_07289,5.8,2.2,0.0,7.6,4.0,90.0
7289,STU_07290,4.5,3.1,0.7,8.7,3.0,76.0
7290,STU_07291,0.1,0.8,0.0,6.5,4.0,48.0
7291,STU_07292,3.5,1.0,0.2,7.6,4.010084804033921,69.0
7292,STU_07293,3.6,1.1,3.0,5.4,4.010084804033921,67.0
7293,STU_07294,3.0,0.3,1.7,6.7,4.0,67.0
7294,stu_07295 ,4.7,1.8,2.0,7.8,4.0,82.0
7295,STU_07296,3.9,3.5,1.1,6.3,6.0,83.0
7296,STU_07297,3.3,0.3,1.8,8.3,4.0,77.0
7297,STU_07298,2.9,0.1,0.0,8.3,2.0,69.0
7298,STU_07299,3.4,2.0,2.0,6.9,4.0,69.0
7299,STU_07300,6.2,0.5,0.5,6.7,5.0,93.0
7300,STU_07301,3.5,1.5,0.8,8.1,3.0,79.0
7301,STU_07302,3.7,1.8,1.6,7.4,2.0,75.0
7302,STU_07303,3.8,0.6,1.5,6.0,3.0,79.0
7303,STU_07304,5.0,2.5,1.3,6.0,5.0,85.0
7304,STU_07305,5.2,1.2,0.1,4.8,6.0,76.0
7305,STU_07306,0.0,3.0,1.3,5.5,7.0,52.0
7306,STU_07307,6.0,2.2,2.0,6.6,4.0,87.0
7307,STU_07308,6.7,3.0,0.8,5.9,6.0,93.0
7308,STU_07309,2.9,0.0,2.3,6.7,3.0,64.0
7309,STU_07310,3.0,0.4,0.5,9.2,2.0,65.0
7310,STU_07311,3.8,0.1,1.2,8.7,3.0,79.0
7311,STU_07312,3.4,0.9,2.4,6.6,7.0,65.0
7312,STU_07313,4.8,3.3,0.7,7.7,5.0,81.0
7313,STU_07314,1.6,0.9,2.0,8.5,4.0,63.0
7314,STU_07315,2.8,2.8,2.8,7.2,4.0,69.0
7315,STU_07316,6.8,0.6,1.3,1.216581632653061,3.0,93.0
7316,STU_07317,3.1,0.6,0.8,8.8,4.010084804033921,68.0
7317,STU_07318,6.4,3.4,0.6,7.6,5.0,95.0
7318,STU_07319,5.0,0.8,2.2,6.1,5.0,77.0
7319,STU_07320,1.8,2.3,2.2,6.7,3.0,57.0
7320,STU_07321,5.5,0.4,2.4,6.9,5.0,82.0
7321,STU_07322,4.3,4.5,1.2,7.6,6.0,75.0
7322,STU_07323,3.8,1.3,2.0,6.6,4.0,75.0
7323,STU_07324,4.9,2.1,1.2,6.4,5.0,78.0
7324,STU_07325,5.2,0.1,0.5,8.9,4.010084804033921,77.0
7325,STU_07326,5.6,1.0,2.1,7.5,3.0,91.0
7326,STU_07327,6.3,3.5,2.5,8.6,6.0,94.0
7327,STU_07328,5.1,3.1,0.4,6.1,4.0,79.0
7328,STU_07329,2.4,0.1,0.4,7.4,3.0,65.0
7329,STU_07330,3.8,0.5,1.2,8.7,4.010084804033921,73.0
7330,STU_07331,8.9,0.9,2.0,6.1,5.0,97.0
7331,STU_07332,5.6,0.3,0.3,9.2,2.0,85.0
7332,STU_07333,8.1,2.0,1.4,5.9,6.0,100.0
7333,STU_07334,6.6,0.3,0.7,8.4,2.0,88.0
7334,STU_07335,4.9,0.6,1.8,5.6,7.0,79.0
7335,STU_07336,5.0,1.6,0.6,7.4,3.0,80.0
7336,STU_07337,4.4,1.0,1.8,6.0,4.0,80.0
7337,STU_07338,1.9,2.0,1.1,9.1,2.0,63.0
7338,STU_07339,4.5,4.9,1.2165816326530612,5.4,6.0,84.0
7339,STU_07340,6.3,0.2,1.3,6.9,4.0,85.0
7340,STU_07341,3.6,1.9,0.0,8.0,3.0,83.0
7341,STU_07342,5.1,0.4,0.8,7.1,4.0,80.0
7342,STU_07343,5.8,0.8,1.5,8.2,4.010084804033921,89.0
7343,STU_07344,3.1,0.1,0.0,7.3,3.0,70.0
7344,STU_07345,3.8,0.2,0.0,7.1,4.0,63.0
7345,STU_07346,3.0,0.6,0.0,7.8,3.0,67.0
7346,STU_07347,3.3,0.6,2.3,6.1,3.0,66.0
7347,STU_07348,2.6,3.4,1.1,7.1,5.0,74.0
7348,STU_07349,3.1,2.0,0.8,8.1,2.0,67.0
7349,STU_07350,6.6,5.4,1.2165816326530612,6.5,7.0,100.0
7350,STU_07351,3.1,1.4,0.9,8.1,3.0,75.0
7351,STU_07352,4.7,0.4,1.4,5.7,7.0,80.0
7352,STU_07353,3.7,0.6,1.2,7.1,4.0,73.0
7353,STU_07354,6.3,0.6,0.8,7.4,3.0,87.0
7354,STU_07355,6.5,0.6,1.4,9.0,2.0,89.0
7355,STU_07356,5.8,1.7,1.8,6.6,5.0,82.0
7356,STU_07357,5.0,1.1,1.1,5.1,6.0,82.0
7357,STU_07358,4.2,0.7,0.8,6.6,5.0,80.0
7358,STU_07359,2.7,0.2,0.9,7.1,3.0,63.0
7359,STU_07360,7.4,0.0,0.0,5.8,6.0,95.0
7360,STU_07361,3.4,0.4,1.4,8.6,3.0,70.0
7361,STU_07362,5.5,0.2,0.2,6.3,4.0,84.0
7362,STU_07363,6.1,2.3,1.7,7.4,5.0,88.0
7363,STU_07364,3.7,0.2,1.1,6.6,4.0,66.0
7364,STU_07365,6.1,1.9,1.3,8.7,4.0,85.0
7365,STU_07366,5.6,0.7,1.8,7.2,4.0,76.0
7366,STU_07367,7.1,0.1,0.5,7.4,3.0,96.0
7367,STU_07368,3.8,2.5,1.5,7.5,4.0,78.0
7368,STU_07369,2.6,1.3,1.4,6.3,4.0,67.0
7369,STU_07370,3.7,0.4,1.1,1.216581632653061,3.0,70.0
7370,STU_07371,4.8,3.4,0.5,6.4,7.0,83.0
7371,STU_07372,4.6,0.1,1.7,7.0,4.0,78.0
7372,STU_07373,3.9,0.3,1.8,7.5,5.0,72.0
7373,STU_07374,1.6,2.1,1.3,6.0,7.0,61.0
7374,STU_07375,5.2,1.9,0.3,7.2,4.0,89.0
7375,STU_07376,7.5,0.5,0.8,8.0,3.0,91.0
7376,STU_07377,5.2,0.1,1.2,5.4,4.0,85.0
7377,STU_07378,5.4,2.9,1.8,7.9,4.0,80.0
7378,STU_07379,5.4,0.6,0.0,8.6,4.010084804033921,89.0
7379,STU_07380,5.1,0.3,0.7,1.216581632653061,4.0,72.0
7380,STU_07381,5.9,1.1,0.9,5.5,4.0,89.0
7381,STU_07382,5.1,3.6,1.1,7.5,6.0,83.0
7382,STU_07383,4.0,0.1,0.2,8.7,4.010084804033921,74.0
7383,STU_07384,3.3,2.2,1.0,7.8,5.0,73.0
7384,STU_07385,4.1,1.3,1.0,6.0,5.0,79.0
7385,STU_07386,5.0,0.8,0.4,9.5,4.010084804033921,73.0
7386,STU_07387,4.0,2.0,1.2165816326530612,6.4,4.0,77.0
7387,STU_07388,5.0,5.1,0.8,6.6,6.0,88.0
7388,STU_07389,5.2,0.4,1.6,7.8,3.0,79.0
7389,STU_07390,5.7,0.2,0.5,9.4,2.0,84.0
7390,STU_07391,6.4,3.7,1.3,6.8,7.0,91.0
7391,STU_07392,4.6,1.7,0.6,1.216581632653061,3.0,82.0
7392,STU_07393,2.5,0.9,0.7,7.5,2.0,68.0
7393,STU_07394,4.0,1.3,1.4,6.1,4.0,77.0
7394,STU_07395,4.6,2.1,1.4,4.8,7.0,83.0
7395,STU_07396,1.7,2.2,0.9,7.2,4.0,69.0
7396,STU_07397,6.6,3.8,1.0,5.3,5.0,91.0
7397,STU_07398,4.7,0.8,0.0,8.1,2.0,88.0
7398,STU_07399,5.1,0.5,2.3,7.5,5.0,83.0
7399,STU_07400,6.5,1.5,1.7,7.3,4.0,90.0
7400,STU_07401,3.6,0.8,1.7,6.4,5.0,82.0
7401,STU_07402,5.4,1.4,0.0,8.6,2.0,83.0
7402,STU_07403,4.3,0.8,0.7,8.1,2.0,72.0
7403,STU_07404,4.2,0.2,0.9,6.6,4.0,74.0
7404,STU_07405,3.3,1.0,0.0,9.8,4.010084804033921,69.0
7405,STU_07406,7.0,1.8,1.9,6.9,5.0,99.0
7406,STU_07407,3.9,2.4,2.4,5.5,7.0,77.0
7407,STU_07408,5.5,1.0,2.8,6.4,5.0,85.0
7408,STU_07409,1.7,0.3,0.4,6.3,4.0,61.0
7409,STU_07410,6.3,0.8,1.3,8.9,4.010084804033921,93.0
7410,STU_07411,6.1,2.3,2.3,7.9,4.0,89.0
7411,STU_07412,4.6,0.8,1.0,8.3,4.0,78.0
7412,STU_07413,4.2,1.8,0.7,7.9,3.0,75.0
7413,stu_07414 ,5.1,1.1,0.0,8.9,4.010084804033921,81.0
7414,STU_07415,7.9,0.4,2.1,7.2,4.0,100.0
7415,STU_07416,1.9,2.4,1.2,7.5,3.0,68.0
7416,STU_07417,5.7,0.1,0.6,7.0,3.0,91.0
7417,STU_07418,3.1,1.1,1.4,1.216581632653061,5.0,70.0
7418,STU_07419,4.5,0.4,1.3,8.1,2.0,76.0
7419,STU_07420,4.1,0.1,1.3,4.6,6.0,77.0
7420,STU_07421,3.9,1.0,1.0,6.9,4.0,73.0
7421,STU_07422,4.5,1.0,2.5,7.4,4.0,76.0
7422,STU_07423,2.8,1.8,1.1,7.2,4.0,71.0
7423,STU_07424,6.0,2.0,2.5,6.4,6.0,88.0
7424,STU_07425,1.8,2.0,1.7,7.7,3.0,63.0
7425,STU_07426,5.3,0.8,1.5,6.8,5.0,85.0
7426,STU_07427,4.0,1.5,1.1,6.1,5.0,78.0
7427,STU_07428,2.7,1.3,2.0,8.4,4.010084804033921,76.0
7428,STU_07429,4.8,0.8,1.3,8.5,3.0,84.0
7429,STU_07430,2.2,1.4,0.5,6.9,4.0,62.0
7430,STU_07431,4.6,4.4,0.4,6.5,5.0,82.0
7431,STU_07432,2.4,0.3,1.5,8.4,2.0,59.0
7432,STU_07433,5.2,3.5,0.5,6.9,4.0,83.0
7433,STU_07434,3.1,0.1,1.2,8.3,4.010084804033921,74.0
7434,STU_07435,3.8,0.6,2.0,1.216581632653061,3.0,73.0
7435,STU_07436,4.9,0.5,1.4,7.2,2.0,75.0
7436,STU_07437,3.3,1.5,0.6,7.9,2.0,64.0
7437,STU_07438,4.4,0.2,2.3,6.5,3.0,71.0
7438,STU_07439,2.2,3.2,1.6,7.1,5.0,65.0
7439,STU_07440,5.4,2.6,2.0,6.7,6.0,87.0
7440,STU_07441,7.1,1.6,0.0,7.2,3.0,94.0
7441,STU_07442,8.7,0.9,1.5,6.2,4.0,100.0
7442,STU_07443,4.6,4.1,1.9,6.5,6.0,80.0
7443,STU_07444,5.7,2.7,2.6,6.7,5.0,93.0
7444,STU_07445,1.8,1.0,0.0,6.8,3.0,62.0
7445,STU_07446,6.8,1.8,2.2,5.4,4.010084804033921,87.0
7446,STU_07447,5.7,1.3,2.5,5.5,6.0,84.0
7447,STU_07448,3.8,1.3,0.0,7.3,3.0,79.0
7448,STU_07449,6.4,0.6,1.6,7.8,3.0,84.0
7449,STU_07450,4.1,0.9,1.7,9.2,3.0,71.0
7450,STU_07451,3.8,0.1,0.9,7.7,3.0,69.0
7451,STU_07452,5.2,0.7,0.8,1.216581632653061,3.0,87.0
7452,STU_07453,2.9,1.8,1.7,6.9,4.0,69.0
7453,STU_07454,6.0,4.6,0.7,7.7,4.0,89.0
7454,STU_07455,2.9,4.9,1.0,5.6,7.0,74.0
7455,STU_07456,2.9,1.2,1.8,8.4,3.0,70.0
7456,STU_07457,3.1,1.4,2.6,7.2,3.0,67.0
7457,STU_07458,5.6,0.3,1.6,8.2,2.0,85.0
7458,STU_07459,3.6,1.8,1.3,9.1,4.0,74.0
7459,STU_07460,2.5,0.1,0.8,6.0,4.0,63.0
7460,STU_07461,3.6,0.5,0.4,8.7,4.010084804033921,67.0
7461,STU_07462,4.5,1.7,2.1,7.0,3.0,83.0
7462,STU_07463,2.7,0.6,1.1,6.7,3.0,65.0
7463,STU_07464,2.8,0.1,2.1,7.5,2.0,55.0
7464,STU_07465,7.7,2.7,0.9,8.7,3.0,100.0
7465,STU_07466,3.2,0.6,0.7,9.0,2.0,72.0
7466,STU_07467,4.0,0.1,1.5,5.7,5.0,78.0
7467,STU_07468,3.9,0.1,1.1,7.0,3.0,76.0
7468,STU_07469,3.9,0.4,0.2,8.8,4.010084804033921,74.0
7469,STU_07470,5.4,0.3,2.7,7.4,4.0,81.0
7470,STU_07471,5.9,2.2,0.7,7.2,4.0,87.0
7471,STU_07472,4.0,0.6,1.9,5.9,5.0,78.0
7472,STU_07473,2.6,2.4,1.9,6.1,5.0,69.0
7473,STU_07474,6.4,0.3,0.2,6.5,3.0,83.0
7474,STU_07475,4.4,1.0,0.4,6.0,4.0,76.0
7475,STU_07476,7.1,1.7,1.0,6.0,4.0,95.0
7476,STU_07477,1.1,1.6,0.5,6.5,4.0,51.0
7477,STU_07478,4.8,1.4,2.6,6.3,5.0,84.0
7478,STU_07479,7.4,3.9,1.0,5.8,7.0,100.0
7479,STU_07480,4.0,0.4,1.9,8.5,2.0,69.0
7480,STU_07481,4.2,1.0,1.6,6.5,3.0,75.0
7481,STU_07482,4.9,3.2,1.4,8.2,4.0,84.0
7482,STU_07483,3.7,0.1,1.2,7.2,4.0,76.0
7483,STU_07484,4.0,0.1,2.2,8.0,2.0,78.0
7484,STU_07485,4.0,0.4,1.2165816326530612,8.2,2.0,79.0
7485,STU_07486,3.6,1.5,2.6,6.1,5.0,75.0
7486,STU_07487,6.3,0.5,0.2,7.5,4.0,86.0
7487,STU_07488,5.2,0.3,1.8,7.0,3.0,78.0
7488,STU_07489,4.9,0.9,0.1,8.1,3.0,78.0
7489,STU_07490,5.7,1.4,0.9,7.3,5.0,86.0
7490,STU_07491,4.1,0.4,1.3,6.9,5.0,75.0
7491,STU_07492,3.3,0.5,0.8,7.8,4.010084804033921,75.0
7492,STU_07493,3.6,1.4,1.1,7.7,2.0,73.0
7493,STU_07494,4.5,4.4,0.1,8.5,5.0,75.0
7494,STU_07495,2.9,1.7,0.4,7.5,4.0,65.0
7495,STU_07496,3.7,2.3,1.6,7.0,4.0,72.0
7496,STU_07497,3.7,0.7,1.2,8.0,4.010084804033921,69.0
7497,STU_07498,7.7,0.5,0.6,6.8,4.0,86.0
7498,STU_07499,0.3,0.9,2.3,5.6,4.0,60.0
7499,STU_07500,4.2,2.5,0.2,6.9,4.0,70.0
7500,STU_07501,7.1,0.9,0.9,8.6,2.0,92.0
7501,STU_07502,4.7,2.8,0.8,8.2,4.0,85.0
7502,STU_07503,5.6,6.0,1.7,4.0,4.010084804033921,71.0
7503,STU_07504,4.6,0.1,1.2,8.4,2.0,72.0
7504,STU_07505,3.5,0.1,1.1,1.216581632653061,4.0,76.0
7505,STU_07506,1.1,0.2,0.0,8.4,3.0,61.0
7506,STU_07507,4.8,0.7,1.9,7.8,4.0,79.0
7507,STU_07508,3.3,0.2,1.0,6.0,4.0,70.0
7508,STU_07509,3.3,3.1,1.3,7.8,4.0,71.0
7509,STU_07510,3.8,0.0,0.6,9.6,4.010084804033921,74.0
7510,STU_07511,7.1,0.6,0.5,7.7,3.0,94.0
7511,STU_07512,8.1,0.3,2.4,7.6,5.0,97.0
7512,STU_07513,4.8,4.0,0.0,8.3,3.0,88.0
7513,STU_07514,3.8,1.7,0.4,6.3,5.0,77.0
7514,STU_07515,2.7,3.6,2.4,5.3,6.0,85.0
7515,STU_07516,5.2,5.4,1.7,5.2,7.0,86.0
7516,STU_07517,7.2,1.0,0.9,7.5,4.0,100.0
7517,STU_07518,4.1,0.4,2.2,7.5,3.0,72.0
7518,STU_07519,0.9,0.3,1.6,7.0,2.0,58.0
7519,STU_07520,5.5,0.4,1.4,7.3,3.0,73.0
7520,STU_07521,6.0,1.8,1.4,6.6,6.0,87.0
7521,STU_07522,2.1,0.1,1.6,7.2,2.0,65.0
7522,STU_07523,4.8,0.1,1.6,6.9,5.0,80.0
7523,STU_07524,5.2,1.4,3.0,6.2,6.0,75.0
7524,STU_07525,4.4,1.5,1.0,5.3,6.0,77.0
7525,STU_07526,3.3,1.6,1.1,7.1,4.0,78.0
7526,STU_07527,6.0,0.7,0.2,5.8,6.0,91.0
7527,STU_07528,3.9,2.5,1.2,7.8,5.0,81.0
7528,STU_07529,2.3,1.1,2.7,6.6,4.0,75.0
7529,STU_07530,1.4,0.2,2.0,7.4,4.0,52.0
7530,STU_07531,6.4,2.4,0.8,6.8,4.0,90.0
7531,STU_07532,5.4,4.6,1.2,6.1,6.0,90.0
7532,STU_07533,4.6,0.1,0.2,9.2,2.0,75.0
7533,STU_07534,3.8,0.7,0.4,6.3,5.0,75.0
7534,STU_07535,3.7,1.0,1.3,5.8,6.0,79.0
7535,STU_07536,2.9,0.2,0.8,7.9,4.0,68.0
7536,STU_07537,3.9,3.0,0.4,6.5,6.0,69.0
7537,STU_07538,1.3,0.5,1.6,1.216581632653061,2.0,61.0
7538,STU_07539,3.4,2.3,1.1,7.8,5.0,74.0
7539,STU_07540,4.0,1.7,0.0,6.4,5.0,68.0
7540,STU_07541,5.4,1.4,0.0,8.2,3.0,82.0
7541,STU_07542,4.4,0.3,0.7,6.7,4.0,70.0
7542,STU_07543,5.7,0.4,0.0,8.0,3.0,84.0
7543,STU_07544,6.5,0.1,0.0,6.7,5.0,87.0
7544,STU_07545,6.1,0.4,2.1,7.6,3.0,81.0
7545,STU_07546,5.2,0.6,1.1,7.6,4.0,83.0
7546,STU_07547,4.5,2.7,1.0,5.9,6.0,77.0
7547,STU_07548,3.0,0.7,1.0,6.2,2.0,74.0
7548,STU_07549,5.6,2.1,0.3,8.1,2.0,87.0
7549,STU_07550,7.0,0.9,1.5,7.0,4.0,92.0
7550,STU_07551,5.0,2.3,1.1,8.1,4.0,89.0
7551,STU_07552,7.4,5.6,0.6,5.7,4.010084804033921,96.0
7552,STU_07553,2.2,0.4,0.7,9.0,2.0,65.0
7553,STU_07554,2.8,3.0,0.2,6.1,4.010084804033921,63.0
7554,STU_07555,5.8,1.5,0.9,8.9,3.0,86.0
7555,STU_07556,4.9,2.5,1.0,7.2,4.0,85.0
7556,STU_07557,6.5,1.6,0.9,7.8,3.0,97.0
7557,STU_07558,4.5,0.8,1.2,6.5,6.0,64.0
7558,STU_07559,3.2,0.4,1.1,8.4,4.010084804033921,77.0
7559,STU_07560,4.2,0.1,1.4,8.5,3.0,71.0
7560,STU_07561,2.2,1.2,2.0,6.9,4.0,66.0
7561,STU_07562,2.8,6.0,1.7,3.7,4.010084804033921,53.0
7562,STU_07563,6.0,2.0,2.0,5.9,4.0,95.0
7563,STU_07564,5.8,0.6,0.5,6.6,5.0,80.0
7564,STU_07565,5.0,2.6,0.8,7.5,3.0,89.0
7565,STU_07566,1.9,2.2,1.7,6.5,5.0,64.0
7566,STU_07567,4.0,0.5,1.7,7.1,3.0,74.0
7567,STU_07568,2.7,0.0,0.7,7.3,5.0,61.0
7568,STU_07569,6.3,0.2,1.7,9.1,2.0,93.0
7569,STU_07570,3.6,3.1,0.4,7.0,3.0,76.0
7570,STU_07571,2.9,2.7,1.6,7.1,4.0,74.0
7571,STU_07572,4.5,0.5,1.2,7.0,5.0,70.0
7572,STU_07573,3.5,0.5,0.1,7.8,2.0,68.0
7573,STU_07574,6.7,2.4,0.9,6.1,5.0,95.0
7574,STU_07575,3.4,4.2,2.9,6.5,4.010084804033921,62.0
7575,STU_07576,2.4,2.3,1.4,5.9,6.0,69.0
7576,STU_07577,1.3,1.4,3.0,7.7,3.0,57.0
7577,STU_07578,4.5,0.4,0.0,1.216581632653061,3.0,74.0
7578,STU_07579,3.7,1.1,1.8,8.3,3.0,76.0
7579,STU_07580,2.4,0.4,0.0,9.8,4.010084804033921,65.0
7580,STU_07581,6.3,2.5,1.2,7.0,6.0,87.0
7581,STU_07582,5.5,0.7,1.7,8.8,2.0,89.0
7582,STU_07583,4.5,2.7,1.9,7.6,4.0,83.0
7583,STU_07584,6.5,0.7,0.6,6.2,4.0,82.0
7584,STU_07585,5.5,2.6,1.2165816326530612,6.9,6.0,86.0
7585,STU_07586,3.3,0.6,0.8,8.2,2.0,72.0
7586,STU_07587,2.9,0.9,1.1,8.1,4.010084804033921,69.0
7587,STU_07588,5.7,1.4,0.9,7.6,3.0,73.0
7588,STU_07589,5.1,0.1,0.3,8.1,2.0,81.0
7589,STU_07590,4.8,4.4,2.5,1.216581632653061,6.0,88.0
7590,STU_07591,3.2,1.3,1.2,7.5,3.0,71.0
7591,STU_07592,5.4,1.1,2.1,6.0,5.0,84.0
7592,STU_07593,3.4,2.7,2.0,6.5,5.0,78.0
7593,STU_07594,4.3,3.0,0.4,5.6,5.0,74.0
7594,STU_07595,6.7,1.1,2.2,6.7,5.0,95.0
7595,STU_07596,3.5,3.9,1.6,5.9,4.0,78.0
7596,STU_07597,2.1,0.1,1.2165816326530612,7.2,3.0,56.0
7597,STU_07598,2.9,0.2,1.6,6.6,4.0,71.0
7598,STU_07599,6.0,1.4,0.4,7.8,4.0,95.0
7599,STU_07600,4.9,0.7,2.5,7.0,2.0,82.0
7600,STU_07601,4.3,0.9,1.9,6.9,4.0,79.0
7601,STU_07602,3.7,0.6,1.1,6.2,4.0,69.0
7602,STU_07603,5.2,0.8,2.2,7.0,6.0,80.0
7603,STU_07604,3.2,2.6,0.0,8.4,3.0,69.0
7604,STU_07605,5.0,1.4,1.2165816326530612,8.6,4.010084804033921,83.0
7605,STU_07606,3.4,6.0,1.2165816326530612,6.4,5.0,77.0
7606,STU_07607,3.2,2.3,3.0,6.4,5.0,70.0
7607,STU_07608,3.5,0.5,0.3,8.3,3.0,75.0
7608,STU_07609,3.9,0.5,0.0,7.2,4.0,81.0
7609,STU_07610,4.4,0.6,0.0,7.5,3.0,77.0
7610,STU_07611,4.9,2.8,1.9,6.0,6.0,77.0
7611,STU_07612,0.0,0.0,0.7,8.8,4.010084804033921,50.0
7612,STU_07613,3.3,0.4,1.1,8.4,2.0,71.0
7613,STU_07614,3.9,3.5,1.8,6.5,7.0,82.0
7614,STU_07615,6.8,1.5,1.1,9.1,2.0,92.0
7615,STU_07616,2.9,0.4,1.4,8.0,3.0,71.0
7616,STU_07617,4.7,0.4,1.6,7.9,2.0,82.0
7617,STU_07618,6.7,3.0,0.9,7.2,6.0,94.0
7618,STU_07619,2.5,3.4,1.1,5.5,7.0,74.0
7619,STU_07620,5.1,0.4,1.4,6.7,5.0,85.0
7620,STU_07621,3.3,0.8,1.2165816326530612,7.3,6.0,67.0
7621,STU_07622,3.7,2.7,0.6,1.216581632653061,2.0,80.0
7622,STU_07623,3.3,2.2,0.0,7.9,4.0,73.0
7623,STU_07624,3.4,2.5,1.7,6.2,6.0,73.0
7624,STU_07625,8.6,1.1,1.9,7.4,4.0,100.0
7625,STU_07626,5.8,3.6,1.4,6.7,6.0,95.0
7626,STU_07627,6.2,0.6,1.4,7.7,3.0,93.0
7627,STU_07628,5.2,0.3,0.7,7.8,3.0,84.0
7628,STU_07629,2.1,1.9,1.6,5.7,7.0,66.0
7629,STU_07630,5.1,1.2,1.9,5.0,7.0,82.0
7630,STU_07631,6.1,2.9,1.2,5.9,6.0,100.0
7631,STU_07632,3.2,0.1,3.0,6.8,4.0,67.0
7632,STU_07633,5.9,2.8,0.0,6.0,5.0,88.0
7633,STU_07634,5.6,0.5,1.3,7.5,3.0,85.0
7634,STU_07635,7.3,1.6,0.3,8.6,4.0,92.0
7635,STU_07636,3.9,0.1,1.9,8.3,4.010084804033921,78.0
7636,STU_07637,2.9,1.4,0.0,8.0,3.0,63.0
7637,STU_07638,4.0,1.9,0.1,8.4,3.0,74.0
7638,STU_07639,6.7,0.7,0.7,6.7,3.0,89.0
7639,STU_07640,1.8,0.4,1.4,7.2,4.0,57.0
7640,STU_07641,1.4,1.2,0.7,8.1,4.0,64.0
7641,STU_07642,4.6,2.7,0.7,6.6,5.0,77.0
7642,STU_07643,3.8,0.6,1.1,7.2,5.0,70.0
7643,STU_07644,4.5,0.4,1.0,9.5,2.0,75.0
7644,STU_07645,5.9,0.5,2.4,7.5,3.0,90.0
7645,STU_07646,3.7,4.5,1.7,8.1,4.0,85.0
7646,STU_07647,1.7,0.7,0.9,5.8,5.0,63.0
7647,STU_07648,7.6,0.0,2.9,1.216581632653061,3.0,90.0
7648,STU_07649,3.0,2.3,1.6,7.4,4.010084804033921,69.0
7649,STU_07650,2.9,1.8,0.4,7.5,3.0,76.0
7650,STU_07651,6.2,0.2,1.4,5.6,7.0,87.0
7651,STU_07652,3.9,6.0,1.6,5.6,7.0,77.0
7652,STU_07653,4.4,1.4,0.6,9.9,4.010084804033921,87.0
7653,STU_07654,5.2,1.0,0.4,7.9,3.0,81.0
7654,STU_07655,6.1,0.7,1.3,8.1,3.0,88.0
7655,STU_07656,4.0,3.4,0.9,6.1,6.0,76.0
7656,STU_07657,6.8,0.4,2.4,7.6,5.0,87.0
7657,STU_07658,1.3,0.5,1.8,7.5,3.0,64.0
7658,STU_07659,5.6,0.2,0.7,8.9,4.010084804033921,85.0
7659,STU_07660,3.2,2.1,1.5,8.1,4.0,74.0
7660,STU_07661,6.6,1.4,2.2,7.6,3.0,86.0
7661,STU_07662,4.7,1.4,0.1,7.6,2.0,79.0
7662,STU_07663,3.5,0.4,0.4,6.1,3.0,69.0
7663,STU_07664,5.5,1.6,1.2,5.6,6.0,82.0
7664,STU_07665,5.8,2.2,1.2,7.2,4.0,90.0
7665,STU_07666,5.5,0.7,1.2,8.4,3.0,82.0
7666,STU_07667,3.0,2.4,1.0,8.4,3.0,74.0
7667,STU_07668,3.8,0.6,0.9,6.7,3.0,76.0
7668,STU_07669,4.5,2.1,1.5,5.6,6.0,78.0
7669,STU_07670,4.4,0.1,2.1,8.5,3.0,79.0
7670,STU_07671,5.6,1.2,0.8,6.7,4.0,84.0
7671,STU_07672,1.5,5.2,3.0,1.216581632653061,4.010084804033921,40.0
7672,STU_07673,5.0,6.0,2.8,5.2,4.010084804033921,77.0
7673,STU_07674,4.1,0.5,2.3,6.9,5.0,75.0
7674,STU_07675,3.2,0.9,1.7,8.7,4.010084804033921,68.0
7675,STU_07676,3.4,0.1,2.8,8.3,2.0,76.0
7676,STU_07677,4.2,3.1,1.0,6.1,5.0,86.0
7677,STU_07678,0.0,1.3,0.5,8.9,4.010084804033921,54.0
7678,STU_07679,3.4,0.7,0.8,7.8,4.0,73.0
7679,STU_07680,3.2,0.2,0.4,8.9,4.010084804033921,69.0
7680,STU_07681,5.3,4.4,1.3,7.7,4.0,98.0
7681,STU_07682,3.3,1.1,1.4,7.1,5.0,79.0
7682,STU_07683,4.2,0.5,1.4,8.1,3.0,75.0
7683,STU_07684,6.8,0.6,1.2,7.2,4.0,91.0
7684,STU_07685,6.0,0.5,1.3,8.5,4.010084804033921,88.0
7685,STU_07686,5.9,1.4,2.6,7.2,4.0,82.0
7686,STU_07687,3.8,4.0,1.7,7.4,7.0,71.0
7687,STU_07688,5.3,2.9,1.9,8.3,5.0,81.0
7688,STU_07689,4.1,0.9,1.4,8.0,2.0,75.0
7689,STU_07690,4.2,2.6,0.0,7.1,4.0,75.0
7690,STU_07691,5.1,0.8,0.0,7.7,2.0,88.0
7691,STU_07692,3.6,0.4,2.9,4.3,4.010084804033921,58.0
7692,STU_07693,6.7,6.0,0.8,5.3,6.0,94.0
7693,STU_07694,4.3,0.5,0.7,8.6,2.0,69.0
7694,STU_07695,5.4,0.6,1.4,1.216581632653061,2.0,81.0
7695,STU_07696,6.7,6.0,1.6,5.1,7.0,98.0
7696,STU_07697,6.0,0.2,1.2165816326530612,7.8,3.0,86.0
7697,STU_07698,2.4,2.1,2.6,6.6,6.0,67.0
7698,stu_07699 ,5.2,4.1,2.4,7.0,4.0,85.0
7699,STU_07700,5.8,1.1,0.6,9.8,4.010084804033921,82.0
7700,STU_07701,5.8,0.0,2.0,8.3,2.0,87.0
7701,STU_07702,2.8,0.7,0.9,1.216581632653061,3.0,64.0
7702,STU_07703,3.5,0.2,1.1,7.7,2.0,74.0
7703,STU_07704,6.0,0.8,0.3,1.216581632653061,4.010084804033921,81.0
7704,STU_07705,3.4,2.3,0.0,5.9,4.0,71.0
7705,STU_07706,4.1,0.9,1.2,6.9,4.0,84.0
7706,STU_07707,6.9,0.8,1.2165816326530612,8.4,2.0,100.0
7707,STU_07708,4.4,1.2,1.9,8.5,3.0,73.0
7708,STU_07709,3.4,1.3,1.0,8.0,2.0,77.0
7709,STU_07710,3.2,2.9,1.4,6.2,5.0,80.0
7710,STU_07711,5.0,0.6,2.3,7.9,4.0,85.0
7711,STU_07712,2.5,2.6,0.0,7.6,2.0,69.0
7712,STU_07713,4.1,1.3,0.6,7.9,3.0,69.0
7713,STU_07714,5.0,0.5,1.3,7.5,3.0,81.0
7714,STU_07715,6.4,0.5,1.5,7.6,4.010084804033921,91.0
7715,STU_07716,5.5,0.7,2.1,6.5,4.0,85.0
7716,STU_07717,3.4,1.5,1.9,9.7,2.0,75.0
7717,STU_07718,6.3,0.4,1.3,7.8,3.0,85.0
7718,STU_07719,4.1,3.8,1.4,7.1,5.0,78.0
7719,STU_07720,2.6,1.3,1.5,7.1,4.0,58.0
7720,STU_07721,4.2,3.8,0.0,7.7,5.0,85.0
7721,STU_07722,6.7,0.1,1.1,6.5,4.0,86.0
7722,STU_07723,4.7,0.6,1.4,5.8,4.0,78.0
7723,STU_07724,4.5,0.0,1.6,7.6,4.010084804033921,78.0
7724,STU_07725,7.0,0.5,0.5,9.8,4.010084804033921,90.0
7725,STU_07726,2.4,3.0,0.2,8.3,2.0,64.0
7726,STU_07727,2.6,0.1,1.0,7.0,3.0,67.0
7727,STU_07728,2.1,0.9,2.8,7.7,4.0,57.0
7728,STU_07729,5.1,0.2,0.5,7.2,4.0,84.0
7729,STU_07730,4.7,0.8,2.1,7.8,5.0,82.0
7730,STU_07731,6.8,2.7,2.5,7.2,5.0,93.0
7731,STU_07732,4.9,1.5,1.2,8.2,2.0,79.0
7732,STU_07733,3.9,2.0,0.7,5.7,4.0,72.0
7733,STU_07734,4.5,0.6,1.6,6.2,7.0,76.0
7734,STU_07735,4.7,4.3,1.4,6.4,6.0,84.0
7735,STU_07736,2.0,1.9,0.5,6.3,5.0,63.0
7736,STU_07737,8.6,0.8,0.7,6.5,4.0,100.0
7737,STU_07738,5.3,0.8,1.6,7.7,3.0,76.0
7738,STU_07739,4.8,3.8,1.9,5.6,6.0,81.0
7739,STU_07740,5.4,1.3,0.9,9.7,4.010084804033921,87.0
7740,STU_07741,5.6,1.8,1.1,6.7,6.0,94.0
7741,STU_07742,4.3,0.8,1.7,7.1,4.0,73.0
7742,STU_07743,3.6,0.4,1.1,8.0,4.0,76.0
7743,STU_07744,5.4,1.9,1.0,5.7,5.0,81.0
7744,STU_07745,5.1,1.4,0.6,8.0,3.0,81.0
7745,STU_07746,3.3,1.0,0.6,7.9,2.0,71.0
7746,STU_07747,6.6,1.5,3.0,6.6,5.0,89.0
7747,STU_07748,4.9,0.4,1.0,8.0,4.010084804033921,78.0
7748,STU_07749,5.6,2.4,2.3,7.3,5.0,82.0
7749,STU_07750,6.6,4.4,2.5,7.6,5.0,99.0
7750,STU_07751,4.5,3.3,1.1,9.3,4.0,79.0
7751,STU_07752,5.0,0.6,1.5,6.5,3.0,78.0
7752,STU_07753,5.7,0.8,1.3,6.2,6.0,82.0
7753,STU_07754,3.4,2.5,0.0,7.4,3.0,71.0
7754,STU_07755,4.6,1.4,0.0,5.5,6.0,80.0
7755,STU_07756,4.7,1.2,1.2,8.0,2.0,80.0
7756,STU_07757,3.1,3.9,0.9,6.8,6.0,84.0
7757,STU_07758,8.0,1.2,2.7,7.5,4.010084804033921,99.0
7758,STU_07759,2.4,1.1,1.0,7.2,3.0,66.0
7759,STU_07760,2.6,0.1,2.8,7.7,3.0,71.0
7760,STU_07761,6.5,0.1,0.8,8.3,4.0,90.0
7761,STU_07762,5.6,0.0,2.7,7.7,4.010084804033921,83.0
7762,STU_07763,3.0,3.7,1.6,5.2,7.0,73.0
7763,STU_07764,5.4,0.8,1.7,7.6,3.0,84.0
7764,STU_07765,6.7,0.9,0.8,9.4,4.010084804033921,96.0
7765,STU_07766,4.5,2.8,1.7,7.1,4.0,86.0
7766,STU_07767,8.4,1.4,2.6,7.2,4.0,100.0
7767,STU_07768,1.9,1.4,1.1,8.9,3.0,65.0
7768,STU_07769,5.5,0.5,0.9,6.9,4.0,85.0
7769,STU_07770,6.2,2.7,1.0,7.9,2.0,100.0
7770,STU_07771,5.8,0.3,2.5,6.9,2.0,84.0
7771,STU_07772,4.2,0.1,1.9,8.7,2.0,78.0
7772,STU_07773,4.1,0.3,2.4,8.2,2.0,80.0
7773,STU_07774,5.2,0.5,1.5,7.2,5.0,86.0
7774,STU_07775,5.7,0.5,1.2,7.3,3.0,82.0
7775,STU_07776,5.4,1.7,1.5,8.2,4.0,96.0
7776,STU_07777,6.1,0.4,2.1,5.6,6.0,94.0
7777,STU_07778,3.0,1.7,1.0,6.8,5.0,75.0
7778,STU_07779,4.2,0.1,2.3,8.1,3.0,71.0
7779,stu_07780 ,3.1,0.2,1.5,7.3,4.0,73.0
7780,STU_07781,3.9,1.1,0.0,7.8,4.010084804033921,66.0
7781,STU_07782,6.0,3.8,1.9,4.4,4.010084804033921,83.0
7782,STU_07783,4.7,2.9,0.2,6.2,5.0,83.0
7783,STU_07784,8.4,5.2,1.9,6.7,4.010084804033921,98.0
7784,STU_07785,4.8,1.6,1.9,6.4,4.0,87.0
7785,STU_07786,4.6,1.7,1.5,5.9,5.0,80.0
7786,STU_07787,4.7,1.5,1.6,8.3,4.0,76.0
7787,STU_07788,3.5,1.5,2.1,7.7,4.0,76.0
7788,STU_07789,4.4,0.2,0.8,6.7,4.0,78.0
7789,STU_07790,6.2,1.2,1.8,7.4,5.0,82.0
7790,STU_07791,4.7,0.7,2.1,6.3,5.0,84.0
7791,STU_07792,3.3,0.9,2.6,7.1,4.0,72.0
7792,STU_07793,3.1,1.1,0.3,7.8,2.0,74.0
7793,STU_07794,3.8,0.2,1.5,6.8,4.0,75.0
7794,STU_07795,4.6,0.7,0.4,8.5,4.010084804033921,77.0
7795,stu_07796 ,6.3,0.1,0.4,8.8,4.010084804033921,90.0
7796,STU_07797,2.5,5.8,1.5,6.2,4.010084804033921,65.0
7797,STU_07798,4.0,0.2,1.3,8.1,2.0,76.0
7798,STU_07799,4.7,0.4,2.1,6.0,4.0,81.0
7799,STU_07800,1.7,3.3,0.9,8.2,3.0,66.0
7800,STU_07801,3.2,1.0,1.1,7.4,3.0,73.0
7801,STU_07802,3.5,0.2,1.4,6.7,3.0,70.0
7802,STU_07803,3.3,0.7,0.5,7.8,4.0,69.0
7803,STU_07804,4.8,0.2,0.6,8.6,4.010084804033921,82.0
7804,STU_07805,4.3,0.3,2.1,8.0,4.0,82.0
7805,STU_07806,3.7,0.1,0.8,6.7,3.0,70.0
7806,STU_07807,5.1,0.9,2.1,8.1,4.0,83.0
7807,STU_07808,7.1,2.5,1.7,6.9,5.0,91.0
7808,STU_07809,7.0,1.3,0.0,1.216581632653061,3.0,100.0
7809,STU_07810,1.6,1.4,1.6,6.5,5.0,66.0
7810,STU_07811,5.4,0.3,1.6,8.6,2.0,80.0
7811,STU_07812,4.2,0.6,1.5,7.7,3.0,75.0
7812,STU_07813,4.7,2.8,1.1,8.1,3.0,87.0
7813,STU_07814,3.9,0.1,0.4,6.3,4.0,74.0
7814,STU_07815,4.7,2.9,2.3,5.3,6.0,85.0
7815,STU_07816,4.7,1.0,1.1,1.216581632653061,2.0,76.0
7816,STU_07817,3.6,2.7,0.5,8.6,3.0,78.0
7817,STU_07818,3.2,0.6,1.6,9.5,4.010084804033921,69.0
7818,STU_07819,3.8,0.6,0.6,6.8,2.0,75.0
7819,STU_07820,4.9,2.1,0.4,7.3,6.0,81.0
7820,STU_07821,5.4,2.3,0.9,7.3,6.0,85.0
7821,STU_07822,5.8,0.4,0.7,8.5,4.010084804033921,86.0
7822,STU_07823,3.8,5.4,0.5,7.2,7.0,78.0
7823,STU_07824,4.9,0.1,1.8,6.5,5.0,89.0
7824,STU_07825,5.9,0.1,1.1,7.8,3.0,82.0
7825,STU_07826,6.2,1.4,2.2,5.1,6.0,92.0
7826,STU_07827,4.4,1.9,0.5,8.1,4.0,81.0
7827,STU_07828,4.2,4.9,0.0,6.2,7.0,85.0
7828,STU_07829,4.8,0.8,1.3,6.3,5.0,70.0
7829,STU_07830,2.8,0.0,2.7,7.8,4.010084804033921,60.0
7830,STU_07831,4.2,1.4,1.6,6.9,6.0,75.0
7831,STU_07832,5.6,0.5,3.0,8.5,5.0,88.0
7832,STU_07833,5.5,0.9,1.5,6.6,2.0,83.0
7833,STU_07834,4.1,1.0,1.4,9.6,2.0,75.0
7834,STU_07835,4.8,0.1,0.0,8.8,3.0,79.0
7835,STU_07836,3.3,1.0,1.5,8.7,3.0,68.0
7836,STU_07837,5.6,0.8,1.3,6.5,5.0,86.0
7837,STU_07838,4.4,1.9,0.9,9.1,4.010084804033921,80.0
7838,STU_07839,4.1,1.6,1.1,6.1,6.0,79.0
7839,STU_07840,4.0,0.3,1.1,1.216581632653061,3.0,80.0
7840,STU_07841,4.4,0.3,1.1,9.0,2.0,76.0
7841,STU_07842,3.8,0.4,2.9,7.8,2.0,74.0
7842,STU_07843,5.5,0.3,0.9,6.5,3.0,79.0
7843,STU_07844,3.9,1.6,1.3,8.4,3.0,71.0
7844,STU_07845,6.9,6.0,0.9,6.4,7.0,100.0
7845,STU_07846,6.7,1.6,1.8,6.7,4.0,93.0
7846,STU_07847,3.2,1.4,1.3,5.8,5.0,74.0
7847,STU_07848,4.6,0.8,1.0,8.0,2.0,81.0
7848,STU_07849,3.5,0.6,0.0,7.7,2.0,73.0
7849,STU_07850,4.0,3.6,1.4,6.8,5.0,86.0
7850,STU_07851,7.5,5.2,1.0,4.7,7.0,100.0
7851,STU_07852,4.0,1.0,1.2,7.0,4.0,75.0
7852,STU_07853,5.0,0.5,0.3,8.3,2.0,82.0
7853,STU_07854,5.3,2.2,2.3,8.7,2.0,80.0
7854,STU_07855,3.0,0.2,1.9,7.4,5.0,71.0
7855,STU_07856,3.2,2.2,2.3,8.3,3.0,73.0
7856,STU_07857,2.7,2.6,2.1,7.6,6.0,70.0
7857,STU_07858,3.2,0.2,1.7,7.8,3.0,71.0
7858,STU_07859,0.2,5.6,0.3,5.2,4.010084804033921,45.0
7859,STU_07860,5.3,6.0,2.7,4.7,4.010084804033921,77.0
7860,STU_07861,7.6,4.1,0.5,7.3,5.0,100.0
7861,STU_07862,4.7,1.0,1.0,7.0,5.0,86.0
7862,STU_07863,2.4,0.4,1.8,6.9,6.0,59.0
7863,STU_07864,3.5,1.3,1.8,7.1,5.0,70.0
7864,STU_07865,3.8,0.8,1.7,7.3,4.0,72.0
7865,STU_07866,3.0,0.3,0.9,8.6,4.010084804033921,65.0
7866,STU_07867,5.8,0.8,0.7,7.1,4.010084804033921,79.0
7867,STU_07868,5.7,1.6,3.0,7.7,4.0,93.0
7868,STU_07869,2.8,0.1,1.2,8.2,2.0,69.0
7869,STU_07870,5.6,0.6,1.1,5.9,4.0,82.0
7870,STU_07871,6.8,0.0,0.6,8.2,2.0,94.0
7871,STU_07872,7.4,2.1,1.4,4.4,4.010084804033921,89.0
7872,STU_07873,8.8,1.5,1.4,6.4,4.0,100.0
7873,STU_07874,3.1,0.1,1.2,8.2,3.0,65.0
7874,STU_07875,8.7,5.0,1.5,6.2,7.0,100.0
7875,STU_07876,4.0,0.0,2.6,5.7,5.0,71.0
7876,STU_07877,3.6,1.3,0.7,6.3,6.0,70.0
7877,STU_07878,5.0,2.2,1.2,4.5,7.0,87.0
7878,STU_07879,3.6,2.3,0.7,5.8,5.0,72.0
7879,STU_07880,5.1,0.1,1.4,8.3,3.0,86.0
7880,STU_07881,2.5,3.6,0.7,6.2,4.010084804033921,60.0
7881,STU_07882,4.1,3.8,0.8,6.9,5.0,74.0
7882,STU_07883,6.4,1.2,0.0,7.6,3.0,93.0
7883,STU_07884,4.4,1.0,1.3,7.5,3.0,76.0
7884,STU_07885,4.7,0.1,1.5,8.7,2.0,72.0
7885,STU_07886,5.2,1.2,2.7,6.9,4.0,84.0
7886,STU_07887,6.3,0.8,1.6,8.4,2.0,83.0
7887,STU_07888,2.0,2.2,0.8,4.7,4.010084804033921,49.0
7888,STU_07889,5.4,0.8,0.1,8.9,4.010084804033921,86.0
7889,STU_07890,4.1,1.7,0.2,6.1,3.0,83.0
7890,STU_07891,4.7,0.2,0.2,6.8,3.0,77.0
7891,STU_07892,6.1,0.2,2.7,6.7,5.0,92.0
7892,STU_07893,2.7,0.2,1.4,8.7,3.0,70.0
7893,STU_07894,3.0,0.1,0.7,6.9,2.0,71.0
7894,STU_07895,1.6,1.2,0.4,6.9,5.0,61.0
7895,STU_07896,3.7,2.4,0.5,6.2,7.0,73.0
7896,STU_07897,6.5,1.4,0.7,7.7,3.0,92.0
7897,STU_07898,4.3,1.3,2.3,7.9,3.0,80.0
7898,STU_07899,2.5,1.7,1.2,9.0,4.010084804033921,62.0
7899,STU_07900,3.8,0.6,0.0,10.0,2.0,72.0
7900,STU_07901,2.3,0.7,3.0,7.8,2.0,64.0
7901,STU_07902,2.8,0.6,0.3,8.1,2.0,67.0
7902,STU_07903,5.1,1.9,0.7,6.1,6.0,81.0
7903,STU_07904,2.7,0.3,2.2,9.4,4.010084804033921,62.0
7904,STU_07905,6.2,0.0,1.5,7.9,2.0,86.0
7905,STU_07906,4.4,1.4,0.8,7.1,4.0,77.0
7906,STU_07907,4.6,4.3,0.2,7.1,4.010084804033921,74.0
7907,STU_07908,4.1,1.4,0.4,6.9,4.0,79.0
7908,STU_07909,5.7,2.3,0.5,4.9,6.0,82.0
7909,STU_07910,5.7,1.7,1.2,7.8,2.0,88.0
7910,STU_07911,5.0,1.0,1.4,8.8,3.0,74.0
7911,STU_07912,5.3,1.9,1.1,7.8,4.0,85.0
7912,STU_07913,4.2,2.6,1.2,7.0,4.0,70.0
7913,STU_07914,5.3,0.4,0.4,7.8,3.0,79.0
7914,STU_07915,4.0,0.6,1.4,7.7,2.0,75.0
7915,STU_07916,4.5,0.4,2.2,7.6,4.010084804033921,72.0
7916,STU_07917,4.1,0.9,1.1,1.216581632653061,4.0,70.0
7917,STU_07918,3.8,3.2,1.1,6.8,7.0,82.0
7918,STU_07919,3.5,0.6,1.3,9.1,4.010084804033921,65.0
7919,STU_07920,5.2,0.7,2.1,7.8,3.0,82.0
7920,STU_07921,6.5,3.0,0.5,7.1,6.0,99.0
7921,STU_07922,6.3,1.1,2.4,1.216581632653061,3.0,90.0
7922,STU_07923,2.6,1.2,1.5,8.0,2.0,68.0
7923,STU_07924,6.4,3.0,1.2,7.8,4.0,90.0
7924,STU_07925,4.0,1.0,2.2,6.5,6.0,73.0
7925,STU_07926,5.4,1.7,0.3,7.0,3.0,84.0
7926,STU_07927,3.1,0.1,1.6,6.8,4.0,61.0
7927,STU_07928,4.7,0.3,1.5,8.4,4.010084804033921,83.0
7928,STU_07929,5.0,0.8,0.5,1.216581632653061,2.0,82.0
7929,STU_07930,2.3,1.0,1.6,6.1,5.0,58.0
7930,STU_07931,5.4,5.1,1.4,6.6,6.0,94.0
7931,STU_07932,6.5,5.3,1.1,7.6,5.0,100.0
7932,STU_07933,4.2,2.9,1.9,6.5,6.0,81.0
7933,STU_07934,6.5,0.6,0.7,8.0,3.0,99.0
7934,STU_07935,4.2,5.0,1.4,7.0,7.0,83.0
7935,STU_07936,5.8,1.8,1.1,5.9,5.0,93.0
7936,STU_07937,1.2,0.7,0.7,7.8,2.0,58.0
7937,STU_07938,8.1,1.8,1.6,8.4,5.0,100.0
7938,STU_07939,6.7,0.0,1.0,7.2,3.0,88.0
7939,STU_07940,4.1,0.2,0.0,8.8,4.010084804033921,67.0
7940,STU_07941,1.5,2.7,0.0,7.2,3.0,56.0
7941,STU_07942,4.9,1.6,1.8,6.5,4.0,82.0
7942,STU_07943,2.3,0.7,0.2,7.7,2.0,64.0
7943,STU_07944,5.2,1.0,1.4,6.9,5.0,78.0
7944,STU_07945,5.1,3.5,1.2,5.8,6.0,85.0
7945,STU_07946,3.1,1.5,0.9,7.1,4.0,73.0
7946,STU_07947,6.2,0.8,2.8,7.3,2.0,93.0
7947,STU_07948,5.7,0.2,1.3,7.5,4.0,82.0
7948,STU_07949,6.0,0.5,1.8,7.2,3.0,88.0
7949,STU_07950,4.5,5.7,1.4,6.2,7.0,93.0
7950,STU_07951,2.4,0.9,1.0,8.1,2.0,69.0
7951,STU_07952,6.0,1.0,1.2,6.3,4.0,84.0
7952,STU_07953,4.1,1.0,2.4,7.0,3.0,77.0
7953,STU_07954,2.4,3.2,2.1,4.6,4.010084804033921,62.0
7954,STU_07955,6.5,1.4,2.8,6.9,4.0,94.0
7955,STU_07956,7.6,1.8,1.4,7.3,4.0,99.0
7956,STU_07957,4.4,0.7,0.5,8.2,2.0,80.0
7957,STU_07958,7.7,0.0,0.8,8.0,3.0,100.0
7958,STU_07959,4.6,4.0,0.2,7.3,6.0,80.0
7959,STU_07960,3.9,4.5,1.8,6.4,6.0,75.0
7960,STU_07961,3.6,4.5,0.7,5.8,7.0,80.0
7961,STU_07962,7.0,4.3,0.0,5.6,6.0,98.0
7962,STU_07963,3.3,2.5,3.0,6.4,7.0,77.0
7963,STU_07964,5.6,1.7,0.7,6.6,4.0,91.0
7964,STU_07965,3.7,2.8,0.7,6.9,5.0,69.0
7965,STU_07966,3.8,1.4,2.5,6.6,4.0,72.0
7966,STU_07967,6.0,0.2,0.2,8.3,4.010084804033921,86.0
7967,STU_07968,3.9,0.7,2.1,7.4,6.0,71.0
7968,STU_07969,3.9,5.3,0.7,6.7,7.0,79.0
7969,STU_07970,6.2,0.6,0.1,8.2,2.0,83.0
7970,STU_07971,6.9,3.0,2.6,6.4,5.0,94.0
7971,STU_07972,5.5,0.1,1.9,7.4,4.0,79.0
7972,STU_07973,3.5,0.6,1.9,7.9,2.0,73.0
7973,STU_07974,3.7,0.6,1.5,10.0,4.010084804033921,77.0
7974,STU_07975,4.6,0.1,1.7,6.7,6.0,79.0
7975,STU_07976,5.0,0.2,0.2,7.9,4.010084804033921,91.0
7976,STU_07977,3.0,0.3,1.3,6.4,5.0,72.0
7977,STU_07978,5.6,2.7,0.5,7.1,5.0,91.0
7978,STU_07979,4.6,0.1,0.1,7.3,3.0,78.0
7979,STU_07980,1.9,0.5,1.5,1.216581632653061,3.0,61.0
7980,STU_07981,3.1,0.0,2.1,7.7,2.0,74.0
7981,STU_07982,3.7,1.8,0.9,6.8,5.0,74.0
7982,STU_07983,4.4,1.5,1.0,5.6,5.0,79.0
7983,STU_07984,7.3,1.6,0.3,8.9,4.010084804033921,96.0
7984,STU_07985,4.9,0.7,1.2,8.4,2.0,82.0
7985,STU_07986,3.2,0.4,1.8,7.4,3.0,74.0
7986,STU_07987,4.8,1.9,1.8,6.2,4.0,86.0
7987,STU_07988,4.0,2.5,1.6,7.0,5.0,76.0
7988,STU_07989,5.0,0.2,0.7,8.2,4.010084804033921,81.0
7989,STU_07990,5.4,1.0,0.7,8.3,2.0,85.0
7990,STU_07991,6.3,0.4,1.8,8.4,5.0,94.0
7991,STU_07992,4.5,0.3,1.8,8.6,3.0,70.0
7992,STU_07993,7.0,2.0,1.1,1.216581632653061,6.0,95.0
7993,STU_07994,5.9,1.2,0.9,7.2,5.0,84.0
7994,STU_07995,3.4,0.4,2.1,8.5,2.0,69.0
7995,STU_07996,7.8,0.6,0.9,1.216581632653061,4.0,94.0
7996,STU_07997,5.0,5.1,1.8,7.3,5.0,90.0
7997,STU_07998,3.2,2.8,1.1,8.7,4.0,64.0
7998,STU_07999,7.0,3.2,0.4,8.2,5.0,96.0
7999,STU_08000,7.6,0.9,2.5,7.9,4.0,90.0
8000,STU_08001,4.5,1.5,1.3,6.9,6.0,76.0
8001,STU_08002,3.7,0.7,0.6,7.9,4.010084804033921,73.0
8002,STU_08003,4.2,0.1,0.1,6.6,6.0,74.0
8003,STU_08004,5.6,0.8,0.2,7.0,3.0,87.0
8004,stu_08005 ,6.4,1.4,0.9,6.7,7.0,96.0
8005,STU_08006,5.4,0.5,2.7,7.4,5.0,91.0
8006,STU_08007,4.7,2.8,0.7,6.6,6.0,82.0
8007,STU_08008,6.7,0.2,2.4,7.7,3.0,95.0
8008,STU_08009,4.0,0.7,1.1,1.216581632653061,2.0,81.0
8009,STU_08010,6.0,0.2,0.3,7.2,4.010084804033921,85.0
8010,STU_08011,4.1,0.8,0.8,1.216581632653061,4.0,81.0
8011,STU_08012,5.1,0.1,0.2,7.5,4.010084804033921,72.0
8012,STU_08013,4.3,0.5,0.5,7.9,2.0,78.0
8013,STU_08014,4.4,0.8,0.5,8.4,4.0,84.0
8014,STU_08015,3.9,1.0,0.0,8.6,3.0,75.0
8015,STU_08016,6.5,1.2,2.4,7.8,2.0,90.0
8016,STU_08017,3.4,0.5,1.4,8.0,4.010084804033921,70.0
8017,STU_08018,3.4,1.1,0.7,6.1,4.0,78.0
8018,STU_08019,7.7,1.1,1.4,6.3,5.0,91.0
8019,STU_08020,6.0,0.6,0.5,6.9,4.0,85.0
8020,STU_08021,0.9,2.7,0.0,7.6,4.0,63.0
8021,STU_08022,3.7,1.2,3.0,5.8,5.0,75.0
8022,STU_08023,1.8,0.6,1.4,7.9,3.0,66.0
8023,STU_08024,3.1,4.4,0.7,6.8,6.0,78.0
8024,STU_08025,0.0,2.8,0.0,5.2,7.0,52.0
8025,STU_08026,4.3,6.0,1.2165816326530612,5.1,4.010084804033921,63.0
8026,STU_08027,2.8,1.8,2.5,8.0,4.0,64.0
8027,STU_08028,4.6,0.7,2.4,8.0,4.0,71.0
8028,STU_08029,2.1,0.5,1.8,6.6,6.0,61.0
8029,stu_08030 ,4.6,1.6,0.3,6.4,5.0,81.0
8030,STU_08031,3.9,5.9,2.4,3.3,4.010084804033921,55.0
8031,STU_08032,6.8,1.5,1.6,8.7,4.0,93.0
8032,STU_08033,6.6,3.2,1.7,6.7,5.0,95.0
8033,STU_08034,5.7,0.6,1.6,9.4,4.010084804033921,78.0
8034,STU_08035,4.0,0.8,0.0,7.6,2.0,73.0
8035,STU_08036,7.5,3.6,0.2,7.2,6.0,100.0
8036,STU_08037,2.2,2.1,0.8,8.1,4.0,68.0
8037,STU_08038,2.4,6.0,1.7,7.5,7.0,71.0
8038,STU_08039,4.4,2.2,0.1,7.8,4.0,82.0
8039,STU_08040,7.9,0.9,1.2165816326530612,7.5,3.0,100.0
8040,STU_08041,4.2,1.1,1.1,1.216581632653061,4.0,75.0
8041,STU_08042,4.2,3.5,1.8,5.5,7.0,84.0
8042,STU_08043,2.3,1.2,1.7,6.9,4.0,68.0
8043,stu_08044 ,5.9,0.4,0.4,7.8,4.010084804033921,84.0
8044,STU_08045,5.9,0.9,2.4,8.7,2.0,82.0
8045,STU_08046,5.7,1.1,0.3,7.2,4.0,92.0
8046,STU_08047,3.6,0.2,2.1,8.6,4.010084804033921,76.0
8047,STU_08048,3.4,2.0,0.8,7.2,6.0,73.0
8048,STU_08049,2.6,0.2,1.3,8.9,2.0,70.0
8049,STU_08050,4.6,0.8,1.4,8.2,3.0,81.0
8050,STU_08051,2.9,2.4,1.4,7.6,3.0,76.0
8051,STU_08052,2.7,0.9,1.7,8.3,4.0,61.0
8052,STU_08053,3.9,2.8,1.5,7.7,3.0,76.0
8053,STU_08054,3.8,0.6,1.8,8.5,3.0,80.0
8054,STU_08055,3.7,4.7,1.6,8.4,4.0,90.0
8055,STU_08056,5.2,0.4,0.2,9.5,4.010084804033921,80.0
8056,STU_08057,4.6,0.1,1.4,8.2,3.0,76.0
8057,STU_08058,4.1,3.1,0.7,6.5,4.0,82.0
8058,STU_08059,4.8,2.1,0.3,7.7,2.0,83.0
8059,STU_08060,3.0,0.4,1.0,5.8,4.0,71.0
8060,STU_08061,4.7,6.0,1.3,6.8,4.010084804033921,70.0
8061,STU_08062,4.7,1.0,1.4,1.216581632653061,5.0,79.0
8062,STU_08063,2.2,4.5,2.0,1.216581632653061,5.0,73.0
8063,STU_08064,6.0,1.1,2.2,9.2,4.0,78.0
8064,STU_08065,3.2,1.0,1.5,6.0,6.0,64.0
8065,STU_08066,4.6,0.9,1.6,7.4,5.0,72.0
8066,STU_08067,6.2,0.6,1.3,6.5,3.0,91.0
8067,STU_08068,5.9,1.1,1.8,5.6,7.0,83.0
8068,STU_08069,4.6,0.9,1.6,7.3,4.0,74.0
8069,STU_08070,4.0,0.1,1.2,8.4,4.010084804033921,74.0
8070,STU_08071,5.9,0.5,2.9,8.0,3.0,81.0
8071,stu_08072 ,5.5,0.4,0.8,7.9,4.010084804033921,85.0
8072,STU_08073,3.6,3.0,2.4,5.0,7.0,86.0
8073,STU_08074,3.3,1.4,0.1,7.7,2.0,70.0
8074,STU_08075,1.4,2.2,1.9,5.5,7.0,54.0
8075,STU_08076,4.7,4.7,2.3,4.7,4.010084804033921,76.0
8076,STU_08077,4.4,1.5,0.0,6.5,3.0,81.0
8077,STU_08078,6.2,6.0,1.3,7.0,7.0,98.0
8078,STU_08079,5.0,0.6,1.8,8.0,3.0,84.0
8079,STU_08080,6.5,0.3,1.4,7.9,4.0,87.0
8080,STU_08081,3.5,0.8,1.5,6.6,4.0,71.0
8081,stu_08082 ,6.2,1.0,1.3,7.1,2.0,79.0
8082,STU_08083,3.7,3.4,0.3,5.5,6.0,80.0
8083,STU_08084,5.7,1.2,3.0,8.4,2.0,81.0
8084,STU_08085,2.3,0.5,0.8,9.9,4.010084804033921,65.0
8085,STU_08086,4.9,2.0,1.5,7.6,5.0,79.0
8086,STU_08087,1.5,1.1,0.7,8.3,4.010084804033921,60.0
8087,STU_08088,4.1,0.3,0.0,7.8,2.0,79.0
8088,STU_08089,5.2,1.3,0.5,5.9,6.0,81.0
8089,STU_08090,3.7,3.6,0.0,6.1,4.0,75.0
8090,STU_08091,2.9,2.8,2.1,6.3,5.0,72.0
8091,STU_08092,5.8,1.3,0.7,7.1,4.0,84.0
8092,STU_08093,4.3,0.7,0.8,7.0,5.0,73.0
8093,STU_08094,3.8,0.1,0.3,7.9,3.0,80.0
8094,STU_08095,4.6,1.0,1.3,6.6,5.0,71.0
8095,STU_08096,8.5,2.1,0.6,9.4,2.0,100.0
8096,STU_08097,6.2,0.7,2.0,6.0,5.0,88.0
8097,STU_08098,6.2,0.4,1.4,8.5,4.0,85.0
8098,STU_08099,5.2,4.0,0.7,1.216581632653061,5.0,88.0
8099,STU_08100,4.7,2.6,1.9,7.3,2.0,83.0
8100,STU_08101,0.9,1.5,1.2,7.8,2.0,63.0
8101,STU_08102,3.5,0.2,1.2,7.8,3.0,67.0
8102,STU_08103,3.8,0.2,0.0,6.8,3.0,71.0
8103,STU_08104,1.7,0.2,1.1,7.4,2.0,64.0
8104,STU_08105,2.8,1.4,1.5,7.4,4.0,68.0
8105,STU_08106,1.5,0.2,2.3,7.6,4.0,62.0
8106,STU_08107,4.4,2.8,0.6,6.0,6.0,86.0
8107,STU_08108,5.7,6.0,3.0,6.9,4.010084804033921,88.0
8108,STU_08109,6.2,0.7,1.6,5.0,5.0,86.0
8109,STU_08110,5.1,0.9,0.0,7.5,2.0,81.0
8110,STU_08111,3.1,1.9,0.5,6.4,5.0,76.0
8111,STU_08112,1.6,4.2,2.3,6.5,6.0,66.0
8112,STU_08113,1.9,3.4,2.2,7.6,5.0,65.0
8113,STU_08114,2.6,0.1,1.2,6.3,5.0,67.0
8114,STU_08115,3.2,0.3,1.3,10.0,4.010084804033921,64.0
8115,STU_08116,4.3,2.1,0.3,7.5,5.0,78.0
8116,STU_08117,3.0,1.8,2.3,7.4,4.0,70.0
8117,STU_08118,5.0,0.2,0.4,6.4,3.0,80.0
8118,STU_08119,4.2,1.0,1.9,7.3,2.0,75.0
8119,STU_08120,4.5,2.3,2.3,7.8,5.0,79.0
8120,STU_08121,6.2,0.4,1.2,7.9,2.0,87.0
8121,STU_08122,2.7,3.1,2.0,6.8,7.0,77.0
8122,STU_08123,5.1,0.1,2.7,7.4,4.0,72.0
8123,STU_08124,4.5,2.3,1.4,5.7,6.0,83.0
8124,STU_08125,4.0,1.4,1.1,6.0,4.0,76.0
8125,STU_08126,5.8,0.6,1.1,8.8,3.0,86.0
8126,STU_08127,5.8,1.9,0.6,8.2,3.0,86.0
8127,STU_08128,3.1,2.3,0.6,8.2,3.0,74.0
8128,stu_08129 ,4.2,4.1,1.6,5.6,7.0,85.0
8129,STU_08130,4.9,0.7,1.1,7.4,4.0,73.0
8130,STU_08131,4.1,1.7,1.5,8.4,2.0,86.0
8131,stu_08132 ,5.4,1.4,0.0,6.4,5.0,85.0
8132,STU_08133,4.9,1.1,1.1,8.6,3.0,82.0
8133,STU_08134,7.2,3.3,2.0,1.216581632653061,7.0,93.0
8134,STU_08135,2.2,0.0,0.3,7.1,4.0,61.0
8135,STU_08136,4.3,0.5,1.2,7.6,4.0,82.0
8136,STU_08137,3.1,1.2,0.0,6.5,4.0,71.0
8137,STU_08138,5.4,0.3,0.2,6.0,4.0,85.0
8138,STU_08139,2.1,3.6,1.8,6.6,4.010084804033921,58.0
8139,STU_08140,5.0,1.6,1.0,7.9,5.0,90.0
8140,STU_08141,3.6,1.0,2.7,8.4,3.0,72.0
8141,STU_08142,3.4,2.5,1.5,7.5,5.0,79.0
8142,STU_08143,2.3,0.9,1.6,9.4,4.010084804033921,65.0
8143,STU_08144,3.8,1.2,0.3,8.9,4.010084804033921,76.0
8144,STU_08145,6.1,0.0,0.9,8.6,4.010084804033921,88.0
8145,STU_08146,4.5,0.7,0.6,8.1,3.0,81.0
8146,STU_08147,5.4,0.2,0.3,9.1,4.010084804033921,86.0
8147,STU_08148,7.0,1.8,1.7,4.9,4.010084804033921,85.0
8148,STU_08149,4.9,1.0,1.9,6.8,4.0,85.0
8149,STU_08150,3.7,0.5,1.5,5.7,6.0,69.0
8150,STU_08151,5.2,0.9,0.5,8.3,3.0,78.0
8151,STU_08152,3.7,0.4,1.5,6.9,6.0,71.0
8152,STU_08153,3.7,3.9,0.0,9.9,4.0,80.0
8153,STU_08154,2.2,0.1,2.3,7.0,5.0,59.0
8154,STU_08155,5.9,3.0,0.2,7.2,5.0,90.0
8155,STU_08156,3.9,1.1,0.3,7.2,3.0,70.0
8156,STU_08157,4.8,1.4,1.3,6.8,5.0,80.0
8157,STU_08158,2.9,0.5,1.4,6.3,7.0,72.0
8158,STU_08159,5.2,5.1,1.1,5.0,4.010084804033921,77.0
8159,stu_08160 ,3.4,0.5,0.3,5.6,4.0,66.0
8160,STU_08161,4.3,1.3,2.1,7.7,4.0,79.0
8161,STU_08162,5.8,6.0,0.0,5.8,6.0,91.0
8162,STU_08163,5.7,3.2,0.0,9.0,2.0,99.0
8163,STU_08164,4.5,1.2,1.1,6.2,5.0,79.0
8164,STU_08165,1.8,6.0,0.2,7.6,6.0,74.0
8165,STU_08166,9.0,1.8,1.2165816326530612,8.6,2.0,100.0
8166,STU_08167,7.1,0.4,0.3,9.1,4.010084804033921,95.0
8167,STU_08168,5.6,0.8,2.4,7.5,2.0,81.0
8168,STU_08169,3.4,0.6,2.0,7.1,4.0,70.0
8169,STU_08170,4.3,0.6,2.2,8.6,4.010084804033921,74.0
8170,STU_08171,3.7,2.1,2.7,6.0,6.0,79.0
8171,STU_08172,6.4,1.3,1.3,7.6,3.0,92.0
8172,STU_08173,4.9,0.1,0.4,7.9,4.010084804033921,80.0
8173,STU_08174,3.3,3.1,1.1,5.9,5.0,80.0
8174,STU_08175,3.8,0.5,0.7,8.0,2.0,74.0
8175,STU_08176,6.2,6.0,0.6,6.8,6.0,100.0
8176,STU_08177,6.9,4.6,1.3,5.4,7.0,100.0
8177,STU_08178,6.8,4.2,1.0,7.0,6.0,98.0
8178,STU_08179,5.6,2.5,0.6,4.9,5.0,89.0
8179,STU_08180,4.1,0.4,1.0,6.6,5.0,79.0
8180,STU_08181,0.0,1.1,1.6,6.9,4.0,57.0
8181,STU_08182,4.9,0.4,2.0,7.9,2.0,81.0
8182,STU_08183,4.5,0.5,0.0,8.7,4.010084804033921,75.0
8183,STU_08184,4.7,1.4,1.0,7.5,3.0,84.0
8184,STU_08185,4.6,0.1,1.1,8.3,3.0,80.0
8185,STU_08186,2.5,5.2,0.3,6.2,7.0,76.0
8186,STU_08187,5.3,3.8,1.1,7.1,5.0,90.0
8187,STU_08188,5.4,0.7,1.3,1.216581632653061,3.0,85.0
8188,STU_08189,5.5,1.1,1.6,6.8,4.0,86.0
8189,STU_08190,5.9,0.9,1.3,7.1,3.0,90.0
8190,STU_08191,5.4,3.2,0.5,7.5,4.0,81.0
8191,STU_08192,3.9,1.8,2.8,8.7,3.0,81.0
8192,STU_08193,4.4,0.5,1.9,8.7,4.010084804033921,79.0
8193,STU_08194,4.6,0.9,1.6,6.3,5.0,76.0
8194,STU_08195,4.7,0.8,2.0,6.2,3.0,80.0
8195,STU_08196,6.0,4.8,1.4,5.7,4.010084804033921,90.0
8196,STU_08197,5.5,0.3,2.2,7.6,4.0,84.0
8197,STU_08198,7.6,0.1,1.2,7.8,2.0,93.0
8198,STU_08199,7.8,3.2,1.2,8.0,5.0,97.0
8199,STU_08200,4.6,3.4,1.7,7.9,4.0,93.0
8200,STU_08201,0.0,3.1,2.5,6.6,5.0,48.0
8201,STU_08202,6.4,1.1,2.4,7.0,3.0,91.0
8202,STU_08203,3.7,1.6,1.7,7.7,4.0,72.0
8203,STU_08204,3.3,1.2,1.6,8.4,2.0,76.0
8204,STU_08205,3.9,0.1,1.8,8.2,2.0,69.0
8205,STU_08206,3.8,1.4,2.0,6.8,4.0,81.0
8206,STU_08207,5.4,0.0,2.2,1.216581632653061,4.0,82.0
8207,STU_08208,2.2,0.6,1.0,6.5,5.0,63.0
8208,STU_08209,2.9,4.0,2.3,6.5,7.0,72.0
8209,STU_08210,5.0,0.5,1.5,8.2,3.0,79.0
8210,STU_08211,5.4,4.2,1.7,7.1,5.0,87.0
8211,STU_08212,5.5,0.4,2.3,8.6,2.0,86.0
8212,STU_08213,3.3,0.6,1.8,9.0,2.0,64.0
8213,STU_08214,3.0,1.5,1.9,5.8,5.0,67.0
8214,STU_08215,3.7,2.2,0.9,7.6,3.0,82.0
8215,STU_08216,4.9,1.0,2.4,7.6,4.0,80.0
8216,STU_08217,6.7,3.2,1.8,6.6,5.0,93.0
8217,STU_08218,1.4,0.1,1.3,6.9,3.0,54.0
8218,STU_08219,4.2,3.8,2.1,7.9,6.0,76.0
8219,STU_08220,2.5,0.3,3.0,6.7,3.0,69.0
8220,STU_08221,2.0,3.2,0.3,4.8,6.0,64.0
8221,STU_08222,6.0,0.8,0.6,7.7,4.0,90.0
8222,STU_08223,5.3,2.7,3.0,6.4,5.0,82.0
8223,STU_08224,5.2,1.7,1.5,9.0,4.0,83.0
8224,STU_08225,5.9,0.3,1.4,8.1,4.010084804033921,85.0
8225,STU_08226,3.8,3.8,1.1,6.3,6.0,75.0
8226,STU_08227,3.9,0.4,2.2,7.2,4.0,74.0
8227,STU_08228,7.8,0.4,3.0,7.1,3.0,89.0
8228,STU_08229,4.1,2.5,0.7,9.3,4.0,78.0
8229,STU_08230,5.6,0.2,1.1,8.4,2.0,86.0
8230,STU_08231,4.5,0.4,0.9,6.3,5.0,74.0
8231,STU_08232,1.7,1.1,1.8,7.1,3.0,63.0
8232,STU_08233,1.4,2.7,2.2,6.7,7.0,63.0
8233,STU_08234,3.6,0.2,2.5,6.3,5.0,73.0
8234,STU_08235,6.1,1.2,1.8,5.5,4.010084804033921,75.0
8235,STU_08236,5.7,1.9,3.0,7.4,6.0,87.0
8236,STU_08237,5.9,3.0,0.7,6.2,6.0,83.0
8237,STU_08238,3.0,4.1,0.5,7.9,3.0,72.0
8238,STU_08239,6.9,2.3,2.4,6.8,5.0,95.0
8239,STU_08240,3.1,1.6,1.3,6.8,4.0,72.0
8240,STU_08241,4.8,0.9,0.1,5.3,5.0,75.0
8241,STU_08242,4.5,0.2,0.9,9.0,2.0,76.0
8242,STU_08243,4.2,1.9,1.4,7.5,3.0,81.0
8243,STU_08244,6.5,6.0,0.7,5.6,7.0,94.0
8244,STU_08245,3.4,2.0,0.4,6.4,5.0,65.0
8245,STU_08246,2.5,0.0,1.2165816326530612,9.4,4.010084804033921,67.0
8246,STU_08247,4.5,1.0,0.3,6.6,5.0,75.0
8247,STU_08248,3.9,1.4,1.7,6.9,5.0,73.0
8248,STU_08249,9.6,1.8,0.0,8.0,4.0,100.0
8249,STU_08250,5.5,1.9,1.3,8.6,3.0,86.0
8250,STU_08251,3.9,1.2,1.6,7.1,2.0,79.0
8251,STU_08252,2.9,0.4,1.1,6.9,3.0,67.0
8252,STU_08253,1.7,4.3,2.1,6.2,4.010084804033921,59.0
8253,STU_08254,3.0,1.8,0.1,8.3,3.0,64.0
8254,STU_08255,4.7,0.4,0.6,8.9,4.010084804033921,81.0
8255,STU_08256,6.6,0.6,0.9,6.3,5.0,88.0
8256,STU_08257,6.2,3.8,1.8,6.6,5.0,100.0
8257,STU_08258,4.8,3.3,1.4,5.3,5.0,83.0
8258,STU_08259,4.0,0.8,2.9,8.1,5.0,77.0
8259,STU_08260,4.9,0.1,0.6,8.3,2.0,82.0
8260,STU_08261,3.7,0.1,0.1,7.0,3.0,72.0
8261,STU_08262,7.1,0.5,2.6,8.9,4.010084804033921,95.0
8262,STU_08263,4.2,1.5,0.1,7.9,2.0,87.0
8263,STU_08264,4.4,1.3,1.7,7.5,2.0,75.0
8264,STU_08265,1.2,1.5,0.4,7.3,5.0,50.0
8265,STU_08266,4.2,1.9,0.0,7.4,2.0,73.0
8266,stu_08267 ,5.8,0.0,0.9,7.4,4.0,89.0
8267,STU_08268,2.9,0.2,1.9,6.8,3.0,66.0
8268,STU_08269,3.4,0.7,0.2,9.0,4.010084804033921,81.0
8269,STU_08270,5.7,0.3,1.2165816326530612,7.1,3.0,87.0
8270,STU_08271,2.3,0.1,1.8,7.1,3.0,61.0
8271,STU_08272,6.1,1.5,0.2,7.4,4.0,86.0
8272,STU_08273,3.7,2.5,1.0,8.5,2.0,74.0
8273,STU_08274,3.9,2.1,2.5,8.0,3.0,68.0
8274,STU_08275,2.8,2.5,1.7,6.5,5.0,72.0
8275,STU_08276,5.1,1.6,1.0,8.5,3.0,86.0
8276,STU_08277,8.2,2.0,1.5,7.2,5.0,98.0
8277,STU_08278,5.7,0.5,0.7,6.9,4.0,79.0
8278,STU_08279,3.2,6.0,2.1,5.3,4.010084804033921,59.0
8279,STU_08280,6.2,0.3,2.1,8.9,2.0,92.0
8280,STU_08281,4.0,0.4,1.3,9.7,4.010084804033921,78.0
8281,STU_08282,6.6,0.5,1.4,7.9,3.0,91.0
8282,STU_08283,5.7,5.6,0.4,5.7,6.0,99.0
8283,STU_08284,0.1,6.0,0.1,6.1,6.0,53.0
8284,STU_08285,3.0,2.4,0.9,6.3,5.0,71.0
8285,STU_08286,5.9,1.5,1.1,6.7,5.0,90.0
8286,STU_08287,4.7,1.1,2.1,6.5,5.0,83.0
8287,STU_08288,3.0,5.3,1.9,5.9,4.010084804033921,71.0
8288,STU_08289,3.5,1.8,1.3,7.3,3.0,77.0
8289,STU_08290,1.6,4.3,2.2,6.1,7.0,72.0
8290,STU_08291,4.4,0.6,0.4,7.5,3.0,80.0
8291,STU_08292,7.8,0.6,2.1,8.2,3.0,93.0
8292,STU_08293,5.7,2.9,0.6,6.8,5.0,87.0
8293,STU_08294,7.8,0.2,2.2,7.3,2.0,90.0
8294,STU_08295,5.8,4.4,1.2,6.3,6.0,95.0
8295,STU_08296,6.0,1.1,0.0,9.2,2.0,93.0
8296,STU_08297,7.5,3.9,1.8,6.0,4.010084804033921,88.0
8297,STU_08298,5.1,0.6,1.8,8.0,2.0,80.0
8298,STU_08299,4.2,1.9,0.8,6.5,5.0,71.0
8299,STU_08300,6.0,1.0,0.9,7.9,3.0,87.0
8300,STU_08301,6.7,1.5,1.1,7.9,3.0,89.0
8301,STU_08302,3.8,1.1,0.0,8.8,4.010084804033921,70.0
8302,STU_08303,3.4,5.1,0.0,6.1,6.0,78.0
8303,STU_08304,4.7,1.8,2.2,5.9,6.0,88.0
8304,STU_08305,5.7,0.4,0.5,7.0,5.0,88.0
8305,STU_08306,5.7,3.6,2.7,7.3,5.0,89.0
8306,STU_08307,2.4,0.5,2.3,9.5,2.0,65.0
8307,STU_08308,7.4,0.7,2.5,8.1,3.0,100.0
8308,STU_08309,3.5,0.2,0.7,6.6,3.0,77.0
8309,STU_08310,4.1,3.5,0.0,7.8,4.0,79.0
8310,STU_08311,3.1,0.5,0.3,6.8,4.0,72.0
8311,STU_08312,8.5,0.4,0.8,7.3,3.0,98.0
8312,STU_08313,4.9,3.8,0.0,7.0,5.0,85.0
8313,STU_08314,3.2,2.5,0.8,7.5,4.0,76.0
8314,STU_08315,5.8,0.2,1.0,7.8,2.0,89.0
8315,STU_08316,5.7,2.2,0.2,1.216581632653061,5.0,85.0
8316,STU_08317,4.2,3.7,0.4,7.9,4.0,85.0
8317,STU_08318,5.8,0.1,1.0,7.2,5.0,85.0
8318,STU_08319,3.3,2.6,1.5,8.2,4.0,72.0
8319,STU_08320,3.8,1.2,0.5,6.2,6.0,82.0
8320,STU_08321,1.5,1.7,1.4,7.4,4.0,60.0
8321,STU_08322,2.5,1.0,1.3,6.2,4.0,62.0
8322,STU_08323,7.2,1.8,1.2,1.216581632653061,6.0,93.0
8323,STU_08324,7.0,0.1,1.2165816326530612,1.216581632653061,2.0,95.0
8324,STU_08325,4.6,2.2,0.1,8.8,4.0,77.0
8325,STU_08326,7.0,0.1,2.6,8.8,3.0,95.0
8326,STU_08327,4.3,0.9,1.7,8.3,4.0,74.0
8327,STU_08328,4.1,0.2,2.0,7.6,2.0,75.0
8328,STU_08329,4.6,2.6,1.1,7.2,5.0,90.0
8329,STU_08330,4.3,0.6,1.1,8.9,4.010084804033921,73.0
8330,STU_08331,4.2,0.9,1.6,8.1,4.010084804033921,68.0
8331,STU_08332,6.2,0.8,0.0,1.216581632653061,4.0,94.0
8332,STU_08333,4.7,2.2,0.3,8.8,2.0,76.0
8333,STU_08334,5.6,1.0,0.6,8.4,3.0,82.0
8334,STU_08335,6.0,2.3,0.8,7.4,4.0,93.0
8335,STU_08336,5.1,0.1,0.5,7.4,3.0,83.0
8336,STU_08337,3.0,0.3,1.5,7.1,5.0,59.0
8337,STU_08338,2.5,1.2,1.3,7.0,4.0,65.0
8338,STU_08339,4.7,4.4,2.3,6.7,6.0,88.0
8339,STU_08340,4.2,0.1,3.0,8.2,3.0,84.0
8340,STU_08341,4.6,0.1,0.2,6.5,4.0,73.0
8341,STU_08342,4.5,0.3,1.3,5.7,2.0,82.0
8342,STU_08343,8.4,1.5,1.3,1.216581632653061,5.0,100.0
8343,STU_08344,2.5,0.8,1.2,7.1,5.0,70.0
8344,STU_08345,1.5,2.6,1.2165816326530612,8.3,3.0,59.0
8345,STU_08346,5.0,0.1,0.5,7.6,2.0,79.0
8346,STU_08347,3.9,0.3,1.4,7.9,3.0,76.0
8347,STU_08348,5.0,0.5,0.4,8.2,4.0,84.0
8348,STU_08349,5.4,1.5,1.3,6.3,5.0,87.0
8349,STU_08350,6.4,1.7,1.0,8.7,3.0,89.0
8350,STU_08351,2.2,0.2,1.3,7.0,3.0,62.0
8351,STU_08352,3.7,4.3,0.4,8.2,3.0,86.0
8352,STU_08353,5.1,0.6,1.3,7.4,3.0,83.0
8353,STU_08354,5.7,1.9,0.5,7.0,4.0,85.0
8354,STU_08355,7.8,1.1,1.3,6.3,3.0,100.0
8355,STU_08356,5.9,0.4,2.3,1.216581632653061,3.0,89.0
8356,STU_08357,4.4,2.8,1.4,9.1,4.0,75.0
8357,STU_08358,3.2,2.6,1.5,7.4,4.0,75.0
8358,STU_08359,3.7,0.8,1.9,7.7,4.010084804033921,67.0
8359,STU_08360,3.6,1.3,0.1,6.9,5.0,71.0
8360,STU_08361,5.5,0.4,2.6,7.9,2.0,80.0
8361,STU_08362,4.9,1.8,0.4,7.6,3.0,81.0
8362,STU_08363,2.5,0.6,1.9,7.4,5.0,64.0
8363,STU_08364,3.8,2.8,1.8,7.3,4.0,76.0
8364,STU_08365,5.8,0.4,0.5,6.0,2.0,78.0
8365,STU_08366,5.0,0.0,2.0,7.5,3.0,80.0
8366,STU_08367,5.4,0.5,1.2165816326530612,6.3,5.0,78.0
8367,STU_08368,5.1,0.3,2.7,7.4,3.0,90.0
8368,STU_08369,6.9,1.1,1.4,6.7,4.0,92.0
8369,STU_08370,4.9,0.3,1.1,7.0,2.0,79.0
8370,STU_08371,3.9,2.2,0.8,5.9,4.0,80.0
8371,STU_08372,3.1,0.4,0.0,9.0,4.010084804033921,75.0
8372,STU_08373,4.9,1.8,0.9,6.6,5.0,77.0
8373,STU_08374,0.8,1.3,1.0,6.8,4.0,59.0
8374,STU_08375,4.2,6.0,1.4,7.4,7.0,88.0
8375,STU_08376,4.2,6.0,0.1,6.8,4.010084804033921,77.0
8376,STU_08377,2.5,3.1,1.0,4.8,4.010084804033921,62.0
8377,STU_08378,3.1,2.1,1.7,8.4,2.0,70.0
8378,STU_08379,5.7,0.7,1.7,9.1,2.0,84.0
8379,STU_08380,4.8,2.1,0.0,8.9,3.0,82.0
8380,STU_08381,4.7,4.7,1.8,6.9,6.0,83.0
8381,STU_08382,5.0,0.0,1.0,6.7,2.0,83.0
8382,STU_08383,4.6,1.2,1.1,7.4,3.0,76.0
8383,STU_08384,6.4,0.4,0.0,1.216581632653061,4.010084804033921,92.0
8384,STU_08385,4.7,1.2,2.4,6.3,5.0,85.0
8385,STU_08386,2.3,0.9,1.3,6.3,4.0,67.0
8386,STU_08387,6.9,1.3,0.0,7.0,3.0,86.0
8387,STU_08388,5.1,1.2,1.5,7.5,5.0,85.0
8388,STU_08389,3.6,4.8,1.5,1.216581632653061,6.0,76.0
8389,STU_08390,2.6,1.2,2.2,6.7,4.0,65.0
8390,STU_08391,5.1,2.8,1.0,6.7,4.0,86.0
8391,STU_08392,4.3,0.6,1.2,9.1,3.0,81.0
8392,STU_08393,6.9,0.9,0.7,9.8,2.0,86.0
8393,STU_08394,4.0,1.0,1.7,6.9,4.0,76.0
8394,STU_08395,3.2,0.5,0.6,8.1,3.0,78.0
8395,STU_08396,5.8,0.7,0.5,6.8,2.0,82.0
8396,STU_08397,5.9,1.4,1.1,8.1,3.0,87.0
8397,STU_08398,4.8,1.3,0.2,7.1,3.0,78.0
8398,STU_08399,5.5,1.5,2.5,6.3,5.0,88.0
8399,STU_08400,4.4,0.7,2.7,9.3,2.0,73.0
8400,STU_08401,4.9,0.6,0.8,6.3,4.0,74.0
8401,STU_08402,6.2,1.4,0.1,5.1,6.0,93.0
8402,STU_08403,5.4,0.2,1.5,8.4,3.0,84.0
8403,STU_08404,4.2,0.4,0.8,7.3,5.0,71.0
8404,STU_08405,6.5,0.1,2.1,6.9,4.0,89.0
8405,STU_08406,1.0,0.1,0.6,10.0,3.0,51.0
8406,STU_08407,7.6,0.4,1.6,8.3,3.0,100.0
8407,STU_08408,1.9,0.0,1.3,7.7,5.0,63.0
8408,STU_08409,3.6,0.4,0.7,7.0,4.0,69.0
8409,STU_08410,4.4,1.6,1.4,7.7,4.0,77.0
8410,STU_08411,4.3,0.1,1.9,5.9,5.0,74.0
8411,stu_08412 ,6.0,0.9,1.3,7.0,4.0,83.0
8412,STU_08413,2.9,3.7,1.3,6.6,6.0,78.0
8413,STU_08414,4.9,2.4,0.5,7.4,3.0,88.0
8414,STU_08415,3.6,0.5,2.1,7.3,4.0,71.0
8415,STU_08416,4.9,3.9,2.0,5.7,5.0,84.0
8416,STU_08417,4.4,0.6,1.2165816326530612,8.6,3.0,73.0
8417,STU_08418,4.6,0.1,1.1,6.1,5.0,77.0
8418,STU_08419,3.7,6.0,2.3,5.5,4.010084804033921,59.0
8419,STU_08420,3.7,3.1,0.3,6.5,4.0,82.0
8420,STU_08421,4.9,0.9,1.7,8.4,2.0,77.0
8421,STU_08422,5.9,1.6,0.8,6.9,5.0,81.0
8422,STU_08423,3.6,1.7,2.6,7.4,3.0,70.0
8423,STU_08424,3.2,0.3,1.3,8.0,4.010084804033921,72.0
8424,STU_08425,5.4,0.3,2.2,5.6,5.0,83.0
8425,STU_08426,4.5,1.0,0.6,7.5,3.0,82.0
8426,STU_08427,5.7,3.6,0.2,5.1,7.0,90.0
8427,STU_08428,3.1,0.0,1.0,8.1,3.0,75.0
8428,STU_08429,1.8,2.3,1.4,6.3,6.0,58.0
8429,STU_08430,3.7,0.1,0.8,9.0,4.010084804033921,62.0
8430,STU_08431,3.4,1.0,1.8,7.2,4.0,77.0
8431,STU_08432,4.4,1.5,1.0,6.6,4.0,75.0
8432,STU_08433,3.5,1.7,0.0,8.7,2.0,74.0
8433,STU_08434,5.6,0.1,1.6,6.8,2.0,84.0
8434,STU_08435,4.1,0.8,0.5,8.6,3.0,77.0
8435,STU_08436,4.7,1.3,0.9,7.9,4.0,78.0
8436,STU_08437,4.7,0.1,2.4,7.1,4.0,75.0
8437,STU_08438,4.8,0.2,2.6,6.1,5.0,75.0
8438,STU_08439,4.5,1.6,0.7,8.6,4.010084804033921,82.0
8439,STU_08440,5.3,1.1,1.7,7.8,2.0,86.0
8440,STU_08441,3.3,0.3,0.8,7.0,4.0,69.0
8441,STU_08442,6.6,1.1,1.0,7.7,3.0,89.0
8442,STU_08443,4.1,3.7,0.7,7.8,4.0,83.0
8443,STU_08444,2.5,0.0,0.0,8.1,2.0,59.0
8444,STU_08445,4.8,1.5,1.3,7.5,4.0,89.0
8445,STU_08446,3.2,0.1,1.4,8.7,2.0,71.0
8446,STU_08447,5.5,0.0,0.7,9.4,4.010084804033921,82.0
8447,STU_08448,7.8,0.2,2.1,7.4,4.010084804033921,100.0
8448,STU_08449,3.3,0.8,0.9,6.2,5.0,74.0
8449,STU_08450,5.0,2.4,0.7,5.8,6.0,85.0
8450,STU_08451,1.9,0.5,1.6,6.8,3.0,54.0
8451,STU_08452,5.2,1.5,0.0,6.6,3.0,85.0
8452,STU_08453,3.2,0.8,1.2165816326530612,5.7,6.0,76.0
8453,STU_08454,3.6,0.4,0.9,9.6,2.0,70.0
8454,STU_08455,2.8,1.1,2.0,7.8,4.010084804033921,73.0
8455,STU_08456,5.6,2.4,2.2,6.3,6.0,91.0
8456,STU_08457,6.0,2.7,1.7,6.8,5.0,91.0
8457,STU_08458,4.5,2.8,0.6,5.3,6.0,82.0
8458,STU_08459,3.2,0.6,0.2,8.9,2.0,72.0
8459,STU_08460,6.9,2.4,0.1,5.3,5.0,97.0
8460,STU_08461,3.4,0.4,2.1,8.0,3.0,78.0
8461,STU_08462,1.3,2.0,1.1,5.3,5.0,64.0
8462,STU_08463,5.2,4.4,0.7,6.1,7.0,91.0
8463,STU_08464,2.8,0.0,1.1,9.0,2.0,71.0
8464,STU_08465,6.0,0.9,2.1,5.7,4.0,90.0
8465,STU_08466,3.9,1.6,1.8,7.0,3.0,68.0
8466,STU_08467,5.4,1.8,1.6,7.8,4.0,85.0
8467,STU_08468,6.6,0.3,1.7,8.0,4.0,88.0
8468,STU_08469,2.7,5.4,1.3,6.2,6.0,75.0
8469,stu_08470 ,3.7,1.4,1.4,7.8,3.0,72.0
8470,STU_08471,4.4,0.3,1.4,7.0,4.0,79.0
8471,STU_08472,6.8,0.0,1.2,9.7,4.010084804033921,89.0
8472,STU_08473,3.5,2.3,1.8,5.3,7.0,81.0
8473,STU_08474,3.6,0.1,1.5,8.8,2.0,78.0
8474,STU_08475,5.2,0.2,0.5,8.0,2.0,76.0
8475,STU_08476,3.6,1.3,1.6,7.9,4.0,75.0
8476,STU_08477,4.7,1.4,1.4,8.1,4.010084804033921,79.0
8477,STU_08478,2.2,1.7,1.7,7.7,6.0,67.0
8478,STU_08479,7.8,0.8,1.1,6.7,4.0,100.0
8479,STU_08480,2.5,2.2,1.8,6.7,5.0,63.0
8480,STU_08481,4.0,5.5,1.2,4.7,4.010084804033921,54.0
8481,STU_08482,4.5,0.5,1.8,7.2,3.0,74.0
8482,STU_08483,7.4,1.8,0.8,7.6,6.0,95.0
8483,STU_08484,2.5,4.0,0.9,7.2,6.0,69.0
8484,STU_08485,7.5,1.7,1.7,7.5,4.0,100.0
8485,STU_08486,5.6,1.7,0.9,5.5,6.0,87.0
8486,STU_08487,5.1,0.4,3.0,6.7,4.0,78.0
8487,STU_08488,3.0,1.1,1.7,6.7,3.0,69.0
8488,STU_08489,5.4,1.2,1.2,6.1,4.0,75.0
8489,STU_08490,3.4,1.8,1.9,6.3,6.0,81.0
8490,STU_08491,6.4,6.0,1.2165816326530612,1.216581632653061,6.0,97.0
8491,STU_08492,3.0,0.1,1.9,9.0,4.010084804033921,72.0
8492,STU_08493,4.3,0.1,1.9,1.216581632653061,4.0,79.0
8493,STU_08494,3.7,0.1,2.2,6.4,5.0,72.0
8494,STU_08495,3.0,2.0,0.8,6.6,5.0,62.0
8495,STU_08496,5.6,0.2,0.2,8.2,3.0,82.0
8496,STU_08497,5.3,1.5,0.7,8.6,3.0,85.0
8497,STU_08498,6.3,0.6,1.0,7.5,4.0,89.0
8498,STU_08499,1.8,0.9,2.5,5.8,5.0,67.0
8499,STU_08500,6.1,0.4,3.0,6.1,4.0,87.0
8500,STU_08501,8.3,3.0,1.5,7.0,6.0,100.0
8501,STU_08502,3.8,1.3,1.2,8.4,3.0,71.0
8502,STU_08503,7.3,4.3,0.9,8.3,3.0,100.0
8503,STU_08504,4.1,1.3,1.9,6.1,6.0,72.0
8504,STU_08505,2.4,0.2,3.0,7.5,4.0,69.0
8505,STU_08506,4.0,0.3,2.6,6.4,5.0,72.0
8506,STU_08507,6.1,6.0,2.1,4.9,4.010084804033921,80.0
8507,STU_08508,3.2,1.9,2.1,6.0,7.0,66.0
8508,STU_08509,3.6,0.1,1.9,7.3,2.0,70.0
8509,STU_08510,5.4,1.8,1.2,6.3,7.0,91.0
8510,STU_08511,4.5,0.8,0.6,10.0,4.010084804033921,81.0
8511,STU_08512,5.4,0.6,1.2,1.216581632653061,2.0,85.0
8512,STU_08513,4.9,0.3,1.5,8.6,2.0,79.0
8513,STU_08514,5.2,2.7,0.0,6.5,4.0,81.0
8514,STU_08515,3.9,0.1,1.1,10.0,4.010084804033921,70.0
8515,STU_08516,4.8,0.5,0.5,8.1,2.0,78.0
8516,STU_08517,3.1,0.5,2.0,8.3,2.0,67.0
8517,STU_08518,6.4,0.3,0.8,7.2,3.0,86.0
8518,STU_08519,3.5,1.1,1.5,8.4,3.0,69.0
8519,STU_08520,6.2,0.0,0.6,8.2,3.0,87.0
8520,STU_08521,4.1,0.5,2.5,7.0,4.0,73.0
8521,STU_08522,4.8,4.1,0.0,5.7,6.0,89.0
8522,STU_08523,3.8,0.6,1.6,7.3,4.0,78.0
8523,STU_08524,3.0,0.7,0.2,7.4,4.010084804033921,71.0
8524,STU_08525,1.9,1.0,0.8,8.4,4.010084804033921,65.0
8525,STU_08526,2.9,1.2,1.4,7.1,2.0,63.0
8526,STU_08527,4.0,2.5,1.4,5.1,6.0,87.0
8527,STU_08528,4.8,0.3,1.4,8.3,3.0,78.0
8528,STU_08529,6.0,3.1,1.3,8.1,4.010084804033921,94.0
8529,STU_08530,3.8,2.1,0.7,5.6,6.0,80.0
8530,STU_08531,3.2,1.9,1.1,9.0,2.0,68.0
8531,STU_08532,2.3,0.1,1.2,9.1,4.010084804033921,62.0
8532,STU_08533,5.2,0.0,1.4,7.1,4.010084804033921,83.0
8533,STU_08534,6.6,1.4,1.1,6.2,7.0,85.0
8534,STU_08535,6.4,3.0,1.8,7.8,4.0,93.0
8535,STU_08536,5.6,1.3,1.3,6.0,4.0,76.0
8536,STU_08537,5.5,0.4,1.4,7.0,4.0,83.0
8537,STU_08538,7.0,0.1,0.9,6.5,5.0,98.0
8538,STU_08539,5.0,1.8,0.4,7.4,2.0,83.0
8539,STU_08540,5.5,1.9,1.3,8.6,4.010084804033921,80.0
8540,STU_08541,4.0,0.3,2.2,7.9,3.0,72.0
8541,STU_08542,2.5,0.0,1.6,8.7,2.0,67.0
8542,STU_08543,3.5,0.8,0.5,7.3,4.0,73.0
8543,STU_08544,4.5,1.3,1.9,7.3,5.0,81.0
8544,STU_08545,4.6,1.8,0.9,6.0,6.0,80.0
8545,STU_08546,7.4,2.5,1.8,6.8,4.0,95.0
8546,STU_08547,4.6,1.4,0.9,6.6,3.0,80.0
8547,STU_08548,6.3,0.2,1.5,1.216581632653061,2.0,88.0
8548,STU_08549,3.8,1.7,0.8,7.1,5.0,80.0
8549,STU_08550,4.0,6.0,0.8,5.7,4.010084804033921,73.0
8550,STU_08551,2.5,3.5,0.0,9.0,4.0,71.0
8551,STU_08552,3.4,3.1,1.6,8.5,4.0,74.0
8552,STU_08553,5.3,0.5,1.5,9.0,4.010084804033921,92.0
8553,STU_08554,4.5,2.1,1.5,8.9,2.0,77.0
8554,STU_08555,5.9,2.9,1.4,8.3,2.0,88.0
8555,STU_08556,4.8,1.7,0.6,7.3,4.0,77.0
8556,STU_08557,4.0,0.4,2.0,7.4,3.0,80.0
8557,STU_08558,7.7,4.6,2.0,6.5,4.010084804033921,100.0
8558,STU_08559,4.4,0.9,0.6,7.4,4.0,77.0
8559,STU_08560,6.2,0.2,1.6,6.6,6.0,93.0
8560,STU_08561,3.9,0.2,1.9,7.9,3.0,75.0
8561,STU_08562,5.6,1.6,0.8,5.8,6.0,89.0
8562,STU_08563,5.9,0.9,1.0,7.7,3.0,83.0
8563,STU_08564,4.8,0.1,1.6,1.216581632653061,4.0,80.0
8564,STU_08565,1.0,2.0,0.0,7.3,3.0,66.0
8565,stu_08566 ,4.5,2.4,0.3,7.4,5.0,87.0
8566,STU_08567,6.3,1.9,0.4,7.0,3.0,94.0
8567,STU_08568,5.3,0.3,0.0,6.3,4.0,86.0
8568,STU_08569,5.2,1.8,2.1,5.9,4.0,93.0
8569,STU_08570,1.9,0.0,1.2165816326530612,8.5,2.0,65.0
8570,STU_08571,3.4,0.5,1.5,7.0,3.0,69.0
8571,STU_08572,5.1,0.8,1.8,8.0,3.0,87.0
8572,STU_08573,5.1,2.7,1.0,7.0,4.0,84.0
8573,STU_08574,6.3,0.7,0.7,7.4,3.0,91.0
8574,STU_08575,4.3,0.0,1.4,8.1,3.0,76.0
8575,STU_08576,5.1,0.7,1.2,6.9,4.0,79.0
8576,STU_08577,4.5,1.0,2.0,7.7,5.0,80.0
8577,STU_08578,3.0,4.5,0.0,1.216581632653061,6.0,79.0
8578,STU_08579,1.1,4.2,0.5,9.2,3.0,66.0
8579,STU_08580,5.1,0.3,1.6,6.4,5.0,83.0
8580,STU_08581,4.8,0.3,1.2,7.3,3.0,78.0
8581,STU_08582,3.6,0.3,1.8,7.2,3.0,65.0
8582,STU_08583,2.1,2.3,1.4,5.7,6.0,66.0
8583,STU_08584,5.4,0.0,1.1,8.5,2.0,85.0
8584,STU_08585,4.1,0.2,1.0,7.3,3.0,66.0
8585,STU_08586,5.3,1.2,3.0,4.7,6.0,83.0
8586,STU_08587,7.3,0.4,2.4,8.1,4.0,94.0
8587,STU_08588,1.3,0.1,1.6,7.0,3.0,54.0
8588,STU_08589,3.5,0.7,1.3,7.4,3.0,75.0
8589,STU_08590,4.2,0.5,1.6,8.2,2.0,80.0
8590,STU_08591,6.7,1.1,1.9,6.9,5.0,99.0
8591,STU_08592,2.0,5.8,1.5,5.6,4.010084804033921,55.0
8592,STU_08593,7.4,0.2,0.6,10.0,4.010084804033921,100.0
8593,STU_08594,4.7,0.7,2.6,5.1,5.0,76.0
8594,STU_08595,4.4,4.0,1.4,5.2,4.010084804033921,65.0
8595,STU_08596,4.2,3.1,2.8,5.4,7.0,83.0
8596,STU_08597,3.8,0.8,1.3,9.3,4.010084804033921,72.0
8597,STU_08598,6.1,1.8,1.0,6.6,5.0,88.0
8598,STU_08599,2.9,0.1,2.3,7.7,2.0,71.0
8599,STU_08600,5.0,1.9,1.4,6.7,5.0,83.0
8600,STU_08601,3.9,5.4,1.3,6.7,7.0,78.0
8601,STU_08602,3.4,1.2,0.2,7.6,4.0,70.0
8602,STU_08603,8.4,1.0,1.7,7.6,3.0,100.0
8603,STU_08604,5.1,0.3,0.8,9.0,2.0,84.0
8604,STU_08605,5.4,1.5,0.8,7.8,4.0,83.0
8605,STU_08606,6.2,1.3,0.8,6.7,4.0,79.0
8606,STU_08607,2.4,1.6,1.6,7.5,4.0,70.0
8607,STU_08608,7.1,0.0,0.0,10.0,4.010084804033921,95.0
8608,STU_08609,0.7,1.2,1.0,8.0,2.0,52.0
8609,STU_08610,3.3,1.4,2.0,7.3,3.0,68.0
8610,STU_08611,3.8,0.3,0.2,6.5,5.0,79.0
8611,STU_08612,5.4,0.4,1.3,8.4,4.010084804033921,82.0
8612,STU_08613,4.8,0.5,0.7,8.6,4.010084804033921,83.0
8613,STU_08614,4.2,1.9,0.9,7.6,2.0,76.0
8614,STU_08615,4.5,1.4,2.5,7.2,5.0,82.0
8615,STU_08616,3.0,2.8,0.0,10.0,3.0,69.0
8616,STU_08617,2.3,0.5,1.8,8.3,2.0,66.0
8617,STU_08618,5.6,3.6,0.8,8.0,7.0,90.0
8618,STU_08619,5.5,2.0,0.8,7.3,5.0,78.0
8619,STU_08620,6.9,0.8,0.3,7.6,3.0,93.0
8620,STU_08621,3.3,0.2,1.8,8.2,4.0,67.0
8621,STU_08622,5.5,0.4,1.0,7.5,2.0,88.0
8622,STU_08623,4.1,4.7,0.9,6.3,6.0,82.0
8623,STU_08624,6.3,0.6,1.3,8.0,3.0,88.0
8624,STU_08625,6.0,0.6,1.1,1.216581632653061,3.0,93.0
8625,STU_08626,4.8,0.3,0.0,8.1,4.010084804033921,72.0
8626,STU_08627,4.0,2.5,0.8,7.2,3.0,85.0
8627,STU_08628,5.9,0.5,1.9,8.4,2.0,94.0
8628,STU_08629,5.5,0.6,0.0,7.2,4.0,82.0
8629,STU_08630,3.5,0.8,0.3,1.216581632653061,4.0,76.0
8630,STU_08631,2.5,0.9,0.9,7.3,2.0,68.0
8631,STU_08632,4.1,0.8,0.6,8.0,3.0,66.0
8632,STU_08633,6.8,1.1,1.2,8.4,4.0,92.0
8633,STU_08634,6.2,2.5,0.3,6.5,4.0,86.0
8634,STU_08635,2.8,2.6,0.9,7.6,6.0,65.0
8635,STU_08636,2.7,2.4,1.2,8.2,4.0,69.0
8636,STU_08637,6.4,0.2,1.7,1.216581632653061,4.010084804033921,88.0
8637,STU_08638,2.8,2.4,2.2,6.0,5.0,75.0
8638,STU_08639,5.3,0.2,1.0,7.1,3.0,79.0
8639,STU_08640,3.6,0.2,2.7,7.8,3.0,70.0
8640,STU_08641,6.9,4.4,1.1,8.1,2.0,100.0
8641,STU_08642,3.3,2.6,1.9,6.9,4.0,73.0
8642,STU_08643,6.2,1.2,2.7,6.9,4.0,87.0
8643,STU_08644,4.8,3.1,1.3,5.4,4.010084804033921,79.0
8644,STU_08645,4.9,6.0,0.1,5.8,7.0,90.0
8645,STU_08646,1.5,1.4,1.3,6.6,4.0,62.0
8646,STU_08647,1.2,1.4,0.7,7.5,3.0,63.0
8647,STU_08648,4.2,2.1,1.0,5.7,6.0,73.0
8648,STU_08649,4.9,0.4,2.8,7.0,4.0,77.0
8649,STU_08650,2.8,0.3,0.2,6.9,3.0,75.0
8650,STU_08651,2.9,2.1,1.4,8.0,3.0,58.0
8651,STU_08652,5.3,0.6,0.5,6.9,4.0,80.0
8652,STU_08653,5.3,0.2,1.0,7.2,2.0,78.0
8653,stu_08654 ,4.3,0.6,1.8,7.8,2.0,77.0
8654,STU_08655,5.7,0.7,1.5,7.1,3.0,87.0
8655,STU_08656,2.7,5.0,1.0,8.6,3.0,78.0
8656,STU_08657,4.0,1.8,0.7,8.3,2.0,75.0
8657,STU_08658,7.0,1.1,1.5,7.4,5.0,90.0
8658,STU_08659,4.6,5.2,2.6,6.3,4.010084804033921,72.0
8659,STU_08660,4.7,3.5,0.5,4.5,4.010084804033921,76.0
8660,STU_08661,8.0,1.1,2.7,1.216581632653061,3.0,100.0
8661,STU_08662,2.4,3.5,2.2,1.216581632653061,5.0,67.0
8662,STU_08663,5.7,0.8,2.3,1.216581632653061,2.0,85.0
8663,STU_08664,7.0,0.4,1.4,8.2,3.0,93.0
8664,STU_08665,4.0,0.4,2.1,8.1,3.0,73.0
8665,STU_08666,5.8,1.6,0.4,7.0,3.0,93.0
8666,STU_08667,3.0,1.0,0.7,7.9,2.0,75.0
8667,STU_08668,3.5,1.6,1.8,8.2,2.0,77.0
8668,STU_08669,5.1,1.7,1.4,7.6,4.0,87.0
8669,STU_08670,5.7,0.0,1.1,7.5,3.0,81.0
8670,STU_08671,6.2,0.1,0.0,8.3,3.0,83.0
8671,STU_08672,6.9,1.1,0.9,8.9,4.010084804033921,90.0
8672,STU_08673,4.4,0.3,0.3,8.6,4.010084804033921,78.0
8673,STU_08674,6.3,1.5,1.6,6.1,5.0,89.0
8674,STU_08675,4.0,1.2,1.0,8.0,2.0,78.0
8675,STU_08676,5.9,1.3,0.7,7.9,4.0,88.0
8676,STU_08677,4.8,0.5,3.0,8.4,4.0,74.0
8677,STU_08678,5.2,1.5,2.0,7.2,3.0,88.0
8678,STU_08679,5.1,2.7,2.0,6.4,5.0,83.0
8679,STU_08680,2.1,6.0,3.0,4.2,4.010084804033921,51.0
8680,STU_08681,2.8,2.7,1.8,6.1,6.0,68.0
8681,STU_08682,4.7,1.2,0.6,8.7,2.0,76.0
8682,STU_08683,2.0,0.3,0.5,8.0,3.0,59.0
8683,STU_08684,5.7,1.7,2.0,7.0,5.0,81.0
8684,STU_08685,5.8,4.2,0.0,8.0,4.0,85.0
8685,STU_08686,5.0,0.4,1.1,8.8,2.0,82.0
8686,STU_08687,2.8,0.4,0.0,7.1,3.0,64.0
8687,STU_08688,6.6,0.2,1.3,8.9,3.0,91.0
8688,STU_08689,7.6,2.0,1.9,5.4,6.0,99.0
8689,STU_08690,4.7,0.8,1.4,7.9,3.0,83.0
8690,STU_08691,5.3,0.1,2.0,7.9,4.0,78.0
8691,STU_08692,4.8,3.1,2.8,7.7,5.0,88.0
8692,STU_08693,5.3,1.2,1.1,7.8,3.0,80.0
8693,STU_08694,4.3,0.6,3.0,7.0,5.0,66.0
8694,STU_08695,4.4,0.6,1.4,7.4,4.0,78.0
8695,STU_08696,5.9,0.5,2.0,10.0,4.010084804033921,82.0
8696,STU_08697,8.0,0.9,0.7,7.7,3.0,100.0
8697,STU_08698,2.4,0.6,2.5,7.9,2.0,67.0
8698,STU_08699,4.3,1.2,2.0,1.216581632653061,4.010084804033921,70.0
8699,STU_08700,2.7,2.2,2.4,6.0,6.0,71.0
8700,STU_08701,6.9,1.7,1.2,7.8,3.0,92.0
8701,STU_08702,3.6,0.5,0.2,6.2,4.0,79.0
8702,STU_08703,2.3,1.1,1.6,7.9,4.0,64.0
8703,STU_08704,5.5,2.8,0.0,6.4,4.0,89.0
8704,STU_08705,7.1,0.1,0.9,6.7,6.0,90.0
8705,STU_08706,5.5,0.1,1.4,7.0,2.0,83.0
8706,STU_08707,4.8,1.2,3.0,8.6,4.0,76.0
8707,STU_08708,5.1,1.5,1.5,7.6,3.0,84.0
8708,STU_08709,6.6,0.4,1.3,6.7,3.0,91.0
8709,STU_08710,3.2,2.1,1.1,7.9,4.0,74.0
8710,STU_08711,4.3,1.6,0.1,8.3,2.0,80.0
8711,STU_08712,3.8,3.9,1.3,6.2,4.010084804033921,71.0
8712,STU_08713,2.7,0.3,1.3,8.6,4.010084804033921,75.0
8713,STU_08714,4.0,2.1,0.4,8.3,3.0,77.0
8714,STU_08715,6.2,0.1,0.3,8.8,4.010084804033921,87.0
8715,STU_08716,5.3,1.2,0.8,6.8,4.0,84.0
8716,STU_08717,5.5,1.2,1.3,6.2,5.0,85.0
8717,STU_08718,4.7,0.7,0.8,5.9,3.0,78.0
8718,STU_08719,5.3,2.8,0.4,6.4,5.0,84.0
8719,STU_08720,3.3,0.0,1.4,7.3,4.0,73.0
8720,STU_08721,4.0,1.1,1.6,7.1,4.0,76.0
8721,STU_08722,4.8,0.4,1.3,7.6,3.0,83.0
8722,STU_08723,4.9,2.0,0.7,9.0,4.010084804033921,75.0
8723,STU_08724,5.0,0.1,1.7,7.3,4.0,86.0
8724,STU_08725,4.3,2.7,1.0,1.216581632653061,7.0,83.0
8725,STU_08726,3.9,2.7,1.2165816326530612,5.3,7.0,77.0
8726,STU_08727,9.2,2.7,2.0,9.0,4.0,100.0
8727,STU_08728,5.9,0.2,1.5,6.3,5.0,88.0
8728,STU_08729,5.1,1.5,1.1,6.6,4.0,79.0
8729,STU_08730,4.2,0.0,0.0,8.7,4.010084804033921,75.0
8730,STU_08731,3.8,2.8,0.6,7.3,5.0,78.0
8731,STU_08732,4.3,1.9,2.8,8.5,2.0,71.0
8732,STU_08733,4.9,1.1,0.0,8.4,3.0,83.0
8733,STU_08734,1.7,2.0,1.0,7.1,5.0,58.0
8734,STU_08735,2.1,0.1,1.2,8.8,2.0,67.0
8735,STU_08736,3.5,1.1,1.5,8.5,3.0,78.0
8736,STU_08737,4.8,0.5,0.0,7.2,3.0,86.0
8737,STU_08738,4.1,5.4,1.3,7.1,6.0,82.0
8738,STU_08739,6.7,2.9,0.0,6.9,4.0,93.0
8739,STU_08740,2.3,2.0,1.3,7.0,5.0,59.0
8740,STU_08741,3.4,4.1,0.7,6.8,5.0,79.0
8741,STU_08742,6.8,0.6,0.5,7.3,4.010084804033921,86.0
8742,STU_08743,4.7,3.5,1.9,6.2,5.0,78.0
8743,STU_08744,5.8,0.6,1.0,8.6,4.0,85.0
8744,STU_08745,7.6,2.0,1.6,1.216581632653061,6.0,94.0
8745,STU_08746,3.5,2.0,1.6,6.0,3.0,70.0
8746,STU_08747,4.4,0.0,2.2,1.216581632653061,4.0,76.0
8747,STU_08748,4.1,0.7,0.2,7.7,2.0,79.0
8748,STU_08749,1.6,0.0,1.9,8.6,3.0,62.0
8749,STU_08750,4.0,6.0,1.2,6.3,4.010084804033921,76.0
8750,STU_08751,5.8,0.2,0.9,6.4,4.0,90.0
8751,STU_08752,5.3,1.2,0.3,7.7,2.0,84.0
8752,STU_08753,5.4,2.3,1.7,7.5,3.0,84.0
8753,STU_08754,3.9,0.3,0.5,8.0,3.0,71.0
8754,STU_08755,3.5,1.0,1.6,6.9,3.0,75.0
8755,STU_08756,6.4,1.4,2.7,6.8,4.0,86.0
8756,STU_08757,3.8,0.3,2.0,7.0,4.0,74.0
8757,STU_08758,4.9,2.3,2.3,5.5,6.0,81.0
8758,STU_08759,4.7,0.5,0.6,1.216581632653061,6.0,76.0
8759,STU_08760,6.7,0.4,1.8,7.9,2.0,87.0
8760,STU_08761,6.0,1.2,0.3,1.216581632653061,4.010084804033921,91.0
8761,STU_08762,2.6,0.8,1.0,8.1,2.0,63.0
8762,STU_08763,2.7,3.8,2.6,5.7,7.0,71.0
8763,STU_08764,5.4,3.2,0.7,5.6,7.0,85.0
8764,STU_08765,4.4,1.0,2.1,6.9,4.0,82.0
8765,STU_08766,3.8,0.7,2.0,9.5,4.010084804033921,80.0
8766,STU_08767,6.0,0.6,2.1,7.3,4.0,91.0
8767,STU_08768,4.8,0.5,0.2,8.5,4.0,78.0
8768,STU_08769,4.6,1.2,1.6,7.5,4.0,81.0
8769,STU_08770,5.7,2.5,1.1,5.6,5.0,84.0
8770,STU_08771,3.9,0.6,2.1,8.9,4.0,75.0
8771,STU_08772,6.9,0.3,0.0,7.7,3.0,85.0
8772,STU_08773,3.3,1.0,1.5,6.1,3.0,72.0
8773,STU_08774,5.5,0.1,1.4,7.2,2.0,83.0
8774,STU_08775,6.7,1.8,0.0,7.3,4.0,94.0
8775,STU_08776,2.4,1.1,0.5,8.3,4.010084804033921,66.0
8776,STU_08777,4.0,1.0,0.0,7.0,4.0,79.0
8777,STU_08778,6.2,0.5,0.6,10.0,4.010084804033921,85.0
8778,STU_08779,6.2,3.5,1.6,5.7,4.010084804033921,88.0
8779,STU_08780,4.2,0.1,1.4,8.3,2.0,78.0
8780,STU_08781,3.4,3.1,1.3,4.8,5.0,79.0
8781,STU_08782,5.9,0.7,0.4,7.6,4.0,91.0
8782,STU_08783,6.3,3.2,2.1,7.0,7.0,89.0
8783,STU_08784,2.8,2.0,1.2,6.1,4.0,72.0
8784,STU_08785,2.7,0.2,1.2,9.2,4.010084804033921,62.0
8785,STU_08786,4.8,2.7,1.2165816326530612,7.2,5.0,88.0
8786,STU_08787,5.4,1.7,0.4,7.1,5.0,82.0
8787,STU_08788,4.1,0.0,1.4,8.1,5.0,73.0
8788,STU_08789,5.5,0.2,1.5,7.0,4.0,84.0
8789,STU_08790,3.4,1.5,0.8,8.6,5.0,76.0
8790,STU_08791,1.3,1.6,1.7,8.2,3.0,62.0
8791,STU_08792,3.9,2.1,1.6,7.4,4.0,79.0
8792,STU_08793,4.6,1.9,1.1,7.8,3.0,80.0
8793,STU_08794,4.1,1.6,1.1,5.8,5.0,78.0
8794,STU_08795,2.8,2.2,1.6,8.5,3.0,63.0
8795,STU_08796,1.8,1.3,1.8,7.1,3.0,67.0
8796,STU_08797,3.7,0.5,1.3,8.6,4.010084804033921,72.0
8797,STU_08798,5.8,3.7,2.1,7.2,5.0,89.0
8798,STU_08799,6.4,0.0,1.7,8.7,3.0,96.0
8799,STU_08800,6.3,0.7,0.0,1.216581632653061,4.0,78.0
8800,STU_08801,3.3,2.0,0.1,6.5,5.0,73.0
8801,STU_08802,2.8,0.8,2.1,9.6,4.010084804033921,59.0
8802,STU_08803,5.2,0.0,1.0,6.3,4.0,83.0
8803,STU_08804,5.5,0.1,1.3,6.6,6.0,80.0
8804,STU_08805,5.1,1.6,2.1,7.2,6.0,71.0
8805,STU_08806,1.5,5.0,1.2,6.3,7.0,71.0
8806,STU_08807,3.2,1.2,1.2,6.9,3.0,66.0
8807,STU_08808,4.5,1.1,0.5,8.2,4.0,82.0
8808,STU_08809,5.2,0.6,1.5,8.4,3.0,78.0
8809,STU_08810,5.7,0.4,1.7,7.5,2.0,83.0
8810,STU_08811,4.7,0.0,0.7,7.6,4.010084804033921,69.0
8811,STU_08812,5.0,0.5,0.5,7.7,4.010084804033921,82.0
8812,STU_08813,4.6,0.9,3.0,6.6,4.0,77.0
8813,STU_08814,5.5,0.3,1.1,6.0,5.0,82.0
8814,STU_08815,5.0,0.1,0.7,8.1,3.0,80.0
8815,STU_08816,4.6,1.9,1.8,7.8,4.0,74.0
8816,STU_08817,4.1,3.4,1.2,6.6,5.0,82.0
8817,STU_08818,4.6,4.1,0.3,4.4,4.010084804033921,58.0
8818,STU_08819,5.2,1.4,1.6,6.7,5.0,93.0
8819,STU_08820,4.9,0.1,0.5,8.8,4.010084804033921,78.0
8820,STU_08821,5.1,2.0,2.5,5.5,6.0,82.0
8821,STU_08822,6.5,0.2,1.2165816326530612,8.3,4.0,84.0
8822,STU_08823,4.9,1.7,1.0,1.216581632653061,5.0,75.0
8823,STU_08824,3.5,2.3,1.3,7.0,3.0,78.0
8824,STU_08825,5.8,1.9,1.9,6.3,4.0,92.0
8825,STU_08826,2.5,4.6,1.3,5.2,6.0,69.0
8826,STU_08827,2.9,2.0,2.9,8.3,4.0,71.0
8827,STU_08828,5.0,1.8,2.1,7.9,2.0,88.0
8828,STU_08829,5.3,0.5,1.6,8.2,4.010084804033921,83.0
8829,STU_08830,2.6,3.9,0.5,7.7,5.0,74.0
8830,STU_08831,3.9,0.3,1.1,8.2,3.0,74.0
8831,STU_08832,3.6,3.5,1.6,7.6,6.0,74.0
8832,STU_08833,3.8,0.6,0.5,7.1,2.0,75.0
8833,STU_08834,5.9,0.2,2.2,8.9,4.010084804033921,93.0
8834,STU_08835,5.6,2.6,0.4,8.4,2.0,85.0
8835,STU_08836,4.5,0.0,0.7,8.2,4.0,80.0
8836,STU_08837,3.7,2.7,0.8,6.8,5.0,77.0
8837,STU_08838,2.5,0.5,1.2165816326530612,6.3,6.0,63.0
8838,STU_08839,6.6,3.2,0.6,7.1,5.0,98.0
8839,STU_08840,5.4,1.8,0.0,9.2,2.0,88.0
8840,STU_08841,3.4,1.6,2.1,5.9,6.0,75.0
8841,STU_08842,5.6,0.7,0.8,8.6,4.010084804033921,91.0
8842,STU_08843,4.4,0.1,0.3,7.4,4.010084804033921,84.0
8843,STU_08844,4.1,2.7,0.6,6.7,5.0,79.0
8844,STU_08845,5.2,0.3,2.6,6.2,5.0,81.0
8845,STU_08846,3.4,0.7,0.7,6.9,6.0,66.0
8846,STU_08847,4.0,1.4,1.1,8.0,2.0,82.0
8847,STU_08848,4.7,1.0,0.8,8.3,3.0,79.0
8848,STU_08849,3.8,0.3,0.2,8.1,3.0,71.0
8849,STU_08850,5.5,0.2,0.6,7.3,3.0,80.0
8850,STU_08851,7.3,0.2,0.2,6.8,4.0,90.0
8851,STU_08852,3.4,3.0,2.0,6.8,5.0,82.0
8852,STU_08853,2.0,0.0,1.3,7.4,4.0,66.0
8853,STU_08854,1.5,5.7,3.0,5.9,4.010084804033921,54.0
8854,STU_08855,4.3,0.3,0.6,7.5,4.0,70.0
8855,STU_08856,3.5,0.2,0.5,7.5,2.0,72.0
8856,STU_08857,4.8,1.3,2.4,7.3,3.0,77.0
8857,STU_08858,4.7,0.1,2.0,7.9,2.0,77.0
8858,STU_08859,2.1,1.4,1.5,1.216581632653061,2.0,71.0
8859,STU_08860,1.8,2.9,0.3,6.7,4.0,69.0
8860,STU_08861,4.9,0.1,2.6,8.0,2.0,73.0
8861,STU_08862,4.7,2.4,1.1,8.9,2.0,78.0
8862,STU_08863,3.9,0.8,0.9,8.2,2.0,75.0
8863,STU_08864,2.0,0.3,2.1,8.7,4.010084804033921,67.0
8864,STU_08865,5.2,0.3,1.2,7.1,3.0,78.0
8865,STU_08866,6.4,3.8,0.3,6.1,5.0,96.0
8866,STU_08867,4.9,0.2,1.2,1.216581632653061,3.0,78.0
8867,STU_08868,3.2,3.0,0.6,6.9,5.0,81.0
8868,STU_08869,4.6,1.2,0.0,8.7,4.010084804033921,82.0
8869,STU_08870,2.5,0.1,0.5,7.2,2.0,64.0
8870,STU_08871,6.1,0.9,0.8,7.5,3.0,82.0
8871,STU_08872,4.6,2.6,0.3,8.3,4.0,77.0
8872,STU_08873,1.8,1.9,1.7,7.3,5.0,54.0
8873,STU_08874,4.0,1.0,0.6,7.6,3.0,77.0
8874,STU_08875,5.2,2.9,1.6,7.0,5.0,88.0
8875,STU_08876,4.0,0.2,0.2,6.8,2.0,77.0
8876,STU_08877,4.1,3.6,1.9,5.4,7.0,77.0
8877,STU_08878,2.7,2.8,0.2,5.5,4.0,75.0
8878,STU_08879,5.3,1.8,0.0,7.7,3.0,91.0
8879,STU_08880,3.5,2.6,2.2,7.7,5.0,72.0
8880,STU_08881,1.3,1.2,0.5,8.3,4.010084804033921,64.0
8881,STU_08882,3.9,1.7,2.6,8.1,3.0,77.0
8882,STU_08883,6.0,1.2,1.7,8.8,4.010084804033921,86.0
8883,STU_08884,3.9,0.7,1.8,7.6,2.0,79.0
8884,STU_08885,7.1,1.3,2.0,7.1,5.0,90.0
8885,STU_08886,5.1,0.4,1.3,9.1,2.0,76.0
8886,STU_08887,5.0,0.9,1.3,6.8,6.0,80.0
8887,STU_08888,4.3,0.5,2.2,6.2,4.0,76.0
8888,STU_08889,4.4,0.2,1.3,7.3,4.010084804033921,70.0
8889,STU_08890,4.1,0.6,0.6,7.2,4.0,77.0
8890,STU_08891,4.0,2.9,1.7,6.9,5.0,75.0
8891,STU_08892,5.3,0.7,0.0,6.9,3.0,78.0
8892,STU_08893,3.1,2.1,2.3,7.3,6.0,74.0
8893,STU_08894,2.9,0.3,2.3,6.9,4.0,66.0
8894,STU_08895,2.8,0.8,2.2,8.5,3.0,72.0
8895,STU_08896,7.6,0.2,2.1,6.3,4.0,98.0
8896,STU_08897,5.3,0.2,1.1,7.6,2.0,81.0
8897,STU_08898,5.0,1.4,1.1,7.0,4.0,86.0
8898,STU_08899,2.9,1.4,0.2,7.8,4.0,71.0
8899,STU_08900,5.4,0.4,2.6,8.3,3.0,83.0
8900,STU_08901,4.3,1.0,0.8,7.8,3.0,79.0
8901,STU_08902,4.8,3.0,1.5,6.7,3.0,86.0
8902,STU_08903,3.0,0.3,1.4,8.3,4.010084804033921,64.0
8903,STU_08904,4.7,0.0,1.2165816326530612,8.8,4.010084804033921,88.0
8904,STU_08905,3.9,1.6,0.0,7.8,3.0,76.0
8905,STU_08906,3.4,0.1,1.2,8.1,4.010084804033921,71.0
8906,STU_08907,5.6,5.9,0.8,6.7,4.010084804033921,77.0
8907,STU_08908,2.2,1.4,1.2165816326530612,5.7,5.0,66.0
8908,STU_08909,5.3,1.0,2.1,7.0,4.0,84.0
8909,STU_08910,5.5,0.8,1.4,7.8,2.0,80.0
8910,STU_08911,3.2,1.3,1.8,7.0,3.0,67.0
8911,STU_08912,3.3,0.1,1.6,7.4,5.0,66.0
8912,STU_08913,4.2,4.0,0.9,7.0,7.0,80.0
8913,STU_08914,4.9,1.5,0.4,7.9,3.0,83.0
8914,STU_08915,4.3,0.3,1.4,8.1,4.010084804033921,75.0
8915,STU_08916,5.2,1.2,1.3,6.6,4.0,84.0
8916,STU_08917,7.1,0.2,1.9,6.1,5.0,96.0
8917,STU_08918,3.7,0.0,1.1,8.6,2.0,75.0
8918,STU_08919,1.9,1.5,1.0,6.6,2.0,65.0
8919,STU_08920,5.7,1.6,1.0,6.5,6.0,88.0
8920,STU_08921,7.0,1.3,0.5,1.216581632653061,3.0,95.0
8921,STU_08922,5.1,0.3,2.4,8.6,4.010084804033921,80.0
8922,STU_08923,2.9,1.4,2.1,7.4,4.0,67.0
8923,STU_08924,4.3,0.1,0.2,8.3,3.0,76.0
8924,STU_08925,2.8,1.4,1.8,7.9,4.0,72.0
8925,STU_08926,5.5,1.2,0.0,7.6,2.0,87.0
8926,STU_08927,2.5,1.6,2.0,8.1,2.0,69.0
8927,STU_08928,4.0,3.4,0.6,5.7,4.0,77.0
8928,STU_08929,3.0,2.8,1.5,5.8,6.0,71.0
8929,STU_08930,4.7,5.9,0.0,5.1,7.0,86.0
8930,STU_08931,4.0,5.6,0.2,6.7,7.0,80.0
8931,STU_08932,4.8,2.2,1.6,1.216581632653061,3.0,85.0
8932,STU_08933,4.5,4.7,0.6,6.0,4.010084804033921,69.0
8933,STU_08934,3.0,3.0,0.5,6.8,6.0,81.0
8934,STU_08935,5.4,2.0,2.3,8.2,3.0,94.0
8935,STU_08936,4.4,0.1,3.0,1.216581632653061,5.0,77.0
8936,STU_08937,3.0,0.1,1.9,7.9,4.0,70.0
8937,stu_08938 ,7.9,2.7,0.3,6.4,4.0,100.0
8938,STU_08939,5.2,1.0,2.6,1.216581632653061,3.0,80.0
8939,STU_08940,4.3,2.5,0.0,7.9,3.0,82.0
8940,STU_08941,6.6,0.6,1.0,6.2,4.0,96.0
8941,STU_08942,7.3,0.8,1.2,7.3,4.0,88.0
8942,STU_08943,4.3,1.8,2.7,4.8,4.010084804033921,65.0
8943,STU_08944,5.0,3.7,1.9,7.4,5.0,89.0
8944,STU_08945,3.0,0.1,0.8,9.8,4.010084804033921,67.0
8945,STU_08946,4.3,3.0,0.4,4.8,6.0,79.0
8946,STU_08947,4.2,2.4,2.0,5.5,7.0,77.0
8947,STU_08948,4.8,0.6,0.8,7.8,4.010084804033921,75.0
8948,STU_08949,5.0,0.7,1.4,7.5,6.0,79.0
8949,STU_08950,5.3,0.1,0.1,7.5,4.0,77.0
8950,STU_08951,4.9,0.0,1.7,5.9,6.0,84.0
8951,STU_08952,2.7,1.0,1.6,7.7,4.0,68.0
8952,STU_08953,3.1,0.2,0.2,8.8,2.0,69.0
8953,STU_08954,3.7,0.3,2.0,10.0,4.010084804033921,75.0
8954,STU_08955,4.1,2.8,1.6,8.1,3.0,90.0
8955,STU_08956,6.1,1.3,1.8,6.0,4.0,84.0
8956,STU_08957,2.8,1.5,0.9,7.4,4.0,61.0
8957,STU_08958,4.0,0.3,1.3,8.2,2.0,74.0
8958,STU_08959,5.9,2.6,1.3,6.3,6.0,82.0
8959,STU_08960,4.1,3.0,1.1,7.7,3.0,78.0
8960,STU_08961,5.2,1.1,1.3,8.1,4.0,86.0
8961,STU_08962,4.3,3.7,2.2,7.7,4.0,87.0
8962,STU_08963,4.9,2.8,2.1,7.6,4.0,77.0
8963,STU_08964,4.2,2.0,0.3,7.6,4.0,74.0
8964,STU_08965,5.5,2.0,1.2165816326530612,6.4,6.0,87.0
8965,STU_08966,2.2,0.2,2.2,6.2,3.0,66.0
8966,STU_08967,4.0,0.5,1.1,7.9,4.0,78.0
8967,STU_08968,4.9,0.1,1.6,7.2,3.0,86.0
8968,STU_08969,5.3,0.0,1.6,7.4,4.010084804033921,85.0
8969,STU_08970,6.7,0.3,0.5,8.9,4.010084804033921,90.0
8970,STU_08971,3.9,3.2,0.9,8.2,3.0,83.0
8971,STU_08972,6.7,0.4,1.8,6.3,3.0,91.0
8972,STU_08973,3.5,5.3,0.8,6.0,4.010084804033921,72.0
8973,STU_08974,6.5,1.4,2.0,6.8,4.0,89.0
8974,STU_08975,5.7,0.4,2.2,7.7,4.0,86.0
8975,STU_08976,3.1,1.0,2.1,5.0,6.0,64.0
8976,STU_08977,5.0,0.4,2.8,5.9,6.0,84.0
8977,STU_08978,4.4,6.0,1.1,5.9,4.010084804033921,66.0
8978,STU_08979,5.4,2.8,1.3,7.7,5.0,83.0
8979,STU_08980,4.2,0.0,1.5,7.8,4.0,66.0
8980,STU_08981,4.0,4.4,1.2,7.1,6.0,78.0
8981,STU_08982,6.6,1.9,1.6,7.3,4.0,88.0
8982,STU_08983,4.4,0.1,0.0,9.2,4.010084804033921,77.0
8983,STU_08984,5.7,1.7,1.4,8.7,4.010084804033921,82.0
8984,STU_08985,4.2,1.6,0.1,6.8,4.0,76.0
8985,STU_08986,7.0,0.4,0.4,8.7,4.010084804033921,90.0
8986,STU_08987,3.5,2.1,1.8,7.5,5.0,67.0
8987,STU_08988,3.6,0.1,1.0,10.0,4.010084804033921,73.0
8988,STU_08989,6.8,1.0,1.8,6.5,5.0,91.0
8989,STU_08990,3.8,0.0,1.0,7.7,4.010084804033921,73.0
8990,STU_08991,6.9,5.2,2.1,5.0,7.0,100.0
8991,STU_08992,5.8,2.1,1.0,6.2,4.0,88.0
8992,STU_08993,4.3,0.3,0.0,8.3,3.0,75.0
8993,STU_08994,1.8,0.6,1.4,7.7,2.0,65.0
8994,STU_08995,4.5,0.3,0.0,8.5,4.010084804033921,76.0
8995,STU_08996,4.7,2.2,0.0,7.9,3.0,79.0
8996,STU_08997,6.3,0.1,0.5,7.6,4.010084804033921,90.0
8997,STU_08998,6.9,2.8,0.4,6.9,4.0,92.0
8998,STU_08999,3.5,4.3,0.8,5.6,7.0,82.0
8999,STU_09000,5.7,1.7,0.4,1.216581632653061,4.0,87.0
9000,STU_09001,5.6,0.4,0.1,7.8,4.0,91.0
9001,STU_09002,6.1,0.7,2.4,7.5,2.0,87.0
9002,STU_09003,5.2,1.0,0.7,8.3,2.0,87.0
9003,STU_09004,1.6,1.4,0.0,8.2,2.0,55.0
9004,STU_09005,4.3,1.7,0.9,8.9,2.0,83.0
9005,STU_09006,2.8,1.2,0.3,6.6,3.0,71.0
9006,STU_09007,4.2,0.6,0.5,7.5,2.0,74.0
9007,STU_09008,6.0,3.3,1.8,5.8,7.0,94.0
9008,STU_09009,5.0,0.1,0.8,9.1,4.010084804033921,75.0
9009,STU_09010,6.2,0.9,0.3,7.2,2.0,87.0
9010,STU_09011,5.0,2.2,1.6,8.2,5.0,80.0
9011,STU_09012,2.6,0.1,2.1,9.0,2.0,69.0
9012,STU_09013,0.7,1.8,1.6,7.5,4.0,62.0
9013,STU_09014,4.7,2.6,0.0,7.5,5.0,80.0
9014,STU_09015,4.2,1.6,0.3,7.5,3.0,72.0
9015,STU_09016,3.0,0.0,1.2,7.4,2.0,64.0
9016,STU_09017,1.9,0.3,1.0,7.3,3.0,63.0
9017,STU_09018,3.4,0.6,0.9,7.5,2.0,71.0
9018,STU_09019,4.2,0.4,0.4,9.6,4.010084804033921,74.0
9019,STU_09020,5.5,4.9,0.1,5.5,7.0,87.0
9020,STU_09021,4.8,1.6,2.8,7.2,5.0,88.0
9021,STU_09022,6.9,0.5,1.2,8.3,4.010084804033921,90.0
9022,stu_09023 ,2.9,4.0,1.7,6.2,7.0,70.0
9023,STU_09024,5.8,2.0,1.2,7.6,4.0,93.0
9024,STU_09025,4.6,0.5,1.2,6.1,4.0,77.0
9025,STU_09026,5.5,0.7,1.2,8.9,3.0,86.0
9026,STU_09027,3.8,0.3,0.3,9.0,2.0,70.0
9027,STU_09028,6.1,5.3,0.0,6.3,7.0,97.0
9028,STU_09029,4.9,1.1,1.5,6.5,5.0,84.0
9029,STU_09030,3.5,3.4,1.4,7.5,5.0,72.0
9030,STU_09031,4.5,0.6,2.0,6.3,4.0,76.0
9031,STU_09032,4.1,3.0,1.8,5.8,6.0,76.0
9032,STU_09033,5.2,0.1,0.6,7.8,2.0,79.0
9033,STU_09034,2.7,6.0,2.1,7.3,7.0,82.0
9034,STU_09035,4.5,3.6,1.8,7.2,6.0,83.0
9035,STU_09036,5.1,0.7,1.8,6.8,5.0,89.0
9036,STU_09037,4.5,2.2,3.0,1.216581632653061,4.010084804033921,79.0
9037,STU_09038,6.5,2.1,2.8,6.8,5.0,97.0
9038,STU_09039,5.7,3.5,1.8,6.9,7.0,95.0
9039,STU_09040,4.5,0.6,1.7,7.4,3.0,82.0
9040,STU_09041,4.8,0.9,2.1,9.1,4.010084804033921,87.0
9041,STU_09042,4.9,3.0,0.7,6.8,5.0,86.0
9042,STU_09043,5.1,2.3,0.7,4.9,7.0,87.0
9043,STU_09044,1.8,0.7,1.7,7.0,3.0,64.0
9044,STU_09045,4.0,2.8,0.5,7.5,4.0,77.0
9045,STU_09046,2.3,0.1,1.7,8.0,2.0,67.0
9046,STU_09047,6.4,2.3,1.3,6.9,5.0,97.0
9047,STU_09048,4.4,0.3,0.5,7.5,4.0,75.0
9048,STU_09049,4.2,0.5,1.2,1.216581632653061,5.0,73.0
9049,STU_09050,5.8,1.0,2.2,7.3,4.0,84.0
9050,STU_09051,5.1,0.9,1.3,7.1,2.0,88.0
9051,STU_09052,2.8,1.1,1.3,7.7,4.0,68.0
9052,STU_09053,4.4,1.2,1.5,7.8,3.0,74.0
9053,STU_09054,4.0,0.6,1.6,8.7,2.0,71.0
9054,STU_09055,1.9,0.3,0.9,6.8,4.0,58.0
9055,STU_09056,3.5,2.2,1.5,5.8,6.0,71.0
9056,STU_09057,4.2,0.8,0.4,7.1,3.0,71.0
9057,STU_09058,4.3,1.1,0.6,6.8,3.0,80.0
9058,STU_09059,2.3,1.6,0.7,6.6,4.0,65.0
9059,STU_09060,6.2,3.6,1.6,8.0,4.0,95.0
9060,STU_09061,4.3,1.8,1.3,7.3,4.0,70.0
9061,STU_09062,4.6,0.1,1.1,9.7,4.010084804033921,82.0
9062,STU_09063,5.1,2.7,1.8,6.8,4.0,84.0
9063,STU_09064,3.3,6.0,1.5,4.7,4.010084804033921,65.0
9064,STU_09065,5.2,1.0,1.0,6.7,4.0,89.0
9065,STU_09066,3.9,5.2,0.4,1.216581632653061,5.0,83.0
9066,STU_09067,3.2,1.2,0.5,6.4,2.0,79.0
9067,STU_09068,5.4,0.9,0.0,8.3,2.0,76.0
9068,STU_09069,6.7,0.6,1.3,7.2,4.0,90.0
9069,STU_09070,5.6,1.6,0.5,6.5,4.0,79.0
9070,STU_09071,5.9,0.4,0.8,9.1,2.0,87.0
9071,STU_09072,3.7,0.2,1.1,7.1,2.0,73.0
9072,STU_09073,2.1,0.0,2.0,6.8,2.0,58.0
9073,STU_09074,6.7,0.5,1.9,7.4,4.0,100.0
9074,STU_09075,7.6,0.8,1.2,7.0,4.0,95.0
9075,STU_09076,6.8,1.2,2.2,9.4,2.0,84.0
9076,STU_09077,4.0,0.5,0.0,1.216581632653061,2.0,77.0
9077,STU_09078,2.8,6.0,2.7,5.1,4.010084804033921,70.0
9078,STU_09079,2.9,0.5,1.8,7.0,3.0,66.0
9079,STU_09080,2.0,0.9,1.3,5.5,5.0,66.0
9080,STU_09081,4.3,0.2,0.5,8.0,4.010084804033921,72.0
9081,STU_09082,6.9,0.5,0.8,6.9,4.0,90.0
9082,STU_09083,4.3,0.1,1.7,7.7,3.0,77.0
9083,STU_09084,5.0,1.2,1.7,5.3,7.0,85.0
9084,STU_09085,6.6,2.1,1.7,7.0,2.0,92.0
9085,stu_09086 ,3.9,0.3,0.6,9.5,2.0,72.0
9086,STU_09087,7.6,0.7,0.5,7.8,3.0,96.0
9087,STU_09088,7.5,0.0,1.4,6.9,3.0,87.0
9088,STU_09089,4.3,2.7,1.8,6.8,4.0,79.0
9089,STU_09090,3.6,2.3,1.2,7.0,3.0,67.0
9090,STU_09091,5.5,0.1,2.4,9.7,2.0,80.0
9091,STU_09092,4.0,0.7,1.2,7.2,4.0,69.0
9092,STU_09093,2.8,4.7,1.2,5.2,4.010084804033921,68.0
9093,STU_09094,6.4,0.7,1.7,7.5,3.0,87.0
9094,STU_09095,6.3,1.1,2.2,7.4,5.0,95.0
9095,STU_09096,4.7,0.7,0.1,8.3,4.010084804033921,72.0
9096,STU_09097,2.6,1.4,0.3,8.3,2.0,67.0
9097,STU_09098,2.7,5.7,0.9,8.0,5.0,75.0
9098,STU_09099,4.7,6.0,3.0,5.0,4.010084804033921,73.0
9099,STU_09100,3.8,2.2,1.0,6.4,6.0,84.0
9100,STU_09101,4.0,0.8,1.1,5.7,4.0,67.0
9101,STU_09102,6.0,1.0,1.7,1.216581632653061,4.010084804033921,85.0
9102,STU_09103,5.6,0.7,2.0,6.5,3.0,93.0
9103,STU_09104,6.6,6.0,1.3,6.8,7.0,95.0
9104,STU_09105,3.0,1.8,2.1,6.5,5.0,73.0
9105,STU_09106,4.0,0.9,0.2,9.4,4.010084804033921,71.0
9106,STU_09107,5.6,0.0,0.6,6.4,4.0,78.0
9107,STU_09108,5.2,1.1,2.1,8.3,3.0,79.0
9108,STU_09109,6.8,6.0,1.2,6.9,7.0,100.0
9109,STU_09110,5.1,1.1,0.2,8.2,3.0,78.0
9110,STU_09111,7.3,0.3,0.1,6.8,6.0,93.0
9111,STU_09112,5.3,0.0,0.6,8.4,4.010084804033921,81.0
9112,STU_09113,6.1,0.7,1.2,7.7,4.010084804033921,91.0
9113,STU_09114,4.0,3.8,1.6,4.7,4.010084804033921,76.0
9114,STU_09115,4.5,6.0,0.9,7.6,7.0,87.0
9115,STU_09116,5.9,4.4,1.5,6.0,5.0,79.0
9116,STU_09117,6.9,2.0,0.9,8.7,4.010084804033921,91.0
9117,STU_09118,5.6,1.2,2.2,7.1,4.0,81.0
9118,STU_09119,4.4,1.3,3.0,8.0,5.0,83.0
9119,STU_09120,6.6,1.2,0.9,6.6,3.0,87.0
9120,STU_09121,1.2,1.8,1.6,7.3,4.0,67.0
9121,STU_09122,2.4,0.8,1.5,7.6,4.010084804033921,67.0
9122,STU_09123,5.5,1.7,1.3,6.9,4.0,90.0
9123,STU_09124,4.5,0.2,1.7,6.7,4.0,86.0
9124,STU_09125,5.4,0.5,1.6,4.5,4.010084804033921,71.0
9125,STU_09126,4.6,2.7,0.8,6.2,5.0,75.0
9126,STU_09127,5.4,3.5,2.3,7.2,6.0,88.0
9127,STU_09128,3.3,1.2,1.4,6.0,4.0,75.0
9128,STU_09129,5.4,0.0,0.9,1.216581632653061,4.0,80.0
9129,STU_09130,6.0,3.9,3.0,1.216581632653061,4.010084804033921,68.0
9130,STU_09131,6.3,1.8,1.1,7.4,6.0,96.0
9131,STU_09132,7.5,0.8,1.4,6.6,6.0,100.0
9132,STU_09133,4.9,1.4,1.3,8.5,3.0,79.0
9133,STU_09134,4.9,0.8,1.2165816326530612,8.3,2.0,82.0
9134,STU_09135,2.2,0.9,1.6,7.6,4.0,61.0
9135,STU_09136,3.7,3.3,0.5,7.2,5.0,71.0
9136,STU_09137,4.2,0.3,1.7,6.8,4.0,81.0
9137,STU_09138,6.1,0.2,0.0,7.2,2.0,78.0
9138,STU_09139,3.6,0.0,0.2,8.7,4.010084804033921,72.0
9139,STU_09140,5.7,0.6,2.7,8.2,2.0,84.0
9140,STU_09141,4.5,0.2,0.2,8.6,3.0,80.0
9141,STU_09142,4.2,0.4,0.0,7.4,4.0,73.0
9142,STU_09143,4.9,0.0,0.2,7.6,6.0,84.0
9143,STU_09144,3.9,0.4,2.6,6.4,5.0,73.0
9144,STU_09145,3.9,0.6,0.0,8.6,4.010084804033921,80.0
9145,STU_09146,1.9,0.0,0.4,5.9,4.0,63.0
9146,STU_09147,4.1,1.4,0.0,5.4,5.0,73.0
9147,STU_09148,3.8,1.3,1.0,5.4,7.0,77.0
9148,STU_09149,3.7,0.2,0.9,5.6,5.0,74.0
9149,STU_09150,5.1,1.4,0.8,8.8,4.010084804033921,82.0
9150,STU_09151,5.5,6.0,2.7,6.4,7.0,89.0
9151,STU_09152,4.8,4.3,0.2,5.5,5.0,89.0
9152,STU_09153,6.0,0.0,1.1,7.7,3.0,82.0
9153,STU_09154,5.4,2.4,1.5,8.5,2.0,82.0
9154,STU_09155,4.1,0.7,0.4,8.2,2.0,77.0
9155,STU_09156,3.8,0.1,1.6,9.8,4.010084804033921,72.0
9156,STU_09157,5.0,0.5,0.9,7.6,4.0,73.0
9157,STU_09158,5.4,0.6,1.5,6.9,5.0,79.0
9158,STU_09159,6.6,1.1,1.1,6.4,4.0,93.0
9159,STU_09160,6.3,1.6,0.0,7.5,3.0,89.0
9160,STU_09161,3.7,2.1,2.2,7.9,3.0,75.0
9161,STU_09162,4.3,0.4,2.9,7.4,3.0,78.0
9162,STU_09163,5.5,0.6,1.1,7.3,3.0,86.0
9163,STU_09164,6.1,0.6,0.5,9.0,4.010084804033921,88.0
9164,STU_09165,5.9,0.7,2.4,7.8,5.0,73.0
9165,STU_09166,4.4,6.0,2.7,1.216581632653061,6.0,85.0
9166,stu_09167 ,2.6,2.3,1.1,6.3,6.0,67.0
9167,STU_09168,3.0,5.5,1.0,5.9,7.0,76.0
9168,STU_09169,4.9,1.8,1.1,7.7,5.0,86.0
9169,STU_09170,5.0,0.8,0.0,7.0,3.0,77.0
9170,STU_09171,2.9,0.7,1.0,6.4,4.0,69.0
9171,STU_09172,4.6,1.0,2.6,6.7,4.0,81.0
9172,STU_09173,5.4,0.8,1.1,7.5,4.0,83.0
9173,STU_09174,2.8,2.6,0.4,8.5,2.0,65.0
9174,STU_09175,6.2,0.9,1.6,6.2,4.0,84.0
9175,STU_09176,3.9,0.5,0.7,7.9,2.0,74.0
9176,STU_09177,6.4,2.2,1.1,6.8,4.0,89.0
9177,STU_09178,3.7,2.9,0.2,6.9,4.0,69.0
9178,STU_09179,3.0,0.8,0.4,9.2,4.010084804033921,66.0
9179,STU_09180,3.8,1.7,1.8,7.2,4.0,70.0
9180,STU_09181,4.4,0.1,1.3,6.8,4.0,79.0
9181,STU_09182,3.9,1.1,0.6,8.4,2.0,69.0
9182,STU_09183,4.2,0.1,1.3,8.5,4.010084804033921,81.0
9183,STU_09184,5.0,0.0,0.7,6.8,4.010084804033921,89.0
9184,STU_09185,4.2,1.4,0.6,6.3,4.0,75.0
9185,STU_09186,4.4,0.5,2.1,7.8,4.0,75.0
9186,STU_09187,1.9,2.0,1.8,7.0,5.0,68.0
9187,STU_09188,5.1,3.4,1.2,6.3,7.0,90.0
9188,STU_09189,4.4,0.2,1.3,1.216581632653061,3.0,75.0
9189,STU_09190,6.9,1.9,1.2,6.6,6.0,93.0
9190,STU_09191,3.1,1.1,1.6,7.8,4.0,68.0
9191,STU_09192,1.8,0.2,0.6,9.0,3.0,58.0
9192,STU_09193,5.4,1.6,1.9,6.8,5.0,89.0
9193,STU_09194,5.0,1.4,1.5,5.5,4.010084804033921,75.0
9194,STU_09195,3.0,1.1,1.0,7.1,3.0,67.0
9195,STU_09196,2.2,3.9,0.8,6.9,5.0,69.0
9196,STU_09197,6.8,1.1,1.9,8.3,3.0,91.0
9197,STU_09198,6.6,6.0,1.1,5.5,4.010084804033921,100.0
9198,STU_09199,0.8,1.1,0.6,9.3,4.010084804033921,55.0
9199,STU_09200,3.8,0.2,0.9,6.5,4.0,76.0
9200,STU_09201,7.0,1.0,1.8,7.5,3.0,95.0
9201,STU_09202,3.8,0.3,0.0,7.7,2.0,73.0
9202,STU_09203,3.8,1.4,0.9,8.8,2.0,76.0
9203,STU_09204,4.1,1.8,2.1,5.6,7.0,78.0
9204,STU_09205,2.8,0.9,1.1,7.9,3.0,78.0
9205,STU_09206,1.9,0.2,1.4,7.4,4.010084804033921,61.0
9206,STU_09207,6.1,0.9,2.1,8.8,4.0,77.0
9207,STU_09208,1.7,0.1,1.9,6.8,4.0,69.0
9208,STU_09209,4.9,1.7,0.8,7.7,4.0,80.0
9209,STU_09210,5.8,2.3,1.1,6.2,6.0,89.0
9210,STU_09211,2.3,4.9,1.9,6.3,4.010084804033921,61.0
9211,STU_09212,3.1,0.2,2.0,7.2,3.0,67.0
9212,STU_09213,6.3,1.1,1.1,7.0,3.0,85.0
9213,STU_09214,5.3,1.3,1.2,5.4,4.010084804033921,68.0
9214,STU_09215,3.6,3.8,1.4,7.0,5.0,74.0
9215,STU_09216,6.3,1.5,2.3,6.0,6.0,92.0
9216,STU_09217,6.3,0.2,2.1,6.4,6.0,82.0
9217,STU_09218,4.9,0.9,1.8,5.8,5.0,83.0
9218,STU_09219,3.1,1.6,0.3,6.4,4.0,81.0
9219,STU_09220,3.9,1.8,1.0,7.8,4.0,77.0
9220,STU_09221,4.9,3.0,1.0,7.4,5.0,78.0
9221,STU_09222,4.2,0.3,2.3,8.1,3.0,77.0
9222,STU_09223,5.9,4.5,1.0,5.4,7.0,96.0
9223,STU_09224,2.2,0.1,2.2,7.7,2.0,69.0
9224,STU_09225,2.3,6.0,0.7,5.4,7.0,73.0
9225,STU_09226,4.8,2.9,0.8,7.9,5.0,85.0
9226,STU_09227,3.8,1.6,1.6,7.6,3.0,78.0
9227,STU_09228,3.6,2.0,2.5,6.3,6.0,77.0
9228,STU_09229,1.8,0.1,1.0,8.8,4.010084804033921,63.0
9229,STU_09230,4.5,0.1,0.0,8.5,4.0,75.0
9230,STU_09231,4.4,0.2,0.0,6.6,4.0,81.0
9231,STU_09232,5.5,0.1,1.4,6.0,5.0,81.0
9232,STU_09233,4.6,1.2,0.0,1.216581632653061,5.0,90.0
9233,STU_09234,4.3,0.4,0.5,9.4,4.010084804033921,74.0
9234,STU_09235,6.3,3.0,1.2,5.9,7.0,95.0
9235,STU_09236,2.5,0.9,0.0,9.6,4.010084804033921,61.0
9236,STU_09237,5.3,1.8,0.9,6.2,4.0,83.0
9237,STU_09238,2.0,1.6,0.3,6.3,4.0,62.0
9238,STU_09239,3.2,0.6,0.0,8.7,4.010084804033921,65.0
9239,STU_09240,2.7,0.4,0.6,8.7,4.010084804033921,64.0
9240,STU_09241,5.7,0.6,1.2165816326530612,8.3,2.0,86.0
9241,STU_09242,4.4,2.4,1.6,7.6,3.0,79.0
9242,STU_09243,4.5,1.3,2.2,6.4,4.0,84.0
9243,STU_09244,2.8,0.4,0.9,8.5,2.0,64.0
9244,STU_09245,4.1,2.6,0.7,7.3,4.0,81.0
9245,stu_09246 ,3.4,0.1,0.9,7.4,3.0,68.0
9246,STU_09247,5.1,1.8,0.3,7.5,2.0,88.0
9247,STU_09248,3.0,0.9,0.2,1.216581632653061,4.010084804033921,73.0
9248,STU_09249,6.5,2.0,0.0,7.8,3.0,96.0
9249,STU_09250,2.0,3.9,0.1,4.6,7.0,67.0
9250,STU_09251,3.3,2.1,2.5,7.8,3.0,78.0
9251,STU_09252,7.0,0.9,0.6,8.4,2.0,87.0
9252,STU_09253,3.8,0.2,0.0,7.5,4.010084804033921,75.0
9253,STU_09254,2.5,2.5,0.7,7.2,3.0,69.0
9254,STU_09255,4.8,0.9,0.0,7.8,3.0,84.0
9255,STU_09256,3.8,0.1,1.2,5.7,5.0,73.0
9256,STU_09257,3.2,1.9,1.2,6.8,4.0,68.0
9257,STU_09258,2.9,0.5,1.2,7.2,3.0,64.0
9258,STU_09259,8.7,0.1,1.2,7.6,2.0,100.0
9259,STU_09260,4.1,3.5,0.9,6.2,7.0,79.0
9260,STU_09261,1.6,1.0,0.0,1.216581632653061,2.0,65.0
9261,STU_09262,6.7,0.5,1.1,6.8,3.0,95.0
9262,STU_09263,5.4,1.9,2.0,7.9,5.0,86.0
9263,STU_09264,3.4,3.3,2.7,7.1,5.0,75.0
9264,STU_09265,3.1,0.0,1.0,9.2,4.010084804033921,73.0
9265,STU_09266,5.5,1.7,1.1,9.0,4.010084804033921,85.0
9266,STU_09267,4.1,2.2,1.6,8.8,3.0,77.0
9267,STU_09268,1.6,0.4,2.4,6.2,5.0,55.0
9268,STU_09269,7.2,1.0,0.8,7.9,2.0,98.0
9269,STU_09270,3.8,0.1,1.8,6.9,2.0,73.0
9270,STU_09271,6.7,2.1,0.5,10.0,4.010084804033921,98.0
9271,STU_09272,6.4,2.8,1.5,7.5,6.0,88.0
9272,STU_09273,3.0,0.2,2.0,9.0,3.0,66.0
9273,STU_09274,6.0,2.5,0.2,7.6,3.0,94.0
9274,STU_09275,3.5,2.2,0.8,4.5,6.0,76.0
9275,STU_09276,1.7,0.6,2.0,6.6,3.0,56.0
9276,STU_09277,3.9,1.8,1.7,6.4,6.0,80.0
9277,STU_09278,5.1,0.0,2.0,7.2,4.0,75.0
9278,STU_09279,3.8,4.0,1.9,6.8,5.0,82.0
9279,STU_09280,4.0,1.2,0.9,8.0,3.0,72.0
9280,STU_09281,6.2,1.5,3.0,4.3,7.0,94.0
9281,STU_09282,4.7,1.6,1.3,7.0,6.0,81.0
9282,STU_09283,3.2,1.2,0.0,7.1,4.0,73.0
9283,STU_09284,5.6,2.9,1.0,8.3,2.0,87.0
9284,STU_09285,4.8,1.4,0.8,1.216581632653061,2.0,81.0
9285,STU_09286,0.7,3.6,1.8,6.4,5.0,60.0
9286,STU_09287,5.1,1.3,1.2165816326530612,7.7,5.0,86.0
9287,STU_09288,5.1,0.3,2.1,5.8,5.0,81.0
9288,STU_09289,4.5,3.7,1.6,7.2,5.0,89.0
9289,STU_09290,5.8,1.7,0.4,7.0,4.010084804033921,85.0
9290,STU_09291,3.5,1.8,1.1,6.4,4.0,77.0
9291,STU_09292,5.0,6.0,0.6,7.4,6.0,91.0
9292,STU_09293,2.1,0.1,1.3,8.0,3.0,68.0
9293,STU_09294,5.1,0.8,0.6,7.0,4.0,82.0
9294,STU_09295,7.4,0.4,1.3,7.0,2.0,97.0
9295,STU_09296,3.0,1.5,1.0,7.7,3.0,72.0
9296,STU_09297,3.4,2.5,1.1,7.3,3.0,69.0
9297,STU_09298,3.4,5.1,2.8,5.9,7.0,80.0
9298,STU_09299,4.7,0.9,0.9,6.3,4.0,93.0
9299,STU_09300,2.9,2.3,0.0,6.3,6.0,77.0
9300,STU_09301,5.1,3.7,2.0,5.7,7.0,83.0
9301,STU_09302,5.8,1.7,2.0,1.216581632653061,4.0,80.0
9302,STU_09303,5.3,0.4,0.0,7.8,4.0,83.0
9303,STU_09304,1.8,1.4,0.6,7.3,3.0,68.0
9304,STU_09305,6.0,5.3,1.5,6.0,6.0,94.0
9305,STU_09306,5.9,6.0,1.6,7.8,7.0,100.0
9306,STU_09307,5.7,1.5,1.2,8.1,3.0,84.0
9307,STU_09308,5.1,3.3,1.2,8.0,4.0,86.0
9308,STU_09309,4.8,0.3,0.4,8.3,4.010084804033921,79.0
9309,STU_09310,6.0,0.4,0.0,7.9,3.0,90.0
9310,STU_09311,7.4,4.6,2.8,6.5,7.0,100.0
9311,STU_09312,3.1,0.2,0.4,8.1,4.010084804033921,74.0
9312,STU_09313,6.1,0.3,1.3,8.4,3.0,87.0
9313,STU_09314,4.4,0.8,1.1,6.6,4.0,82.0
9314,STU_09315,4.3,1.3,1.9,7.9,2.0,79.0
9315,STU_09316,2.2,1.4,1.3,7.5,4.0,71.0
9316,STU_09317,4.1,0.5,1.2165816326530612,5.8,4.0,81.0
9317,STU_09318,3.0,3.8,0.0,6.9,6.0,74.0
9318,STU_09319,3.8,3.7,0.5,5.5,6.0,76.0
9319,STU_09320,2.9,0.7,1.8,6.9,6.0,69.0
9320,STU_09321,3.8,0.9,1.7,7.2,4.0,78.0
9321,STU_09322,3.9,1.8,0.4,5.9,3.0,70.0
9322,STU_09323,4.6,1.6,0.0,7.5,4.010084804033921,78.0
9323,STU_09324,2.1,0.7,1.2165816326530612,7.6,3.0,66.0
9324,STU_09325,2.3,0.8,0.0,8.5,3.0,55.0
9325,STU_09326,5.0,0.6,0.3,7.3,4.0,77.0
9326,STU_09327,3.3,0.4,2.6,7.6,4.0,68.0
9327,STU_09328,6.1,0.9,2.4,7.2,3.0,88.0
9328,STU_09329,4.8,1.7,1.6,6.7,4.0,80.0
9329,STU_09330,5.4,2.0,1.4,5.4,6.0,84.0
9330,STU_09331,6.6,2.3,0.0,7.2,5.0,88.0
9331,STU_09332,4.0,0.7,0.6,8.4,3.0,82.0
9332,STU_09333,3.6,2.2,1.0,6.2,6.0,73.0
9333,STU_09334,5.8,0.0,0.6,7.7,3.0,77.0
9334,STU_09335,5.3,1.0,0.9,7.5,4.0,88.0
9335,STU_09336,4.2,2.4,2.2,7.9,2.0,76.0
9336,STU_09337,6.6,1.5,0.8,7.4,3.0,87.0
9337,STU_09338,4.2,1.0,0.9,7.8,2.0,79.0
9338,STU_09339,4.5,1.6,1.8,7.2,3.0,78.0
9339,STU_09340,4.5,3.6,0.1,6.4,5.0,83.0
9340,STU_09341,3.1,1.3,0.5,6.4,3.0,68.0
9341,STU_09342,4.6,2.4,0.6,6.9,4.0,79.0
9342,STU_09343,6.6,5.9,1.2,6.4,7.0,94.0
9343,STU_09344,5.2,1.8,0.9,7.4,2.0,79.0
9344,STU_09345,4.5,1.3,0.9,8.9,2.0,93.0
9345,STU_09346,4.3,0.1,0.7,8.8,2.0,72.0
9346,STU_09347,5.0,0.7,0.3,9.0,4.010084804033921,75.0
9347,STU_09348,5.6,1.3,1.7,5.3,7.0,90.0
9348,STU_09349,5.4,2.4,0.9,8.7,2.0,87.0
9349,STU_09350,4.0,0.9,1.7,7.7,4.0,75.0
9350,STU_09351,5.0,4.8,0.3,6.9,5.0,85.0
9351,STU_09352,5.2,0.5,0.7,8.6,2.0,80.0
9352,STU_09353,3.0,2.0,1.0,7.2,4.0,70.0
9353,STU_09354,4.8,0.8,1.1,6.5,5.0,84.0
9354,STU_09355,1.3,1.0,1.8,8.8,2.0,58.0
9355,STU_09356,5.2,2.4,0.9,6.3,6.0,90.0
9356,STU_09357,5.5,0.5,1.8,6.5,5.0,84.0
9357,STU_09358,5.6,0.2,1.5,7.4,3.0,83.0
9358,STU_09359,3.9,1.1,1.1,7.1,3.0,71.0
9359,STU_09360,5.0,1.1,0.4,7.6,3.0,90.0
9360,STU_09361,6.6,2.4,1.8,6.8,4.0,93.0
9361,STU_09362,6.6,5.2,0.5,7.7,5.0,97.0
9362,STU_09363,4.5,0.1,1.2,8.2,3.0,84.0
9363,STU_09364,4.7,1.3,1.2,6.5,6.0,82.0
9364,STU_09365,6.2,1.7,1.0,6.6,6.0,92.0
9365,STU_09366,2.2,6.0,0.9,5.6,7.0,73.0
9366,STU_09367,4.0,4.3,0.5,6.2,6.0,77.0
9367,STU_09368,6.5,1.9,0.0,6.9,4.0,97.0
9368,STU_09369,6.0,1.1,2.3,6.1,6.0,82.0
9369,STU_09370,5.1,0.3,0.8,8.0,2.0,77.0
9370,STU_09371,2.2,0.7,1.1,1.216581632653061,4.0,61.0
9371,STU_09372,4.4,1.3,1.1,6.4,4.0,80.0
9372,STU_09373,3.6,1.9,2.1,7.5,4.0,75.0
9373,STU_09374,5.0,1.5,2.7,7.8,3.0,75.0
9374,STU_09375,3.3,1.9,1.3,6.9,2.0,82.0
9375,STU_09376,3.0,0.8,1.2165816326530612,9.3,4.010084804033921,72.0
9376,STU_09377,1.4,2.0,0.3,9.6,4.010084804033921,59.0
9377,STU_09378,6.3,0.2,0.0,8.4,3.0,90.0
9378,STU_09379,3.9,0.3,0.0,1.216581632653061,2.0,76.0
9379,STU_09380,4.7,0.3,0.6,8.1,2.0,77.0
9380,stu_09381 ,4.5,3.3,0.0,5.8,4.0,84.0
9381,STU_09382,2.9,0.1,2.1,6.7,5.0,69.0
9382,STU_09383,2.6,2.4,1.5,5.3,6.0,74.0
9383,STU_09384,3.0,0.4,1.0,7.1,3.0,69.0
9384,STU_09385,3.4,0.9,2.1,6.1,5.0,73.0
9385,STU_09386,5.0,3.7,0.3,7.4,3.0,85.0
9386,STU_09387,3.3,1.3,0.5,6.7,3.0,70.0
9387,STU_09388,7.1,0.4,0.0,8.2,4.010084804033921,90.0
9388,STU_09389,6.0,0.5,1.8,8.2,3.0,84.0
9389,STU_09390,5.7,3.8,0.6,7.9,2.0,88.0
9390,STU_09391,4.3,0.8,1.2,7.2,4.0,76.0
9391,STU_09392,6.8,1.3,2.0,7.5,4.0,97.0
9392,STU_09393,4.2,0.9,2.3,7.6,2.0,75.0
9393,STU_09394,4.5,0.7,1.2,8.8,2.0,76.0
9394,STU_09395,4.8,0.4,1.5,8.4,3.0,78.0
9395,STU_09396,5.6,1.7,1.2165816326530612,8.7,4.010084804033921,86.0
9396,STU_09397,5.5,1.9,2.5,5.3,6.0,92.0
9397,STU_09398,3.8,0.5,1.1,7.0,6.0,72.0
9398,STU_09399,3.7,2.3,1.3,1.216581632653061,4.0,78.0
9399,STU_09400,5.5,2.9,0.9,7.5,4.0,88.0
9400,STU_09401,5.6,3.8,2.2,6.3,6.0,89.0
9401,STU_09402,3.9,0.3,1.4,7.2,4.0,70.0
9402,STU_09403,2.1,0.5,1.8,8.3,3.0,66.0
9403,STU_09404,4.2,3.0,1.5,1.216581632653061,5.0,72.0
9404,STU_09405,5.4,0.3,1.0,8.5,4.010084804033921,79.0
9405,STU_09406,7.2,0.0,1.9,7.7,2.0,91.0
9406,STU_09407,2.7,3.1,1.5,6.3,6.0,70.0
9407,STU_09408,3.9,0.6,0.4,8.2,2.0,74.0
9408,STU_09409,3.9,0.8,0.4,7.3,2.0,80.0
9409,STU_09410,6.5,0.9,1.3,7.5,3.0,93.0
9410,STU_09411,4.4,2.8,1.9,6.7,5.0,82.0
9411,STU_09412,3.1,0.6,2.5,8.1,2.0,68.0
9412,STU_09413,5.3,3.3,0.0,7.2,4.0,86.0
9413,STU_09414,3.9,1.4,1.2,5.4,5.0,71.0
9414,STU_09415,2.7,1.1,1.6,6.0,6.0,59.0
9415,STU_09416,3.2,0.6,1.4,6.5,4.0,65.0
9416,STU_09417,7.1,0.4,2.0,7.9,2.0,98.0
9417,STU_09418,5.1,1.5,1.7,7.8,4.0,80.0
9418,STU_09419,4.7,0.9,0.4,9.3,4.010084804033921,77.0
9419,STU_09420,4.1,3.6,0.4,5.8,4.0,84.0
9420,STU_09421,4.9,1.0,1.4,8.7,2.0,71.0
9421,STU_09422,4.9,1.1,2.0,5.3,6.0,79.0
9422,STU_09423,4.9,0.8,1.2165816326530612,7.5,3.0,76.0
9423,STU_09424,4.7,2.3,0.0,7.5,2.0,83.0
9424,STU_09425,5.8,0.8,0.4,7.9,3.0,88.0
9425,STU_09426,4.5,0.5,1.8,7.2,5.0,80.0
9426,STU_09427,3.0,3.0,0.9,7.0,5.0,79.0
9427,STU_09428,3.6,1.4,1.3,6.1,5.0,76.0
9428,STU_09429,1.5,1.3,2.1,8.1,4.010084804033921,62.0
9429,STU_09430,7.5,1.4,0.2,7.8,3.0,100.0
9430,STU_09431,5.8,1.9,0.9,7.6,3.0,79.0
9431,STU_09432,3.3,0.6,0.8,7.4,2.0,79.0
9432,STU_09433,4.1,0.1,1.5,7.4,2.0,82.0
9433,STU_09434,3.5,2.5,1.8,7.4,4.0,74.0
9434,STU_09435,6.8,0.2,0.0,1.216581632653061,4.010084804033921,88.0
9435,STU_09436,2.4,1.9,1.2,5.8,5.0,64.0
9436,STU_09437,4.7,0.1,1.9,6.1,3.0,77.0
9437,STU_09438,4.3,0.7,0.0,8.1,3.0,82.0
9438,STU_09439,5.7,0.1,1.1,7.4,3.0,75.0
9439,STU_09440,4.3,1.1,0.2,7.7,3.0,86.0
9440,STU_09441,1.9,1.6,0.7,1.216581632653061,5.0,64.0
9441,STU_09442,4.1,0.3,0.0,8.5,4.010084804033921,80.0
9442,STU_09443,3.0,0.7,2.3,1.216581632653061,4.0,64.0
9443,STU_09444,4.6,4.0,0.9,5.4,4.010084804033921,79.0
9444,STU_09445,6.7,0.9,0.6,6.8,3.0,93.0
9445,STU_09446,1.9,2.4,1.5,6.8,3.0,67.0
9446,STU_09447,3.3,3.9,0.4,5.5,6.0,73.0
9447,STU_09448,3.7,5.5,0.3,6.3,4.010084804033921,71.0
9448,STU_09449,3.9,3.4,2.4,6.6,5.0,74.0
9449,STU_09450,5.6,0.6,2.6,6.9,4.0,88.0
9450,STU_09451,4.2,4.9,0.7,6.6,5.0,88.0
9451,STU_09452,5.1,2.5,2.1,5.2,6.0,86.0
9452,STU_09453,3.6,2.7,1.5,5.9,5.0,65.0
9453,STU_09454,4.8,0.0,0.1,6.8,2.0,85.0
9454,STU_09455,5.7,4.6,0.5,7.4,5.0,91.0
9455,STU_09456,3.4,2.3,2.4,9.1,2.0,63.0
9456,STU_09457,5.7,2.2,0.1,6.5,6.0,81.0
9457,STU_09458,4.6,0.1,3.0,7.1,4.0,73.0
9458,STU_09459,6.1,0.4,0.7,7.0,2.0,87.0
9459,STU_09460,4.2,4.9,2.5,1.216581632653061,6.0,78.0
9460,STU_09461,5.1,1.0,1.0,6.9,5.0,78.0
9461,STU_09462,4.4,0.8,1.8,7.7,3.0,81.0
9462,STU_09463,4.4,2.7,2.3,7.4,4.0,85.0
9463,STU_09464,4.9,0.1,2.3,6.3,5.0,83.0
9464,STU_09465,5.3,0.8,0.7,7.9,2.0,77.0
9465,STU_09466,2.6,0.7,0.5,5.9,5.0,71.0
9466,STU_09467,6.7,0.6,1.1,7.3,4.0,89.0
9467,STU_09468,1.7,0.6,0.2,7.5,2.0,69.0
9468,STU_09469,3.5,0.4,1.4,7.4,5.0,72.0
9469,STU_09470,4.4,0.3,0.5,7.5,3.0,81.0
9470,STU_09471,5.1,1.5,2.1,6.6,2.0,85.0
9471,STU_09472,6.9,3.8,0.7,1.216581632653061,6.0,99.0
9472,STU_09473,1.7,1.1,0.0,7.9,4.010084804033921,60.0
9473,STU_09474,3.7,0.5,2.3,7.6,4.0,78.0
9474,STU_09475,1.3,0.3,1.3,7.8,3.0,62.0
9475,STU_09476,4.5,2.7,1.2,1.216581632653061,5.0,80.0
9476,STU_09477,4.9,5.3,2.1,7.1,6.0,86.0
9477,STU_09478,6.9,0.6,1.9,9.0,2.0,89.0
9478,STU_09479,4.7,0.5,0.6,6.4,3.0,82.0
9479,STU_09480,6.1,1.4,0.8,7.6,3.0,89.0
9480,STU_09481,5.4,2.2,0.3,6.8,4.0,87.0
9481,STU_09482,3.8,0.9,0.0,1.216581632653061,4.010084804033921,73.0
9482,STU_09483,2.4,1.5,1.7,7.2,5.0,72.0
9483,STU_09484,4.9,1.9,1.5,7.2,5.0,76.0
9484,STU_09485,2.3,4.9,1.8,6.7,7.0,74.0
9485,STU_09486,6.4,0.3,2.2,7.2,4.0,93.0
9486,STU_09487,4.3,6.0,1.8,7.5,4.010084804033921,75.0
9487,STU_09488,6.3,0.7,1.9,7.9,3.0,83.0
9488,STU_09489,3.8,1.9,0.0,8.4,3.0,77.0
9489,STU_09490,4.9,1.3,1.0,7.2,3.0,86.0
9490,STU_09491,4.8,1.0,2.0,7.2,2.0,87.0
9491,STU_09492,4.4,1.8,0.3,8.2,3.0,82.0
9492,STU_09493,3.9,0.8,1.3,8.2,2.0,72.0
9493,STU_09494,5.1,0.2,1.6,6.4,2.0,84.0
9494,STU_09495,3.1,1.0,1.6,7.5,3.0,72.0
9495,STU_09496,2.7,1.1,1.5,7.8,3.0,69.0
9496,STU_09497,6.4,0.3,1.7,7.4,3.0,85.0
9497,STU_09498,5.6,4.1,1.3,6.9,6.0,92.0
9498,STU_09499,4.6,0.4,0.0,7.8,4.010084804033921,80.0
9499,STU_09500,7.0,0.8,1.6,5.2,7.0,100.0
9500,STU_09501,4.1,0.3,1.4,6.3,5.0,75.0
9501,STU_09502,6.5,1.2,0.0,8.6,3.0,97.0
9502,STU_09503,4.8,0.6,2.3,1.216581632653061,3.0,85.0
9503,STU_09504,3.0,1.0,1.6,7.6,4.0,69.0
9504,STU_09505,7.3,0.4,0.1,7.9,4.010084804033921,99.0
9505,STU_09506,6.0,0.1,0.5,7.0,2.0,83.0
9506,STU_09507,4.3,2.3,0.7,6.7,3.0,79.0
9507,STU_09508,5.6,1.5,0.7,1.216581632653061,3.0,84.0
9508,STU_09509,3.9,0.6,1.4,8.0,2.0,74.0
9509,STU_09510,5.7,0.1,0.4,10.0,4.010084804033921,77.0
9510,STU_09511,0.9,3.0,2.1,6.2,6.0,67.0
9511,STU_09512,3.0,0.3,2.0,9.2,4.010084804033921,67.0
9512,STU_09513,6.0,4.0,1.7,5.6,6.0,95.0
9513,STU_09514,4.1,1.0,1.2,7.9,4.0,77.0
9514,STU_09515,4.8,0.6,1.9,7.6,3.0,79.0
9515,STU_09516,2.5,2.0,1.0,7.1,6.0,63.0
9516,STU_09517,7.3,3.1,0.6,6.9,4.0,95.0
9517,STU_09518,6.3,0.7,2.2,6.7,4.0,88.0
9518,STU_09519,4.2,0.8,1.5,8.4,2.0,74.0
9519,STU_09520,3.9,0.9,0.7,6.8,5.0,71.0
9520,STU_09521,6.0,3.8,0.9,7.0,7.0,89.0
9521,STU_09522,7.5,1.8,0.6,8.1,2.0,99.0
9522,STU_09523,5.9,0.4,2.8,8.7,2.0,90.0
9523,STU_09524,7.8,0.3,1.2,8.6,2.0,92.0
9524,STU_09525,3.1,0.4,1.3,8.2,4.0,66.0
9525,STU_09526,3.3,0.5,1.8,6.9,4.0,71.0
9526,STU_09527,2.7,0.4,0.2,7.1,3.0,66.0
9527,STU_09528,5.2,1.6,2.1,6.0,7.0,82.0
9528,STU_09529,4.8,0.2,0.7,6.6,5.0,83.0
9529,STU_09530,4.3,0.7,2.7,7.2,5.0,77.0
9530,STU_09531,5.7,1.5,0.9,6.6,5.0,80.0
9531,STU_09532,6.3,0.5,2.0,8.6,4.0,86.0
9532,STU_09533,2.2,0.1,0.0,7.4,4.010084804033921,57.0
9533,STU_09534,3.6,0.1,0.3,8.0,4.0,71.0
9534,STU_09535,5.7,0.2,1.0,1.216581632653061,4.0,79.0
9535,STU_09536,3.8,2.7,0.0,5.8,5.0,70.0
9536,STU_09537,3.3,1.6,1.7,8.3,4.0,64.0
9537,STU_09538,6.0,0.1,1.5,8.4,2.0,94.0
9538,STU_09539,2.6,0.7,0.4,8.5,2.0,61.0
9539,STU_09540,4.0,0.5,1.2,8.2,3.0,74.0
9540,STU_09541,5.0,1.3,1.2165816326530612,6.5,6.0,82.0
9541,STU_09542,3.6,1.1,0.0,6.9,3.0,74.0
9542,STU_09543,5.7,1.0,0.2,8.1,3.0,88.0
9543,STU_09544,3.6,0.6,0.9,9.2,4.010084804033921,73.0
9544,STU_09545,6.6,0.2,1.2,8.1,3.0,88.0
9545,STU_09546,4.3,2.0,1.2,8.1,3.0,80.0
9546,STU_09547,5.5,3.2,1.9,6.1,4.0,89.0
9547,STU_09548,5.6,4.3,1.6,1.216581632653061,4.0,90.0
9548,STU_09549,3.6,0.1,1.8,7.2,4.0,74.0
9549,STU_09550,1.4,2.0,0.1,7.6,3.0,59.0
9550,STU_09551,5.0,1.9,1.3,6.8,6.0,82.0
9551,STU_09552,4.6,4.4,1.0,7.4,4.0,79.0
9552,STU_09553,5.3,0.4,2.4,8.3,3.0,82.0
9553,STU_09554,4.2,2.0,1.3,1.216581632653061,6.0,75.0
9554,STU_09555,3.9,0.1,0.7,9.2,4.010084804033921,77.0
9555,STU_09556,7.5,1.5,1.9,9.6,4.010084804033921,91.0
9556,STU_09557,2.3,0.6,1.7,7.1,4.0,63.0
9557,STU_09558,5.6,2.2,0.5,1.216581632653061,3.0,85.0
9558,STU_09559,3.6,3.0,0.9,8.2,3.0,79.0
9559,STU_09560,4.0,0.7,0.9,7.7,3.0,70.0
9560,STU_09561,4.0,1.1,2.2,7.2,4.0,76.0
9561,STU_09562,3.3,0.2,1.4,9.6,2.0,70.0
9562,STU_09563,5.4,0.8,1.8,6.0,2.0,87.0
9563,STU_09564,6.6,0.7,0.8,6.8,4.0,87.0
9564,STU_09565,5.2,0.3,1.5,8.0,2.0,76.0
9565,STU_09566,4.7,3.4,2.2,4.9,7.0,85.0
9566,STU_09567,3.0,0.2,0.9,7.4,2.0,63.0
9567,STU_09568,5.3,1.5,1.3,6.9,5.0,82.0
9568,STU_09569,7.7,3.3,0.1,7.9,3.0,100.0
9569,STU_09570,3.9,3.6,0.6,7.5,5.0,82.0
9570,STU_09571,3.9,2.4,0.9,5.4,7.0,71.0
9571,STU_09572,3.7,0.3,0.4,7.1,3.0,71.0
9572,STU_09573,3.8,2.6,2.3,6.1,5.0,77.0
9573,STU_09574,0.4,0.5,0.5,7.5,2.0,50.0
9574,stu_09575 ,5.1,3.8,1.8,5.4,7.0,85.0
9575,STU_09576,3.2,1.9,1.3,7.6,2.0,76.0
9576,STU_09577,2.1,2.3,1.2,6.4,4.0,64.0
9577,STU_09578,5.6,0.1,2.4,8.1,3.0,83.0
9578,STU_09579,2.9,1.3,0.0,7.6,5.0,73.0
9579,STU_09580,4.0,2.6,1.0,6.0,6.0,77.0
9580,STU_09581,6.7,3.0,0.3,8.4,3.0,100.0
9581,STU_09582,2.4,0.0,0.0,9.4,2.0,58.0
9582,STU_09583,2.2,4.2,0.2,7.0,6.0,68.0
9583,STU_09584,4.9,0.1,1.2,7.5,4.0,83.0
9584,STU_09585,6.2,1.4,0.6,6.4,4.0,87.0
9585,STU_09586,2.1,1.8,1.9,1.216581632653061,2.0,65.0
9586,STU_09587,5.1,0.2,1.0,8.6,2.0,86.0
9587,STU_09588,5.4,0.1,0.9,7.0,5.0,79.0
9588,STU_09589,1.4,2.3,0.9,1.216581632653061,7.0,64.0
9589,STU_09590,5.7,0.7,1.1,8.0,3.0,88.0
9590,STU_09591,5.8,0.2,0.9,6.6,3.0,85.0
9591,STU_09592,4.0,2.2,0.5,6.6,3.0,78.0
9592,STU_09593,6.4,2.8,2.0,5.7,5.0,88.0
9593,STU_09594,6.2,1.3,0.7,6.5,5.0,92.0
9594,STU_09595,4.7,0.3,0.9,7.0,3.0,73.0
9595,STU_09596,3.8,0.0,1.5,8.6,3.0,75.0
9596,STU_09597,3.0,1.8,1.5,5.4,4.0,69.0
9597,STU_09598,4.4,1.2,0.5,8.0,3.0,77.0
9598,STU_09599,5.4,1.6,1.8,7.4,3.0,84.0
9599,STU_09600,4.0,2.5,1.6,7.9,5.0,80.0
9600,STU_09601,1.2,0.9,1.3,1.216581632653061,4.0,65.0
9601,STU_09602,6.4,0.2,0.9,1.216581632653061,2.0,89.0
9602,STU_09603,4.8,4.2,0.9,5.7,7.0,82.0
9603,STU_09604,3.9,1.2,1.0,8.4,4.010084804033921,70.0
9604,STU_09605,5.8,1.4,0.2,8.0,4.010084804033921,92.0
9605,STU_09606,6.8,4.1,1.2,6.1,5.0,98.0
9606,STU_09607,0.3,4.0,1.9,7.3,3.0,57.0
9607,STU_09608,5.2,1.3,1.9,6.8,4.0,83.0
9608,STU_09609,2.4,0.5,0.9,7.7,3.0,68.0
9609,STU_09610,5.2,6.0,2.1,5.2,4.010084804033921,81.0
9610,STU_09611,4.7,1.7,2.7,7.5,5.0,78.0
9611,STU_09612,5.5,0.8,0.9,6.6,3.0,79.0
9612,STU_09613,3.8,1.2,1.8,7.0,3.0,70.0
9613,STU_09614,1.7,0.8,1.2165816326530612,7.1,3.0,60.0
9614,STU_09615,3.8,3.3,0.2,7.2,3.0,82.0
9615,STU_09616,5.1,1.0,1.3,1.216581632653061,2.0,80.0
9616,STU_09617,6.0,2.6,0.4,6.0,6.0,91.0
9617,STU_09618,2.7,2.8,2.8,7.0,3.0,75.0
9618,STU_09619,6.0,2.6,1.7,5.4,6.0,92.0
9619,STU_09620,3.5,1.9,2.0,9.2,3.0,82.0
9620,STU_09621,5.0,2.9,1.2,6.4,6.0,85.0
9621,STU_09622,3.7,0.7,0.4,8.7,4.010084804033921,73.0
9622,STU_09623,4.8,0.2,0.8,8.0,5.0,77.0
9623,STU_09624,5.8,2.8,1.4,7.1,4.0,97.0
9624,STU_09625,2.7,1.0,0.7,6.4,4.0,72.0
9625,STU_09626,3.5,0.2,1.7,8.4,4.010084804033921,65.0
9626,STU_09627,4.8,0.2,1.8,7.6,3.0,87.0
9627,STU_09628,8.1,0.3,1.2,8.2,5.0,100.0
9628,STU_09629,3.2,2.1,0.0,7.3,6.0,73.0
9629,STU_09630,7.6,1.9,2.6,7.1,5.0,100.0
9630,STU_09631,7.5,0.3,1.0,6.8,3.0,92.0
9631,STU_09632,4.4,2.8,3.0,6.4,6.0,81.0
9632,STU_09633,4.1,0.5,1.7,7.1,5.0,74.0
9633,STU_09634,3.5,2.4,1.0,6.4,6.0,73.0
9634,STU_09635,4.4,1.0,1.6,7.5,4.0,82.0
9635,STU_09636,2.4,2.0,0.0,7.8,3.0,66.0
9636,STU_09637,4.4,0.7,2.0,7.6,4.0,78.0
9637,STU_09638,6.7,0.6,1.2165816326530612,7.1,5.0,93.0
9638,STU_09639,3.6,2.8,0.0,7.6,2.0,79.0
9639,STU_09640,4.1,0.1,1.0,8.0,3.0,80.0
9640,STU_09641,1.9,5.5,1.1,6.2,7.0,70.0
9641,STU_09642,5.1,1.6,1.9,7.3,4.0,81.0
9642,STU_09643,4.9,0.8,2.9,8.4,4.0,88.0
9643,STU_09644,4.6,1.5,1.5,1.216581632653061,5.0,69.0
9644,STU_09645,4.2,0.2,2.9,1.216581632653061,5.0,79.0
9645,STU_09646,4.1,1.1,1.3,7.7,3.0,75.0
9646,STU_09647,5.3,6.0,1.6,4.3,4.010084804033921,77.0
9647,STU_09648,4.5,0.4,1.5,9.0,2.0,78.0
9648,STU_09649,5.0,1.9,2.2,7.2,6.0,88.0
9649,STU_09650,4.8,0.9,0.9,8.5,3.0,82.0
9650,STU_09651,6.2,1.6,1.9,8.3,3.0,84.0
9651,STU_09652,5.5,0.3,0.2,8.3,2.0,78.0
9652,STU_09653,4.8,1.0,1.0,5.3,5.0,79.0
9653,STU_09654,6.8,5.9,0.7,6.2,7.0,100.0
9654,STU_09655,5.1,0.3,1.3,7.9,2.0,87.0
9655,STU_09656,6.5,1.5,0.9,6.3,5.0,88.0
9656,STU_09657,5.4,1.3,2.1,5.4,7.0,76.0
9657,STU_09658,1.7,1.2,0.5,1.216581632653061,4.0,64.0
9658,STU_09659,6.5,1.4,0.0,6.3,3.0,91.0
9659,STU_09660,4.7,1.0,0.1,9.7,4.010084804033921,80.0
9660,STU_09661,4.4,0.0,2.0,7.9,2.0,72.0
9661,STU_09662,4.9,3.5,0.4,8.2,2.0,89.0
9662,STU_09663,4.0,2.6,1.5,1.216581632653061,4.0,75.0
9663,STU_09664,4.8,0.3,1.0,8.5,2.0,81.0
9664,STU_09665,3.6,0.8,1.9,7.4,3.0,74.0
9665,STU_09666,6.4,2.2,1.0,8.1,2.0,94.0
9666,STU_09667,4.3,5.9,3.0,3.6,4.010084804033921,58.0
9667,STU_09668,3.9,4.5,2.7,7.0,6.0,77.0
9668,STU_09669,3.1,3.4,0.9,7.4,4.0,77.0
9669,STU_09670,4.9,0.3,0.8,7.6,4.0,82.0
9670,STU_09671,4.8,3.7,3.0,5.9,7.0,86.0
9671,STU_09672,5.1,3.2,0.3,6.7,5.0,90.0
9672,STU_09673,3.0,0.7,1.2,7.8,2.0,70.0
9673,STU_09674,2.1,0.8,1.2,8.7,3.0,62.0
9674,STU_09675,5.4,0.9,1.2,6.9,3.0,86.0
9675,STU_09676,6.7,1.6,0.0,5.8,5.0,95.0
9676,STU_09677,3.0,0.5,1.6,10.0,4.010084804033921,70.0
9677,STU_09678,6.9,0.0,0.4,8.6,3.0,88.0
9678,STU_09679,4.9,0.2,2.3,7.1,5.0,76.0
9679,STU_09680,4.5,0.9,0.0,8.9,2.0,82.0
9680,STU_09681,3.9,0.5,1.2,8.5,2.0,74.0
9681,STU_09682,2.4,2.2,0.0,7.8,4.0,60.0
9682,STU_09683,6.0,0.2,0.0,7.5,3.0,81.0
9683,STU_09684,3.3,3.7,0.5,7.4,4.0,70.0
9684,STU_09685,3.3,3.4,0.6,7.9,5.0,79.0
9685,STU_09686,6.0,3.6,2.4,4.7,7.0,91.0
9686,STU_09687,1.7,2.0,1.2,7.4,3.0,63.0
9687,STU_09688,2.2,0.2,2.2,7.8,3.0,62.0
9688,STU_09689,4.5,0.9,0.9,7.8,4.0,74.0
9689,STU_09690,4.9,0.2,1.7,7.6,3.0,83.0
9690,STU_09691,5.2,6.0,0.6,7.3,5.0,93.0
9691,STU_09692,4.0,0.6,0.6,7.5,3.0,72.0
9692,STU_09693,8.3,1.3,0.0,7.6,4.0,100.0
9693,STU_09694,4.2,2.3,1.5,7.3,5.0,81.0
9694,STU_09695,4.2,3.8,1.4,6.4,6.0,77.0
9695,STU_09696,3.3,2.1,1.8,5.6,6.0,72.0
9696,STU_09697,4.7,1.7,1.4,7.4,5.0,79.0
9697,STU_09698,5.4,0.9,2.8,7.4,5.0,85.0
9698,STU_09699,6.3,1.4,1.3,6.9,3.0,84.0
9699,STU_09700,2.3,0.1,2.0,7.4,4.0,61.0
9700,STU_09701,4.1,3.2,0.9,3.7,4.010084804033921,67.0
9701,STU_09702,5.2,1.2,0.5,8.8,4.0,76.0
9702,STU_09703,5.4,0.1,1.8,8.5,2.0,82.0
9703,STU_09704,4.5,3.8,1.1,5.3,4.010084804033921,70.0
9704,STU_09705,5.3,1.0,1.9,6.6,5.0,87.0
9705,STU_09706,3.3,3.0,1.5,8.2,3.0,76.0
9706,STU_09707,6.8,2.9,0.6,5.9,7.0,90.0
9707,STU_09708,6.0,2.5,2.1,7.3,5.0,86.0
9708,STU_09709,2.5,0.1,0.5,7.4,2.0,65.0
9709,STU_09710,2.9,0.4,1.7,7.9,3.0,59.0
9710,STU_09711,2.9,3.1,2.2,6.7,4.010084804033921,60.0
9711,STU_09712,5.5,3.4,0.9,6.5,5.0,85.0
9712,STU_09713,2.6,0.9,2.1,7.7,4.0,72.0
9713,STU_09714,4.0,0.9,1.5,6.9,3.0,73.0
9714,STU_09715,5.2,0.3,1.9,5.8,4.0,84.0
9715,stu_09716 ,4.4,5.2,0.5,5.4,4.010084804033921,74.0
9716,STU_09717,4.9,0.4,1.4,6.6,4.0,83.0
9717,STU_09718,2.9,0.3,1.2165816326530612,1.216581632653061,4.0,62.0
9718,STU_09719,5.4,1.6,2.6,7.4,6.0,82.0
9719,STU_09720,3.6,0.4,1.2165816326530612,7.7,2.0,72.0
9720,STU_09721,4.0,4.2,0.9,6.9,5.0,81.0
9721,STU_09722,4.9,0.0,0.5,8.4,2.0,80.0
9722,STU_09723,4.7,0.0,1.7,8.4,4.010084804033921,79.0
9723,STU_09724,4.5,1.1,2.7,7.5,4.0,81.0
9724,STU_09725,3.4,1.0,1.7,1.216581632653061,6.0,72.0
9725,STU_09726,4.1,0.3,3.0,7.9,3.0,75.0
9726,STU_09727,4.5,1.0,0.1,7.9,2.0,75.0
9727,STU_09728,2.4,0.8,0.2,9.9,4.010084804033921,59.0
9728,STU_09729,3.8,3.3,0.5,6.9,2.0,73.0
9729,STU_09730,5.1,0.0,1.3,8.1,3.0,74.0
9730,STU_09731,2.6,5.6,0.4,6.1,7.0,75.0
9731,STU_09732,6.2,1.5,0.6,7.5,3.0,93.0
9732,STU_09733,6.4,0.2,1.7,7.6,4.010084804033921,85.0
9733,STU_09734,2.6,0.1,0.2,7.5,4.0,70.0
9734,STU_09735,6.5,1.2,0.3,7.8,2.0,93.0
9735,STU_09736,4.3,0.4,0.9,8.3,3.0,74.0
9736,STU_09737,5.1,0.5,1.0,7.2,3.0,80.0
9737,STU_09738,3.8,0.4,2.0,8.3,4.010084804033921,78.0
9738,STU_09739,5.9,1.6,0.5,8.1,4.0,78.0
9739,STU_09740,5.1,1.2,0.6,6.6,5.0,87.0
9740,STU_09741,3.3,0.1,1.7,6.7,5.0,73.0
9741,STU_09742,2.8,1.1,1.8,7.7,4.0,66.0
9742,STU_09743,2.3,2.3,2.3,6.2,4.0,67.0
9743,STU_09744,4.8,0.1,1.6,6.6,5.0,85.0
9744,STU_09745,5.4,3.3,1.3,8.5,6.0,82.0
9745,STU_09746,5.5,1.3,1.7,6.3,5.0,84.0
9746,stu_09747 ,4.3,4.5,1.0,4.9,4.010084804033921,77.0
9747,STU_09748,2.8,0.2,1.0,6.9,2.0,68.0
9748,STU_09749,3.5,6.0,0.0,6.4,4.0,80.0
9749,STU_09750,6.2,1.6,1.9,7.2,4.0,97.0
9750,STU_09751,3.8,1.3,1.4,9.2,3.0,70.0
9751,STU_09752,4.7,1.1,1.8,6.5,6.0,76.0
9752,STU_09753,2.9,0.0,0.0,8.2,2.0,57.0
9753,STU_09754,5.0,4.2,1.2,1.216581632653061,5.0,82.0
9754,STU_09755,3.8,1.5,0.5,6.8,3.0,73.0
9755,STU_09756,6.1,0.1,2.4,8.2,3.0,88.0
9756,STU_09757,5.7,0.0,1.7,5.8,4.0,88.0
9757,STU_09758,3.8,0.1,1.4,9.5,4.010084804033921,69.0
9758,STU_09759,4.3,1.4,0.9,8.4,2.0,77.0
9759,STU_09760,3.7,1.4,1.5,6.6,4.0,80.0
9760,STU_09761,2.4,1.0,0.5,8.4,3.0,65.0
9761,STU_09762,3.2,0.5,1.1,8.9,4.0,72.0
9762,STU_09763,4.8,1.1,0.7,1.216581632653061,4.0,85.0
9763,STU_09764,5.0,1.1,3.0,6.5,6.0,78.0
9764,STU_09765,4.7,0.0,2.4,8.9,4.010084804033921,74.0
9765,STU_09766,4.0,0.5,2.1,7.5,3.0,82.0
9766,STU_09767,5.9,0.1,0.0,8.4,4.010084804033921,88.0
9767,STU_09768,4.6,3.5,1.9,6.7,5.0,77.0
9768,STU_09769,5.6,1.9,1.4,8.0,4.0,82.0
9769,STU_09770,1.8,6.0,2.2,6.3,4.010084804033921,61.0
9770,STU_09771,0.0,0.5,1.5,7.7,2.0,56.0
9771,STU_09772,4.9,3.2,1.2,4.7,4.010084804033921,80.0
9772,STU_09773,2.4,1.4,1.4,7.9,4.0,71.0
9773,STU_09774,4.2,0.9,0.0,8.5,3.0,75.0
9774,STU_09775,4.0,0.4,0.6,6.5,4.0,75.0
9775,STU_09776,6.9,2.0,1.5,5.9,5.0,91.0
9776,STU_09777,5.1,3.5,2.1,7.0,5.0,84.0
9777,STU_09778,4.7,0.4,0.8,7.9,2.0,75.0
9778,STU_09779,5.8,0.3,1.2,5.7,5.0,81.0
9779,STU_09780,5.1,1.8,0.0,6.6,3.0,80.0
9780,STU_09781,3.8,5.7,2.4,1.216581632653061,4.010084804033921,73.0
9781,STU_09782,6.1,2.1,2.1,7.6,4.0,91.0
9782,STU_09783,2.8,0.5,1.7,6.9,4.0,74.0
9783,STU_09784,5.0,0.8,1.5,7.3,2.0,80.0
9784,STU_09785,2.2,0.7,2.4,6.4,5.0,67.0
9785,STU_09786,4.8,2.9,0.6,8.4,3.0,82.0
9786,STU_09787,4.8,2.2,0.5,7.4,6.0,86.0
9787,STU_09788,7.0,1.3,2.0,1.216581632653061,3.0,89.0
9788,STU_09789,2.2,0.5,2.0,6.3,4.0,61.0
9789,STU_09790,3.6,4.2,0.2,5.4,7.0,80.0
9790,STU_09791,5.7,1.6,0.8,9.2,4.010084804033921,89.0
9791,STU_09792,5.0,5.3,2.6,5.7,4.010084804033921,66.0
9792,STU_09793,4.8,1.3,1.5,6.9,6.0,86.0
9793,STU_09794,3.1,2.6,1.8,6.6,4.0,65.0
9794,STU_09795,3.6,2.5,0.3,6.6,4.0,70.0
9795,STU_09796,6.4,0.6,1.2165816326530612,7.4,6.0,91.0
9796,STU_09797,4.4,5.0,0.1,6.5,7.0,87.0
9797,STU_09798,5.1,0.0,0.0,8.0,2.0,83.0
9798,STU_09799,4.3,2.2,1.8,5.7,6.0,90.0
9799,STU_09800,2.7,5.1,2.3,6.9,5.0,70.0
9800,STU_09801,5.9,0.6,1.0,7.1,6.0,88.0
9801,STU_09802,5.3,1.6,0.8,6.7,4.0,84.0
9802,STU_09803,8.0,1.2,2.6,6.4,6.0,100.0
9803,STU_09804,3.0,2.2,1.0,6.1,4.0,73.0
9804,STU_09805,5.7,3.0,1.1,7.1,4.0,87.0
9805,STU_09806,2.5,1.4,2.6,8.0,4.0,69.0
9806,STU_09807,4.7,2.5,1.2165816326530612,6.3,7.0,83.0
9807,STU_09808,6.0,0.6,0.7,5.9,4.0,87.0
9808,STU_09809,1.4,0.4,1.9,6.5,3.0,63.0
9809,STU_09810,4.2,0.8,0.6,7.2,4.0,86.0
9810,STU_09811,3.7,1.7,1.1,6.0,7.0,67.0
9811,STU_09812,3.4,0.3,0.1,7.3,2.0,76.0
9812,STU_09813,5.1,1.7,1.3,6.7,4.0,86.0
9813,STU_09814,6.2,0.8,1.3,7.5,4.0,85.0
9814,STU_09815,4.3,2.4,2.0,5.4,7.0,78.0
9815,STU_09816,4.8,0.1,1.9,8.2,2.0,82.0
9816,STU_09817,4.7,1.7,1.6,8.8,4.0,81.0
9817,STU_09818,4.5,1.6,1.5,1.216581632653061,3.0,79.0
9818,STU_09819,2.9,4.2,1.1,5.9,7.0,71.0
9819,STU_09820,6.2,1.9,1.7,7.8,5.0,87.0
9820,STU_09821,4.9,2.4,0.3,7.8,4.0,79.0
9821,STU_09822,5.1,3.5,0.0,6.9,4.0,84.0
9822,STU_09823,3.3,1.7,2.1,7.2,6.0,72.0
9823,STU_09824,3.8,0.5,1.7,8.2,3.0,75.0
9824,STU_09825,4.2,3.1,1.1,1.216581632653061,5.0,77.0
9825,STU_09826,2.2,2.1,2.1,6.2,6.0,69.0
9826,STU_09827,2.0,0.8,0.6,8.4,2.0,59.0
9827,STU_09828,3.6,1.9,0.6,9.0,3.0,77.0
9828,STU_09829,5.3,3.0,0.5,7.9,4.0,83.0
9829,STU_09830,3.5,5.6,1.7,7.5,7.0,88.0
9830,STU_09831,3.0,4.6,0.0,4.0,4.010084804033921,61.0
9831,STU_09832,3.3,0.6,0.6,1.216581632653061,2.0,74.0
9832,STU_09833,3.8,0.8,1.4,7.7,4.0,73.0
9833,STU_09834,4.0,0.2,0.2,8.9,2.0,77.0
9834,STU_09835,7.7,0.4,0.7,6.6,7.0,92.0
9835,STU_09836,6.1,3.2,0.0,6.5,5.0,87.0
9836,STU_09837,6.0,0.7,1.7,8.4,4.0,86.0
9837,STU_09838,6.3,1.5,0.6,6.4,5.0,96.0
9838,stu_09839 ,3.0,1.6,0.3,7.7,4.010084804033921,75.0
9839,STU_09840,2.7,2.3,0.2,7.3,3.0,60.0
9840,STU_09841,2.8,0.3,0.9,7.5,2.0,64.0
9841,STU_09842,6.5,0.5,0.0,8.4,4.010084804033921,89.0
9842,STU_09843,3.7,0.9,2.8,6.1,5.0,78.0
9843,STU_09844,2.6,0.7,0.0,7.0,2.0,68.0
9844,STU_09845,3.9,6.0,0.8,5.9,6.0,72.0
9845,STU_09846,4.1,2.7,1.3,5.7,6.0,74.0
9846,STU_09847,4.9,1.0,1.2165816326530612,8.8,4.0,84.0
9847,STU_09848,4.9,3.2,1.4,6.0,5.0,85.0
9848,STU_09849,3.3,0.6,0.6,8.5,4.010084804033921,71.0
9849,STU_09850,5.5,2.3,2.4,5.9,5.0,91.0
9850,STU_09851,3.5,0.4,0.3,8.5,2.0,70.0
9851,STU_09852,4.3,2.2,0.0,5.7,4.0,82.0
9852,STU_09853,5.5,0.9,0.2,9.1,4.010084804033921,91.0
9853,STU_09854,3.5,0.2,1.5,8.8,4.010084804033921,72.0
9854,STU_09855,3.6,0.5,1.1,7.1,4.0,69.0
9855,STU_09856,5.4,0.8,1.8,6.6,5.0,82.0
9856,STU_09857,3.2,2.1,1.2165816326530612,7.5,4.0,69.0
9857,STU_09858,3.9,0.1,0.7,6.3,4.0,65.0
9858,STU_09859,5.3,1.6,0.8,7.4,3.0,81.0
9859,STU_09860,7.6,1.9,0.9,6.4,5.0,100.0
9860,STU_09861,5.4,1.6,2.7,6.7,4.0,85.0
9861,STU_09862,5.2,2.1,1.8,6.4,7.0,90.0
9862,STU_09863,5.3,0.3,2.7,6.6,3.0,83.0
9863,STU_09864,2.9,1.3,1.9,8.9,2.0,73.0
9864,STU_09865,4.7,4.2,1.1,7.3,6.0,77.0
9865,STU_09866,4.5,1.4,0.4,6.0,4.0,77.0
9866,STU_09867,5.0,1.4,1.4,6.4,5.0,81.0
9867,STU_09868,4.7,2.0,1.2,8.0,5.0,78.0
9868,STU_09869,5.1,0.6,1.1,1.216581632653061,3.0,87.0
9869,STU_09870,4.0,1.8,1.0,5.9,4.0,69.0
9870,STU_09871,4.6,3.7,0.0,7.6,3.0,83.0
9871,STU_09872,2.7,0.0,1.2165816326530612,7.8,3.0,71.0
9872,STU_09873,4.0,3.1,1.2,4.9,7.0,82.0
9873,STU_09874,6.6,0.4,0.1,7.5,4.0,89.0
9874,STU_09875,5.0,0.9,1.6,7.3,3.0,78.0
9875,STU_09876,4.5,2.9,0.5,7.1,4.0,85.0
9876,STU_09877,7.3,2.6,1.6,5.6,6.0,96.0
9877,STU_09878,2.5,3.3,1.9,5.9,6.0,66.0
9878,STU_09879,2.8,4.2,2.0,5.7,4.010084804033921,61.0
9879,STU_09880,7.1,0.9,1.1,7.0,4.0,95.0
9880,STU_09881,4.6,1.6,0.9,6.8,4.0,78.0
9881,STU_09882,4.1,0.7,0.7,1.216581632653061,4.0,77.0
9882,STU_09883,2.7,0.6,0.6,8.0,4.0,69.0
9883,STU_09884,5.2,0.8,1.2,1.216581632653061,4.010084804033921,82.0
9884,STU_09885,5.3,2.0,1.0,8.1,5.0,86.0
9885,STU_09886,2.9,1.0,0.5,8.9,4.0,60.0
9886,STU_09887,4.3,2.5,0.3,6.7,5.0,79.0
9887,STU_09888,4.0,2.1,1.1,6.2,5.0,74.0
9888,STU_09889,4.9,0.0,0.9,8.6,4.0,76.0
9889,STU_09890,2.8,1.5,0.3,7.5,4.0,66.0
9890,STU_09891,6.4,0.9,1.9,8.1,3.0,88.0
9891,STU_09892,5.9,0.9,2.6,6.3,6.0,85.0
9892,STU_09893,4.0,2.6,2.0,7.5,3.0,78.0
9893,STU_09894,4.2,1.2,0.6,1.216581632653061,5.0,74.0
9894,STU_09895,4.3,3.3,1.2,6.3,4.0,83.0
9895,STU_09896,3.3,1.9,2.4,6.6,6.0,76.0
9896,STU_09897,3.8,1.2,0.3,8.1,2.0,78.0
9897,STU_09898,4.1,2.1,1.8,7.8,2.0,81.0
9898,STU_09899,6.9,0.1,0.0,7.6,4.010084804033921,89.0
9899,STU_09900,5.9,0.0,2.5,7.8,2.0,84.0
9900,STU_09901,5.9,0.1,0.9,8.1,3.0,87.0
9901,STU_09902,5.1,0.9,3.0,7.9,2.0,80.0
9902,STU_09903,2.8,0.4,2.6,8.3,4.010084804033921,63.0
9903,STU_09904,4.4,6.0,1.1,7.8,5.0,84.0
9904,STU_09905,6.0,1.2,0.6,7.1,5.0,94.0
9905,STU_09906,2.6,1.6,1.4,1.216581632653061,3.0,65.0
9906,STU_09907,5.5,0.5,1.2165816326530612,7.8,3.0,80.0
9907,STU_09908,8.0,0.6,0.9,6.6,5.0,97.0
9908,STU_09909,6.1,0.6,0.0,7.2,4.0,90.0
9909,STU_09910,6.6,1.8,0.8,7.8,3.0,94.0
9910,STU_09911,4.8,1.0,0.3,8.4,3.0,83.0
9911,STU_09912,6.0,1.1,1.6,6.3,3.0,97.0
9912,STU_09913,3.4,1.3,2.0,6.4,5.0,76.0
9913,STU_09914,5.7,2.2,1.8,6.4,4.0,91.0
9914,STU_09915,5.5,0.1,1.5,6.8,4.0,95.0
9915,STU_09916,4.9,2.3,0.5,5.3,7.0,85.0
9916,STU_09917,6.5,1.2,1.4,5.1,6.0,89.0
9917,STU_09918,3.7,1.7,1.8,6.8,5.0,73.0
9918,STU_09919,4.2,0.6,0.7,7.9,3.0,80.0
9919,STU_09920,4.6,0.8,1.3,8.2,3.0,74.0
9920,STU_09921,3.0,0.4,1.1,6.3,6.0,61.0
9921,STU_09922,4.8,5.8,2.5,4.4,4.010084804033921,60.0
9922,STU_09923,1.9,1.0,1.9,6.8,4.0,66.0
9923,STU_09924,6.1,6.0,1.7,5.9,7.0,98.0
9924,STU_09925,4.6,1.0,0.0,8.7,4.010084804033921,78.0
9925,STU_09926,3.7,0.4,1.3,8.3,4.010084804033921,77.0
9926,STU_09927,3.2,1.1,1.1,7.1,4.010084804033921,74.0
9927,STU_09928,4.1,0.1,1.1,8.1,2.0,76.0
9928,STU_09929,5.5,3.5,0.0,6.1,4.0,88.0
9929,STU_09930,5.3,2.6,0.3,7.2,4.0,89.0
9930,STU_09931,3.4,1.9,1.1,1.216581632653061,4.0,77.0
9931,STU_09932,3.2,1.4,2.1,8.6,2.0,70.0
9932,STU_09933,5.5,1.3,0.7,8.0,4.010084804033921,88.0
9933,STU_09934,3.4,6.0,0.9,5.3,4.010084804033921,69.0
9934,STU_09935,4.6,0.5,2.6,6.6,3.0,79.0
9935,STU_09936,4.7,2.3,1.0,6.8,5.0,83.0
9936,STU_09937,5.0,1.3,1.1,5.8,5.0,80.0
9937,STU_09938,5.8,5.6,1.1,1.216581632653061,7.0,94.0
9938,STU_09939,2.6,2.6,0.1,7.0,6.0,72.0
9939,STU_09940,1.6,6.0,1.7,6.3,7.0,64.0
9940,STU_09941,3.6,1.3,0.7,8.1,3.0,75.0
9941,STU_09942,7.2,0.3,1.2,7.8,3.0,100.0
9942,STU_09943,7.5,1.1,1.6,5.7,5.0,93.0
9943,STU_09944,7.2,1.9,2.8,5.7,6.0,100.0
9944,STU_09945,4.2,2.2,0.1,6.7,5.0,78.0
9945,STU_09946,1.8,0.0,1.9,8.3,4.010084804033921,66.0
9946,STU_09947,1.0,1.1,1.9,7.9,5.0,55.0
9947,STU_09948,3.6,0.4,0.7,7.5,3.0,72.0
9948,STU_09949,4.2,3.1,1.7,9.1,3.0,89.0
9949,STU_09950,6.5,0.2,2.5,9.0,4.0,88.0
9950,STU_09951,5.8,1.6,0.6,8.6,4.010084804033921,90.0
9951,STU_09952,4.8,0.5,1.4,8.3,4.0,82.0
9952,STU_09953,3.2,0.7,1.5,8.0,4.0,62.0
9953,stu_09954 ,3.1,4.2,1.6,6.8,7.0,76.0
9954,STU_09955,4.9,0.4,1.8,5.7,5.0,75.0
9955,STU_09956,5.5,0.1,1.3,6.6,4.0,86.0
9956,STU_09957,5.1,0.1,1.6,7.4,3.0,81.0
9957,STU_09958,2.9,1.1,0.5,7.7,4.0,65.0
9958,STU_09959,5.5,1.5,1.3,7.1,4.0,80.0
9959,STU_09960,5.1,0.6,0.8,7.9,2.0,81.0
9960,STU_09961,2.9,1.8,0.2,5.3,5.0,80.0
9961,STU_09962,3.3,0.1,0.8,8.3,2.0,77.0
9962,STU_09963,5.5,2.9,1.4,6.9,5.0,89.0
9963,STU_09964,4.1,2.5,1.5,6.7,6.0,81.0
9964,STU_09965,6.9,6.0,0.2,7.1,7.0,100.0
9965,STU_09966,5.3,4.1,0.4,5.6,7.0,86.0
9966,STU_09967,3.8,0.7,1.8,7.2,4.0,71.0
9967,STU_09968,4.5,0.8,1.6,7.7,2.0,81.0
9968,STU_09969,4.6,2.1,1.2165816326530612,6.1,6.0,78.0
9969,STU_09970,3.4,0.2,2.3,5.5,3.0,77.0
9970,STU_09971,3.1,0.6,1.2165816326530612,6.4,5.0,64.0
9971,STU_09972,5.6,0.2,0.9,7.7,2.0,80.0
9972,STU_09973,5.8,0.9,1.3,7.2,3.0,92.0
9973,STU_09974,5.4,1.2,2.5,7.1,4.0,83.0
9974,STU_09975,6.8,0.4,3.0,6.6,4.0,91.0
9975,STU_09976,3.7,0.0,1.6,6.4,4.0,75.0
9976,STU_09977,7.0,1.9,1.6,7.2,5.0,100.0
9977,STU_09978,3.1,0.0,1.8,7.5,3.0,71.0
9978,STU_09979,3.0,5.4,1.2,6.8,6.0,77.0
9979,STU_09980,1.9,0.4,2.1,6.7,3.0,65.0
9980,STU_09981,3.8,1.6,1.2165816326530612,5.1,5.0,77.0
9981,STU_09982,3.7,0.9,1.5,4.8,6.0,78.0
9982,STU_09983,5.3,0.1,0.9,7.4,4.0,93.0
9983,STU_09984,4.9,1.0,0.0,7.8,2.0,83.0
9984,STU_09985,2.7,1.1,1.8,1.216581632653061,5.0,64.0
9985,STU_09986,3.9,2.9,1.4,6.3,4.0,82.0
9986,STU_09987,3.9,2.0,0.6,5.7,6.0,76.0
9987,STU_09988,1.8,0.1,0.3,6.0,3.0,63.0
9988,STU_09989,3.0,0.4,1.7,7.9,2.0,70.0
9989,STU_09990,3.3,0.6,0.0,7.6,2.0,69.0
9990,STU_09991,6.7,0.2,1.4,7.3,3.0,89.0
9991,STU_09992,4.8,0.9,1.9,5.8,6.0,71.0
9992,STU_09993,5.5,6.0,1.6,4.9,4.010084804033921,76.0
9993,STU_09994,2.3,1.1,0.9,7.5,3.0,67.0
9994,STU_09995,6.3,2.0,0.2,7.6,4.0,91.0
9995,STU_09996,6.5,1.7,1.7,7.0,6.0,89.0
9996,STU_09997,1.5,2.8,2.2,8.1,4.0,65.0
9997,STU_09998,3.4,0.4,0.7,7.2,3.0,67.0
9998,STU_09999,5.2,2.1,1.6,8.3,3.0,80.0
9999,STU_10000,5.5,3.2,2.5,6.8,5.0,90.0
